factor,folder,nd,ic,lambda,lambda_short,lambda_long,ssm,gamma,share,share_ic,resid_mean,r1,r2,r3,r4,r5,r6,r7,r8,r9,r10,c1,c2,c3,c4,c5,c6,c7,c8,c9,c10,gsd1,gsd2,gsd3,gsd4,gsd5,gsd6,gsd7,gsd8,gsd9,gsd10
hm100/microcapm_active_buy_volume_ratio_capm_abs_residual_mean_corr_microcapm_price_log_return_3s_capm_cooks_distance_mean,hm100,1217,0.026285838249345096,0.5963047774370933,0.13726408268265003,1.0,0.13726408268265003,0.9636363636363636,0.3733908009421106,0.3733908009421106,0.00012744030592175214,-4.651277561698676,-13.462361308100343,-7.649785310974552,-4.063213980158192,-1.8475335570429667,0.36542835640171145,3.9119163799693406,6.691256275395755,10.51471488475378,21.378712582952616,0.0012289298700291914,0.0048839949990913,0.002397920402689659,0.0010342527911588856,0.00022220709648826772,-0.00014920645362398712,5.7829244656182776e-05,0.0008116320055673962,0.0034256739475257204,0.012245164039840736,510.36593603736185,546.8931479290402,546.9591074464129,545.2001069914606,541.3650539281272,539.7837245860343,538.5037644898711,530.5706838452492,506.5152531957827,443.81169192621405
hm100/microcapm_active_buy_volume_ratio_capm_abs_residual_mean_corr_microcapm_price_log_return_3s_rolling_alpha_mean,hm100,1217,0.0257749025869033,0.3616010556325477,1.0,-0.9079001392075172,-0.9079001392075172,0.40606060606060607,0.8077552438506608,0.8077552438506608,0.00025325939631999503,-32.475953546811056,-13.172255455158862,1.6776454165858812,9.09877093710388,12.749399425575302,13.309787868737994,14.37006226849731,9.633329906106198,3.594723367720412,-7.5941150656781895,0.015457049421659323,0.0062193796296338985,0.0004830923803116151,-0.0009976560118100369,-0.0005466243009156702,0.0006275375272417336,0.0020828744899788116,0.002399988979790658,0.0014432639894292282,-0.0016472629147363147,587.077153845094,574.5624996014095,538.0597165147681,517.5881416694225,502.0577314247405,493.6160182646893,492.8944758446301,498.4929281764799,512.9974468508381,524.3214502968707
hm100/microcapm_active_buy_volume_ratio_capm_abs_residual_mean_curvature,hm100,1212,0.05514455278293771,0.964165231267611,0.9999999999999999,0.32746554829526425,0.32746554829526425,0.9151515151515152,0.6226714393815006,0.6226714393815006,0.0005682123130294968,-62.40568017532367,-21.765570485166485,-2.9297696029761866,4.796114322146351,10.283849686911898,17.20437871090194,18.155536160411398,17.904135162883904,16.648851181341495,18.671626735233566,0.023614904084967293,0.008746271337341098,0.0019258051080547536,3.275587022643461e-05,-0.0003366079240170625,0.000775558720243819,0.002237147294172488,0.0032890102714998913,0.00513366980874643,0.00915782589867296,639.8917629231818,577.6507903972775,541.4849677734494,522.00998401902,507.7493252929783,505.1508532743975,510.41260780630796,498.7182320178717,479.7898895566561,480.9635633497751
hm100/microcapm_active_buy_volume_ratio_capm_residual_zscore_mean_corr_microcapm_large_trade_direction_v2_capm_residual_mean,hm100,1217,0.08587383680692241,1.0,0.9999999999999999,1.0,0.9999999999999999,1.0,0.5471149148221899,0.5471149148221899,0.0009555797936642424,-60.5516205871485,-32.724996537967485,-15.236196291417626,-2.3565822482845173,9.774191098083644,14.965242422497079,19.080850590467445,23.3764791218277,25.973634630505853,28.270289257000595,0.026009001640798605,0.01319932002426464,0.005828972394512925,0.001540222867812993,-0.00011747197473162694,0.0005733929733089102,0.0028194843946124796,0.006590382343456765,0.010966807404660706,0.0175081449445617,721.7448613396446,617.013338361099,571.1556953036974,535.4653681554248,509.85780863451083,480.38768620675,458.1497550557271,437.5716215211673,418.51898209597675,400.1555232901022
hm100/microcapm_active_buy_volume_ratio_capm_residual_zscore_mean_max_range_product,hm100,1180,-0.07623888094390882,-1.0,-1.0,-1.0000000000000002,-1.0000000000000002,-1.0,0.4867417166720977,0.5132582833279024,-0.0008269043523931222,45.78127387308683,28.62877079514301,23.49077915381931,16.622629782749605,10.531116485734701,5.356602083659642,-3.0155512344976354,-10.987261223445351,-26.863743940444476,-49.26515141768728,-0.01813001414556651,-0.010811500893983009,-0.005780047519908168,-0.0017910066406663665,-0.0001935857436663745,-0.0001517653258083941,-0.0015401349360935738,-0.004652298121146727,-0.010819522284721316,-0.021542100979955323,534.0640422592982,431.8252743301147,452.5302736851644,479.230351088025,496.10765403853605,518.8565462909144,531.8834398829187,555.5211132950742,588.9958786920781,651.5054278636261
hm100/microcapm_active_buy_volume_ratio_capm_residual_zscore_mean_std,hm100,1217,0.04962788660170236,0.9999999999999999,1.0,0.9999999999999999,0.9999999999999999,1.0,0.5017830421047053,0.5017830421047053,0.0006705107425881658,-38.79829444451384,-20.372279132937884,-11.477367029314292,-4.063328550626807,1.5181075950403327,6.746635594733324,13.206472745556567,18.750132776188373,20.517672175605323,24.507884327696125,0.013628295686099474,0.006472150585884635,0.003197957866250374,0.0011336397629652687,0.00013393709085001245,9.532637062272124e-05,0.0012016108388312474,0.003621023336784822,0.0066086663873964335,0.012864767933429173,655.4232616627155,579.9025732625124,549.072491148953,531.7004791227588,517.5361141009678,508.02524964538657,496.3979245375073,480.95751229118736,462.8121052399482,433.0626371906163
hm100/microcapm_active_buy_volume_ratio_rolling_alpha_mean_period_ratio,hm100,1215,-0.04082816686969273,-0.27027322737939297,-1.0,0.1658861899767485,-1.0,-0.8424242424242424,0.5629607637220491,0.43703923627795077,-0.0001982039002464206,20.80023502412158,19.87560628083627,19.875597811721065,15.64730337917345,9.483800259687143,-9.719865870929969,-26.665152547926024,-31.01578099226526,-18.27766888495187,-1.2493234123461432,-0.00859332120499419,-0.006754094564077389,-0.004896089161562391,-0.00229915693421358,-0.00033041311843050303,-0.0005286406342987606,-0.0035646467463501205,-0.0066038476569135075,-0.005682086973700039,-0.0013776659749057925,473.67922665920736,468.91989185030604,469.5708787324976,479.4147274898399,516.1674378310181,559.2933174549721,602.0454639962269,606.2232498214408,570.3461877493504,535.2843801385518
hm100/microcapm_active_buy_volume_ratio_rolling_beta_mean_p5,hm100,1217,0.05137368872511224,0.7201896885104939,0.32049821521104244,1.0,0.32049821521104244,0.9272727272727272,0.4138008163918422,0.4138008163918422,0.0003842944529299166,-12.436830300948603,-20.037638055836908,-19.30887925851102,-12.91314874805005,-5.266737818084711,1.8256772503399483,10.562174235484564,17.40105848763708,24.305414006568427,26.689843339357523,0.005453683660033616,0.007337178092497731,0.005374946039126428,0.002457129977300174,0.0004765152081966116,-0.000134370937562018,0.0009477511367815757,0.0037894262029660106,0.008813328392984291,0.016473806499857885,560.0994580390474,577.6208976351379,582.926710483492,574.2321137830421,557.614708883316,536.5603322986947,511.3936031793175,480.65527611589465,447.2734226552602,400.39260939038456
hm100/microcapm_active_buy_volume_ratio_rolling_residual_std_mean_autocorr1,hm100,1217,-0.08139850090554059,-1.0,-1.0,-1.0,-1.0,-1.0,0.4036244202104241,0.5963755797895759,-0.0013485542945591107,27.816995493595268,25.232116033969042,21.51764795695906,17.970961857532284,15.08238745638367,11.833972713309468,5.102313879554206,-3.8017416662957215,-25.160011887533358,-86.66375016087422,-0.015331417627415925,-0.008956240920952895,-0.004999905731546394,-0.0023813554742174356,-0.000641193534600145,0.00041660240415146346,0.00020279022585508577,-0.0021981534846930418,-0.010638374545291446,-0.035522697922270724,426.02607986143494,454.15044228044957,467.9170029413492,474.4819646644263,482.63535620842754,493.40364959835586,506.83114493925177,537.570687890929,593.9846984145361,742.1786175702204
hm100/microcapm_active_buy_volume_ratio_rolling_residual_std_mean_corr_microcapm_large_trade_direction_v2_capm_abs_residual_mean,hm100,1217,-0.06366930450805389,-1.0,-1.0,-1.0,-1.0,-1.0,0.4145965871751537,0.5854034128248463,-0.0005251590214000527,23.495094555952864,19.59243541650863,18.466323879145854,16.503848364129546,14.31757054977539,11.301261235386646,3.9957849184986243,-5.469758157652973,-24.761399426341384,-67.12585108731082,-0.012117911689829059,-0.007216999311273849,-0.004281895131688443,-0.002038184334472946,-0.0005243567515937825,0.00028973200927107995,-0.0001592410088290325,-0.0027302974431215165,-0.009875247127984245,-0.02448974469713208,486.45642086615334,469.77485525527675,479.0336638094939,489.10533798079484,496.0811774186626,511.94001013082885,524.7851046918202,550.0633304019898,589.9414358554386,637.2217091773836
hm100/microcapm_book_imbalance10_innovation_capm_abs_residual_mean_corr_microcapm_price_log_return_3s_capm_leverage_mean,hm100,1217,-0.035648314450116826,-0.8427680418859477,0.05293845748986358,-1.0,-1.0,-0.8666666666666667,0.37723089591963693,0.622769104080363,-0.0007283921519976906,8.045116780370796,10.190370534871377,11.682178096408137,10.086803872237763,8.410836950429118,6.298906086826571,4.010105747756659,-1.2129256475572328,-7.613235952043906,-30.944400113039574,-0.0041581448081578236,-0.004160474792244378,-0.0029857587257826105,-0.0015209538714003436,-0.0003475413763784391,0.00021389510590782615,-7.747439153152165e-05,-0.0014135000380610175,-0.0044408154914699245,-0.016029153909000917,471.4642638779195,461.62072675250624,473.4619881422963,485.33103183931036,499.6998624100668,512.4346922155297,535.5569064919526,548.1134711265745,568.6134782428065,606.9068263306647
hm100/microcapm_book_imbalance10_innovation_capm_abs_residual_mean_corr_microcapm_price_log_return_3s_rolling_alpha_mean,hm100,1217,-0.03345694966214054,-0.3949086965061203,0.8785604346889868,-1.0,-1.0,-0.503030303030303,0.22793283021594782,0.7720671697840522,-0.0003153865573312384,-7.010606481293438,9.904512331733693,12.939562021077956,14.637172871955666,13.237751875929773,11.697112358493532,8.753221553759955,0.8757189916034397,-10.79267317975022,-35.26715645079792,0.003004188800573112,-0.0038311020681816633,-0.003660222690165038,-0.002372336724160844,-0.0006945775943251994,0.0005284816634531215,0.0008923882293795958,-0.0008020415183079228,-0.005883995222728868,-0.020322345980345654,523.5675194713073,485.9779277363827,475.5830309233835,476.63058677677645,482.731541241235,495.34192119274405,509.2152981659586,530.6973230526038,565.1441577592759,611.3159626107981
hm100/microcapm_book_imbalance10_innovation_capm_abs_residual_mean_curvature,hm100,1216,-0.02645101618177266,-1.0,-1.0,-1.0,-1.0,-1.0,0.317256239050133,0.6827437609498669,-0.0003349421763151959,17.963858823865657,13.167690282139054,11.873347337588928,9.536424360560646,8.11737736132868,3.3477319526723517,1.9223665896508362,-1.2331641211497906,-9.603387417992861,-29.8626696910409,-0.000343029901930501,-0.003418662939073052,-0.002746619250328165,-0.0013609842335295334,-0.0004161910928651227,0.00017998151453509125,0.00022975623369329365,-0.0006618961324619095,-0.0037381397664567966,-0.013840288437040757,617.8423600328086,516.3385740070252,497.7748481321359,498.36125058133644,497.7036096902508,503.67049685788993,512.5467981093773,525.0267869058398,536.6334113417643,579.0549653026211
hm100/microcapm_book_imbalance10_innovation_capm_abs_residual_mean_lz_complexity,hm100,1216,0.05038833084481099,1.0,1.0,1.0,1.0,1.0,0.557857854258546,0.557857854258546,0.0006566582683530563,-22.195881901446946,-12.168075727983663,-2.8104147523298484,1.1634278774335043,4.359410970554138,8.084383163206383,8.650789530088986,11.2349856098178,12.815474914767853,16.40489396397118,0.01856125405314782,0.006317781684340863,0.0023727423281096893,0.0005401621130047958,-4.873602641176494e-05,0.0003236868972475328,0.001448722816026117,0.0035609612557290183,0.006435038242287045,0.010220059212976819,704.1380387536207,556.698492677752,542.3669649134275,525.8791062244919,516.9687605418006,503.6189652068983,490.70573976278416,477.802646065656,461.3839877421556,478.74490702983564
hm100/microcapm_book_imbalance10_innovation_capm_abs_residual_mean_mean,hm100,1217,-0.05575409394263552,-0.8135152662031941,0.31688931074662746,-1.0,-1.0,-0.806060606060606,0.42022569318019615,0.5797743068198038,-0.0005981912602970626,8.967534942555462,14.331543000607951,13.756954403555653,14.00599077926793,11.668921865952154,9.36857779932459,3.2839624044425886,-3.4028233368497496,-13.097540621101357,-40.0048098041191,-0.009271077967490883,-0.00715309701065956,-0.004226070109541108,-0.002073859050464555,-0.0004538232995090133,0.0002290594662691559,-0.0006418904542732328,-0.0032364128572758668,-0.008370962996650091,-0.0199577684027433,348.1527162288435,387.75938193300675,413.05945700779876,437.3900308472709,460.96406798950227,486.5022976680034,520.3701103762603,558.9004037547651,615.255737560841,749.1062725850005
hm100/microcapm_book_imbalance10_innovation_capm_cooks_distance_mean_corr_microcapm_price_log_return_3s_rolling_alpha_mean,hm100,1217,-0.03488592576136906,-0.6936286405625902,0.6128351243333906,-1.0,-1.0,-0.7090909090909091,0.2886939221998676,0.7113060778001324,-0.0005341253892005766,3.1819353996872173,10.429746195607821,12.475960953038744,11.622556091945619,10.244908197852205,10.104325476373113,5.917156660534474,1.1004188877029264,-7.2243249764497035,-38.90164788148568,-0.0007660686530282318,-0.0036586288992942802,-0.003174492495245281,-0.001793869520492905,-0.0005240964160074784,0.0004582047288000399,0.0006129791029840046,-0.0005990439406044201,-0.004464600059161479,-0.020442184220118405,538.6145014064128,494.7502759378541,487.7095931299097,482.42703831379873,485.8271637911843,492.9277374774685,505.3758181236654,524.1386713720551,549.4586077549699,608.214429422153
hm100/microcapm_book_imbalance10_innovation_capm_cooks_distance_mean_p25,hm100,1217,-0.07051488582937208,-0.9385724941209567,-0.489948848109022,-1.0,-1.0,-0.9636363636363636,0.44601898018987746,0.5539810198101225,-0.0008574847883568735,17.00388623342889,19.157936385131347,18.505562399632215,15.645429443531887,12.865578196350814,8.941086978890514,2.48340953288408,-8.183812660815253,-18.74418598724056,-48.821095406749784,-0.013174733201645084,-0.009616127406745624,-0.0054772058287540434,-0.0023344352617524658,-0.00046602127609366394,8.04395484534708e-05,-0.0010570255459260887,-0.004591944806940325,-0.01016062918043418,-0.022859718081177136,353.26621307149753,381.61104995684246,408.10737880783023,435.7929861019696,461.3549563061564,496.2248092597785,525.1729480119598,564.7796083582558,615.7575915523452,741.2235294390509
hm100/microcapm_book_imbalance10_innovation_capm_residual_rank_mean_lz_complexity,hm100,1216,-0.04459459665148072,-1.0,-0.9999999999999999,-0.9999999999999998,-0.9999999999999999,-1.0,0.5511192781149391,0.44888072188506084,-0.00035720421803559415,35.27000941712869,16.875827878373254,10.973112715842298,4.68540979456279,1.289205319609639,-3.065257531252873,-5.569488108929877,-9.00788369851262,-12.720270172910318,-13.065203615767203,-0.012582643162465924,-0.007902026542043956,-0.0032832465772580726,-0.0006954744466938046,8.331094485423194e-05,-0.0003277455160243483,-0.0015359660564212578,-0.0034906461530736926,-0.005779344413571307,-0.008723610510746953,563.0040171883036,442.1547914169432,469.85787489289885,491.28405652726025,516.3651171351028,532.9170196153658,547.4532554854129,555.5983109621428,557.0575732149913,586.9826109194779
hm100/microcapm_book_imbalance10_innovation_rolling_alpha_mean_corr_microcapm_price_log_return_3s_capm_residual_mean,hm100,1217,-0.05186249170827776,-0.9196162296148422,0.535636110940504,-1.0,-1.0,-0.7454545454545455,0.36417996780250483,0.6358200321974952,-0.0010863131084410344,10.732840006877991,11.626485567526453,13.74095833467758,13.53224045406582,12.831327781256526,11.289722077674389,7.300221510406241,3.9038776934860437,-7.953167539510534,-58.094845521969376,-0.006510356525141734,-0.005569111434931702,-0.003913244079607603,-0.001987074101034988,-0.000511880946906733,0.0003498139702972711,0.00028942815018791353,-0.0009289949253883726,-0.005793451427562372,-0.02620130727974837,453.9645860318567,431.47757670923977,444.82636726578596,460.9640260384808,478.2485794984722,494.98904365683524,514.0848202027388,540.3243593827191,579.4721959072201,699.4594277842173
hm100/microcapm_book_imbalance10_innovation_rolling_alpha_mean_corr_microcapm_price_log_return_3s_capm_residual_zscore_mean,hm100,1217,-0.05309882082570224,-0.9203248673196952,0.8350458376005234,-1.0,-1.0,-0.7090909090909091,0.36494624773301976,0.6350537522669802,-0.0010914091783818104,10.626705710243565,12.510054397378857,12.7234445894228,13.662411863584593,13.38952910744043,12.457765862553273,7.913779131057914,4.365596617223131,-9.232599282367994,-59.503980460192814,-0.00693528356169247,-0.00590316845918934,-0.0037048606508179797,-0.0019349499452971553,-0.0005016471179992245,0.0003982405566398366,0.0003562064189351273,-0.0008323621974153106,-0.006090209939910179,-0.026859376750573826,446.35951686288433,427.78305477325125,441.69154042907036,461.6366593531071,478.1046045743081,494.51428366626885,513.628088489926,540.5369733632182,581.1645766569123,704.4891985226337
hm100/microcapm_book_imbalance10_innovation_rolling_residual_std_mean_corr_microcapm_large_trade_direction_v2_rolling_residual_std_mean,hm100,1217,0.06892494262068007,0.9999999999999998,0.9999999999999999,1.0,0.9999999999999999,1.0,0.5554145394792614,0.5554145394792614,0.0006541987580562326,-55.133463765767,-28.145254732343897,-11.199469339649612,0.2708028219325666,6.652707688300442,13.004447423801443,15.956577642842694,19.787938937977483,23.52706920040566,26.532338676458483,0.022196213056534457,0.011136606674904431,0.003974716915712169,0.0007401635368414673,-0.0001291364216266455,0.00047033701910573146,0.0021765949643689974,0.004817115343964709,0.008568885395291848,0.014319247377526765,665.2842348610485,603.6929894532453,561.0952121727884,532.1494956639169,513.0584555662967,495.34807768873986,478.9245403989873,465.0912092661893,452.02563941721417,430.29517197060716
hm100/microcapm_large_trade_direction_v2_capm_abs_residual_mean_corr_microcapm_price_log_return_3s_rolling_alpha_mean,hm100,1217,0.023562394884114726,0.4450460816556943,1.0,-1.0,-1.0,0.3939393939393939,0.7297189264628818,0.7297189264628818,0.00014670729031413638,-25.85661437289257,-14.100447510922839,0.08624044795284598,8.890358903588693,9.924165667276815,11.763122948197685,11.380168220581918,9.538031359465311,2.25016865797424,-2.6843198693365498,0.011301855083827108,0.005964743051520548,0.0009104297701658707,-0.0007304959532835367,-0.0003596615388916294,0.0004932596106969529,0.0015088154737459526,0.002071325041367994,0.0008577656009082519,0.0013976514537430438,565.2553654296322,570.6600809318344,542.070950039402,525.1253144990488,512.5086300128987,503.91136488856085,500.44333535732716,505.5565423443286,517.0694072568059,505.3651816702428
hm100/microcapm_large_trade_direction_v2_capm_abs_residual_mean_p5,hm100,1217,0.07224884843604233,1.0,1.0,1.0,1.0,1.0,0.5624474321967848,0.5624474321967848,0.0009092671097373376,-58.57383658514718,-27.094343529814093,-12.452952098355928,-1.180504824777652,7.808874550811945,13.657165345324058,18.736515709089144,21.72762558664541,23.421689785620114,24.848140899193442,0.023472083311846744,0.01127678379190289,0.0046050175201326655,0.0009406586958691141,-0.00016977898877739708,0.0005415801571819512,0.0025858840350333565,0.0053544219412718875,0.009086804857021501,0.013646126004822404,691.0957981136644,608.0904288259271,558.3234906592972,523.4828435287984,497.1376503867375,479.84238152967777,464.7623877709875,454.68971780091096,441.29023211020655,451.36766323719235
hm100/microcapm_large_trade_direction_v2_capm_residual_mean_corr_microcapm_large_trade_direction_v2_capm_residual_rank_mean,hm100,1217,0.034427537008021585,1.0,1.0,1.0,1.0,1.0,0.42266299192076634,0.42266299192076634,0.0005707675017553194,-26.465250367451784,-16.31027171830164,-10.751424173177863,-4.752303879920414,1.0442447630975864,3.7635221284825175,8.170753139585948,12.70403046526052,17.262379468498946,25.854934042232045,0.006188934938535934,0.003971304890513884,0.0026476088233278842,0.0012589807318958753,0.00024317411201671283,-9.136270787693361e-05,0.00024995056542987906,0.0017267710999854793,0.004714342898316208,0.012947064154121397,622.0704446610944,556.7474295200258,546.0283487151386,539.0965082739294,533.5289401350357,523.632118366568,512.9537258453064,500.01799002335946,479.484286885842,434.2689133862951
hm100/microcapm_large_trade_direction_v2_rolling_alpha_mean_corr_microcapm_large_trade_direction_v2_capm_abs_residual_mean,hm100,1217,0.018009992139587906,0.03104841480952672,-0.11325311202539362,0.3492717518261559,-0.11325311202539362,0.7333333333333333,0.40458767736023676,0.40458767736023676,5.324697544962048e-05,3.9373790540997673,-12.597181749157018,-5.369264878812832,-0.9484336768388489,0.5732016775191057,3.498303815062033,6.202178872093116,4.839819838779116,5.2145910228028,5.092177198108669,-0.0002945231754405542,0.004541762031258915,0.0021545551746201155,0.0007138441633962633,0.0001494396250736196,1.7081883300008956e-05,0.0004055164101094654,0.0008218508227448568,0.0021962992331341926,0.007250918995941371,553.309433919397,540.5073448031266,540.5800962509085,538.0529348098272,534.7231775341954,530.6578672338134,527.9059898562812,518.6532344574206,509.3200268870112,478.5642271994694
hm100/microcapm_large_trade_direction_v2_rolling_alpha_mean_mean,hm100,1217,0.008294371854898822,-0.10857650274195607,-1.0,1.0,-1.0,-0.04242424242424243,-0.6667642361754412,-0.6667642361754412,6.338992467827094e-06,20.94178194455875,11.029656014111277,-1.6196932255674683,-10.912587659728322,-13.891579197933357,-12.64809191003567,-8.230910298217369,1.834232166503926,10.1459166440286,14.118464794601623,-0.008045895424316753,-0.0022267488952377678,0.0017437486999125008,0.0021560749400722284,0.000846656778654039,-0.0007571325356383261,-0.0014080371603355563,0.0001797492934116765,0.004340572827476999,0.011459044338431945,509.3931998484117,509.96299657218555,539.6382246993975,556.2291085504037,566.480021762063,564.0576277472036,544.1183921165134,520.0655110380235,487.6894362241003,449.490940337282
hm100/microcapm_large_trade_direction_v2_rolling_beta_mean_mean,hm100,1217,0.07739390357971855,1.0,1.0,1.0,1.0,1.0,0.5218480473083857,0.5218480473083857,0.0003702424076072261,-51.315733109743086,-39.64138649935363,-16.950091524788075,-2.107998941078416,5.826837919984627,14.845188742037339,19.25489165557668,25.158078908047063,26.727213133426538,29.085106600602053,0.018638355644415263,0.014037325365299115,0.005938191479417191,0.0015123971007760637,6.837758930138579e-05,0.00042395814457226296,0.0023361491058730643,0.005851186066212695,0.010518584372172322,0.017699136304071952,669.3870038758141,626.0342708972242,578.9166843031215,547.4669835679355,519.6354060414359,497.0034569769229,474.15169955149423,454.2007142421345,426.27404277766874,393.7305629328013
hm100/microcapm_large_trade_direction_v2_rolling_corr_market_mean_mean,hm100,1217,0.0767347594026032,1.0,1.0,1.0,1.0,1.0,0.5189012029647594,0.5189012029647594,0.00042669250635975073,-49.8983994317632,-38.666428822132104,-16.65558722959105,-1.512400611248639,4.885383225700012,13.713850496367645,20.234232647170735,24.43493756129526,26.13587318326,28.208016775440182,0.018241127849379233,0.01390828427737309,0.005855459988688408,0.0015041536084760812,8.732198445926587e-05,0.0003711070102605657,0.0023468373130293685,0.005854012429009382,0.01034210089271233,0.017797661542855746,668.7462944886846,625.4341234055813,580.2845069245917,548.5289518290801,520.3925257095838,498.324044710987,475.6212837889712,453.60352813930007,425.7759722095446,388.9111745114365
hm100/microcapm_large_trade_direction_v2_rolling_residual_std_mean_corr_microcapm_price_log_return_3s_rolling_residual_std_mean,hm100,1217,0.07825091117764672,1.0000000000000002,0.9999999999999999,1.0,0.9999999999999999,1.0,0.5678643443774505,0.5678643443774505,0.000684533231387495,-61.72538150574595,-32.713711675795025,-10.806947891427594,2.7489811878295494,10.05034928160657,14.8887424788974,18.268253799532445,21.48889968796101,22.78394856890287,26.292714219755112,0.026713182965568013,0.012878233713635105,0.004195518926146053,0.0004984909597463343,-0.00023824620690948118,0.0005823110362485637,0.00252526455564791,0.00546099182439675,0.009177614005129772,0.0157730161666502,669.8675263024635,617.9539498746133,569.1766096886325,537.7291627172864,513.714038219859,494.0536888918522,475.42839362156457,457.82248678769065,435.8028451996765,404.5892339384595
hm100/microcapm_large_trade_direction_v2_rolling_residual_std_mean_lz_complexity,hm100,1188,0.06184167352684148,0.6492891810404334,0.5036155016848637,1.0,0.5036155016848637,0.9878787878787879,0.48173076682555316,0.48173076682555316,0.0003252816844174566,-24.78385329829608,-40.36036664669,-9.830903799777152,0.11918762542628526,6.822990231584438,11.688540442592311,16.85530539100074,21.644317034261004,27.875462982655577,32.891365421489525,0.010222430849123613,0.012850508548772403,0.004877245919438415,0.0015148120937202789,0.00016934120353735864,9.808932972093883e-05,0.0014045561785154528,0.004264924908321253,0.009524974319989273,0.016589508491284908,648.7300258732727,644.4482724914213,575.5505082439315,539.9413013455345,522.9136385653995,507.63934064887445,487.54191540108184,467.14547080425564,443.0309196224438,416.6102336958406
hm100/microcapm_microprice_pressure_bps_capm_abs_residual_mean_corr_microcapm_order_gap_magnitude_rolling_residual_std_mean,hm100,1217,-0.030801857341973153,-0.5656416068577964,-1.0,-0.02958866524933379,-1.0,-0.9272727272727272,0.6512409792997315,0.3487590207002686,-7.959476452545821e-05,19.740242380773676,15.334204701151167,11.899228857779665,6.15019269445116,2.6082955375896835,-4.438519097787996,-7.9577881073198355,-12.691869122405855,-14.52427242983344,-5.018214638738764,-0.012031106778277552,-0.005652340705875166,-0.0022425391772667945,-0.0002463303204739337,0.00016472061465293706,-0.000437156754765697,-0.001915594316945523,-0.0038166658691860104,-0.0053198483153648855,0.0007745990460549619,432.8052943354763,466.99641282583667,493.6408498108246,513.8808638930359,533.8921949450158,550.0118065625612,565.119345606775,574.6984815374559,577.8004765599734,524.8174690945908
hm100/microcapm_microprice_pressure_bps_capm_abs_residual_mean_kurt,hm100,1217,-0.044607335713672924,-0.612026134072438,1.0,-1.0,-1.0,-0.5757575757575758,0.3344527883294135,0.6655472116705867,-0.0005754744808882957,1.9381107357261298,11.389155324578397,15.965317838937095,16.49377054882978,17.342401338089815,14.881718931935517,5.710557916188217,-2.212100207645711,-15.91547335786964,-46.66221652061176,-0.0025133178243277403,-0.004870260627477199,-0.004255867288803282,-0.0023928929748709433,-0.0006942400491594431,0.00043997405112796627,-0.00013206268086126432,-0.002141812214382146,-0.0074425395759524175,-0.020028842048078106,407.7263298334557,424.07493256321953,442.18565810916664,460.17776361524915,485.3815930566606,509.0250314998412,534.807348207118,565.7746452524775,602.979825045315,658.008212246525
hm100/microcapm_microprice_pressure_bps_rolling_corr_market_mean_median,hm100,1217,0.021645382035533504,0.5295739807631868,0.07723530939401814,1.0,0.07723530939401814,0.9151515151515152,0.3754423083186072,0.3754423083186072,8.570198982862852e-07,-1.829161878826679,-8.522903862174845,-9.318801372888888,-3.4962062185640397,-0.57539777306387,3.2214547281086374,5.2272413513287885,8.527670307549807,10.738514724901743,15.033503191385147,0.00017426917109319675,0.003680942469982966,0.0028791053575913045,0.0011577218840776319,0.00023423155158482927,-6.564680943904495e-05,0.00020576118229522863,0.0015169897397242095,0.003737833849671261,0.008123316619053652,532.3664327475167,571.2078047088033,568.0572634032995,559.6042440299536,541.7981753304615,524.2580112710405,504.0306680753589,479.8980053709381,451.8158384164703,419.4199504974001
hm100/microcapm_microprice_pressure_bps_rolling_corr_market_mean_p75,hm100,1217,0.05325633194126884,0.9347591153463893,1.0,0.5809839879130305,0.5809839879130305,0.9636363636363636,0.5528897630469124,0.5528897630469124,0.0006078488283136342,-36.273784854450504,-14.522746452832108,-4.58580773307612,0.09603389452429867,7.066638124954819,9.585604543273814,11.994641901551594,14.929809123313815,16.270864338762483,14.499036843552515,0.017841221426161,0.007536933243867464,0.0029171700850866723,0.0008850341055763715,-7.155150759040655e-05,0.0003237215511073534,0.0017149288250947227,0.004055507663574856,0.007072193887706235,0.010373323832370801,697.2508186464144,613.2380618185879,564.6270411285747,529.844440390094,504.79975761034945,476.2622240139669,454.28440385005854,432.5951313883538,412.0950601456997,379.6032076418298
hm100/microcapm_near3_depth_share_rolling_residual_std_mean_corr_microcapm_price_log_return_3s_capm_abs_residual_mean,hm100,1217,-0.04611067089109684,-0.9978810033970403,-0.977463077261882,-1.0,-1.0,-0.9757575757575757,0.39054924397141383,0.6094507560285861,-0.0007914170671439952,13.84567802496548,13.8701903979503,12.312867204569315,12.343634406655555,9.050547457534812,6.273861462823638,2.2698763330358576,-1.8027117002888344,-11.046865383304828,-38.21899991007732,-0.006288599809355482,-0.005610598505899536,-0.0035014846262438806,-0.001871663213875537,-0.00042705416291895676,0.00022195440116313001,-0.0001684776277771359,-0.0017400222378022724,-0.005996172363072538,-0.01993713567817065,521.7755368185899,475.830498999682,477.6759195215449,484.33716892592014,489.2522587069484,501.24865398150564,513.2289485029046,533.3851966689855,555.202201930788,612.1457136131904
hm100/microcapm_observable_ratio_innovation_capm_abs_residual_mean_lz_complexity,hm100,1209,0.059579987632290304,0.9999999999999999,1.0,1.0,1.0,1.0,0.5617386761544853,0.5617386761544853,0.0007576908657931694,-31.64475432073485,-19.572208063822007,-7.425056963939189,-0.19014288708824637,4.430910099746838,8.500481698504503,11.956951987103961,14.521729620770689,17.674838783851627,21.505807669583206,0.02091015070968478,0.008622414523148764,0.0030364145633894404,0.0005826364583244301,-0.00010885714056911514,0.0003879055615493125,0.0018591751436828209,0.004309441098361901,0.00776534308407909,0.011457672764845599,738.2560661111422,580.7486739520343,547.4869141751948,527.3996347155393,506.56403419856133,490.1252847185528,473.61634585217314,459.4371383501925,443.4984418569777,466.28021846528316
hm100/microcapm_observable_ratio_innovation_capm_residual_rank_mean_corr_microcapm_book_imbalance10_innovation_capm_residual_rank_mean,hm100,1210,-0.05331495177237991,-0.7755772935550949,-0.275434980969843,-1.0,-1.0,-0.9636363636363636,0.44433822395233535,0.5556617760476646,-0.000601420884109998,15.869904986094873,24.41097627561643,19.192560422433065,14.398164194616943,9.376326780400325,4.691527105321683,-1.2723518139933079,-9.859240335529162,-20.18192817147642,-43.163880495985865,-0.009489615346988238,-0.007857524334032213,-0.0041053372891074235,-0.0016442952360428598,-0.00032586448697969483,4.193025513607994e-05,-0.0007399412265972942,-0.002959859343810978,-0.007256983955447274,-0.01837603992440003,469.2246846298284,484.22918303950127,493.67230196520376,502.9032220590818,509.78285011644385,517.6522728863048,526.258705214727,533.0997478186723,541.086687565029,576.1706333268241
hm100/microcapm_observable_ratio_innovation_capm_residual_rank_mean_lz_complexity,hm100,1209,-0.04362873374963819,-1.0,-1.0000000000000002,-1.0,-1.0000000000000002,-1.0,0.5418087064837755,0.4581912935162244,-0.0002964033426753022,31.71158933462328,14.447388103278994,10.2514466484636,5.2550210271295,-0.02777511119316935,-2.7765261187487633,-6.037081316611504,-8.792110604104048,-11.662965472668382,-12.617104164140024,-0.011603598548587633,-0.007724858449782259,-0.003362174869679626,-0.0008541138419024858,6.69118232278589e-05,-0.00030314471662798496,-0.001522913085175827,-0.0032630945811459385,-0.005767785292819141,-0.008997558844469865,566.8982152923984,439.4600408430578,468.5710621589323,494.0652779256378,516.8363741455117,535.7760364649758,551.4980354100489,553.6645349417054,552.2927967002564,580.9702356854971
hm100/microcapm_observable_ratio_level_capm_cooks_distance_mean_corr_microcapm_price_log_return_3s_rolling_alpha_mean,hm100,1210,-0.025924635953346584,-0.8936069931866669,-0.5255671121587573,-1.0,-1.0,-0.9636363636363636,0.40856959657557007,0.59143040342443,-0.0003030609539563033,8.060961345853462,9.659366602324749,9.063672822784062,7.4855641410372415,4.519599622278765,2.631942895695651,0.3538993530016641,-1.6718913427071032,-7.819156650470994,-18.789414593518366,-0.004141297097659373,-0.003202683512898829,-0.0019723645088362248,-0.0009719623475822959,-0.00017988909415486535,8.996954843047496e-05,-9.37270769625252e-05,-0.0008863025958415229,-0.003592808986574453,-0.01067050932731064,497.38035724017857,497.86562078361845,506.62010896730146,511.92096675738804,514.954270755461,518.1956651206285,521.5323190285319,526.0639333939677,534.2349173714066,554.1427715974385
hm100/microcapm_order_gap_signed_vw_capm_abs_residual_mean_corr_microcapm_price_log_return_3s_capm_abs_residual_mean,hm100,1217,-0.03213292080927157,-0.6908251414116108,-1.0,-0.26336464649874863,-1.0,-0.9636363636363636,0.5962739622513334,0.40372603774866667,-0.00016897461069532275,20.217094351829388,13.935235211178936,10.753565026787133,6.244876196576869,1.2094881631361085,-3.013302463262452,-5.360225409689552,-11.81809726813726,-13.626922570001353,-7.438394324476047,-0.01141512499327752,-0.00504858754062671,-0.0022165538380418807,-0.00046544943485051513,8.644695778312288e-05,-0.00031130455350350387,-0.0013665682469894181,-0.0034993858294199327,-0.00563775509181479,-0.002089663627835098,460.08302149748755,492.08711944772665,505.9601644798573,518.554018312137,525.0682542830134,537.4777959835878,545.7366434974434,555.1854767401611,566.5080725766514,539.845869716534
hm100/microcapm_order_gap_signed_vw_rolling_beta_mean_corr_microcapm_order_gap_magnitude_rolling_beta_mean,hm100,1217,0.02667948350089163,0.9947304253735026,1.0,0.9844389712510931,0.9844389712510931,0.9878787878787879,0.5048445001115534,0.5048445001115534,0.0003068290003600285,-10.19516280785816,-7.4937341465310014,-3.1691477481832617,0.6151742952524617,3.755331262900227,5.863080158135343,5.799105915827124,6.934540017414124,9.313934939020697,13.957498374398247,0.006541337830060206,0.004269743810746501,0.0019716187544411576,0.0005093395795329417,2.2049603154778704e-05,0.00011465913596590978,0.0006304649437581509,0.0014873837765001052,0.003129614120028554,0.007696442946343298,627.3310414874279,593.290998326244,567.3333083028365,549.3524808430191,537.170475790737,523.944649558928,509.6425447482392,499.06171717787976,489.3889514157039,470.6259294109901
hm100/microcapm_order_gap_signed_vw_rolling_beta_mean_p25,hm100,1217,0.04228562963402646,0.4599069437254549,0.21972264066941383,1.0,0.21972264066941383,0.9272727272727272,0.3856698216692903,0.3856698216692903,0.0002139528007064828,-4.418489255567403,-20.799531546828618,-16.592080673481377,-9.418763485731342,4.807168329169263,8.326197459786096,10.958615379368974,13.152207804547894,16.51451333441693,23.479499832378742,0.001078568658289195,0.007169370475989596,0.0051574829025005245,0.0024532360869417525,0.0003671179779134504,-0.00011038418747433153,0.0005406525057473106,0.0027563328570265615,0.007087192492444149,0.015572107063941746,555.2035399155641,611.3741897323475,617.9969646868498,600.135608996762,582.5977574253583,544.7181817968186,507.6073049498483,464.039015794059,422.0550513194011,388.25303753534496
hm100/microcapm_order_gap_signed_vw_rolling_corr_market_mean_cv,hm100,1217,-0.04694603934115334,-1.0,-1.0,-1.0,-1.0,-1.0,0.5059047423199661,0.4940952576800339,-0.0005635066778843822,27.22048313008678,14.542332093812087,12.525921473699306,10.04695230610852,7.651847288678058,2.3915114850348096,-0.9035123684849855,-7.615198936021595,-15.065797141122214,-25.523518896483246,-0.013966234865323453,-0.005643266052470234,-0.0026734635243661903,-0.0010426323955597685,-0.00013954639743883818,-0.00014837112267113077,-0.0009127657461014821,-0.0032182094787993436,-0.006789440511508411,-0.011848602569030085,451.1561002329486,450.8449969570668,474.40427360711914,490.49396555299427,510.8451728300365,526.1547975208135,545.7449328429087,572.8588540187321,613.0991642267318,693.8894842935036
hm100/microcapm_order_gap_signed_vw_rolling_corr_market_mean_mean,hm100,1217,0.03527234306771354,0.6856587552472185,0.39655110932537474,0.9598743161101787,0.39655110932537474,0.9515151515151515,0.44347007327612686,0.44347007327612686,0.0001484471501207215,-6.21890219070342,-11.947496365951107,-8.575796077826762,-2.372733075302492,1.3100879530342777,6.977886332742375,6.706634354557781,7.775114356952814,12.399653238162593,19.955499762006216,0.005441879343014086,0.005462546366750231,0.0032947221292043334,0.0011464689694192119,0.00023077988793006185,4.340534494242768e-05,0.0005433782498796416,0.001830804486195413,0.0052153150342080555,0.011914596106049322,675.6261522428196,613.8587429731384,579.6593926534676,555.1609611756159,538.1996457097923,519.69528573954,494.7312708145876,471.8289697880414,447.49269374475625,430.88542480879846
hm100/microcapm_price_log_return_3s_capm_residual_mean_mean,hm100,1217,-0.021697502250246064,-0.2826010594733875,1.0,-1.0,-1.0,-0.11515151515151516,-0.021225159732459826,1.0212251597324598,-9.960605062133329e-05,-15.905390436649721,8.141636591518425,10.504667214870004,11.793757191208805,13.081120622788312,12.875142252935754,12.419583308194952,8.291422170356645,-3.4620947503518944,-38.74238746321664,0.00791475609919934,-0.0019517012534786776,-0.002713093984554092,-0.002011581838847243,-0.0007799602255972048,0.0007200637012549343,0.0018006945721957073,0.001366459105564431,-0.0032868004576658777,-0.022656731917696078,591.2850160735422,492.2588248128519,467.5517862290135,456.26594084958117,449.37593178154117,455.9560386045824,464.9025633303807,488.6540369804228,528.0571652941434,699.9488553849618
hm100/microcapm_price_log_return_3s_capm_residual_mean_period_diff,hm100,1215,-0.02706797944623826,-0.5096341556549197,0.6829445680323681,-1.0,-1.0,-0.6484848484848484,0.09089265295286303,0.9091073470471368,-0.0003278494184525091,-1.908397645714637,18.235698995746432,20.803151333107042,17.883978903903778,16.524448333071067,11.482468697803245,8.06917427643857,2.5137864620307577,-7.8883241725249835,-49.116339311781715,0.00813180690757487,-0.00316842671268566,-0.004087134510104978,-0.002481091371365037,-0.0008256356719491539,0.0006070206392156313,0.001117022277007652,0.00026635470681634493,-0.004145470416646291,-0.022154575875649105,639.6526425609128,518.4222484449299,480.9979625198775,461.2517440492597,451.49450764797234,449.94025592875914,456.41471551806643,471.65743325273456,501.9865051694398,606.271800932434
hm100/microcapm_price_log_return_3s_capm_residual_mean_period_ratio,hm100,1215,-0.03312430410798287,-1.0000000000000002,-1.0,-1.0,-1.0,-1.0,0.49258217264297394,0.5074178273570261,-0.00037872818131973245,20.39942841041241,18.95077050140831,17.909778186543196,12.307135552704043,6.864542266602233,3.1407346926387487,-1.510943504742924,-5.313581922928172,-12.73775380514777,-23.404287225204673,-0.007537132886307866,-0.004806845584654016,-0.0029565142704150852,-0.0008379930502127394,8.598857188500115e-06,-0.00013468186667126933,-0.0006705126659006647,-0.0015992540870423057,-0.004133838775266249,-0.010077401597381476,499.6097837975906,499.4971193240071,504.53618341755976,509.30260538233574,514.6501287621398,516.2329036983917,510.14113962902877,504.74060785625346,507.66146860488436,521.8325731853388
hm100/microcapm_price_log_return_3s_capm_residual_mean_trend,hm100,1216,-0.02895595274408348,-0.46767422618105103,0.8705066127708454,-1.0,-1.0,-0.7090909090909091,0.21714282919520503,0.7828571708047949,-0.00032391530646346136,3.3934401988983947,14.49647768920576,16.838893504359593,15.051398223506096,27.425964107259333,7.507657182688261,2.1812114254441664,-4.633477268350099,-15.062657684122057,-41.97485902007851,0.0029711194148963425,-0.0028550517258281506,-0.003473101551508435,-0.0021708416982710206,-0.0006893660541165602,0.0004561198880273616,0.0005357880900263192,-0.0007608643435352877,-0.004854936397347164,-0.01779090305996335,605.7181368856643,533.1773569763089,503.6003596250364,485.7012558851124,581.5127839670317,482.6145731431106,477.3431166657411,491.3058014633366,512.7976700193207,586.8147837723934
hm100/microcapm_price_log_return_3s_capm_residual_zscore_mean_corr_microcapm_price_log_return_3s_capm_abs_residual_mean,hm100,1217,-0.020336419751176785,-0.5422619163648336,0.501232058724392,-1.0000000000000002,-1.0000000000000002,-0.7090909090909091,0.3489520501416828,0.6510479498583172,-0.00024395927262512007,1.2187563455704782,7.48051234029299,6.887790906181221,7.915894040849844,6.086639465972635,5.651041187802662,4.7937481771066395,-0.06723188164103193,-4.933522311265777,-16.053186378268972,-0.0022400311991297556,-0.002059374549401872,-0.0014287949111807384,-0.0010173195059180102,-0.0002657851107509602,0.00016355653900345036,0.00025714836804337606,-0.0010083376088011052,-0.002975753861791371,-0.009517768638624672,519.03594877011,506.1716592730749,492.0302944889344,484.4137536123036,486.3359094084282,501.59308622155305,515.075688126572,534.7327659987338,545.7093635615208,582.063705719317
hm100/microcapm_price_log_return_3s_capm_residual_zscore_mean_mean,hm100,1217,-0.021246509652163598,-0.3138348809663366,0.9823971816239065,-1.0,-1.0,-0.22424242424242424,-0.0009105239461554685,1.000910523946155,-0.0001512252510208926,-13.342467610830392,7.835213452963115,9.974608332592506,11.675139778425564,11.452994386392296,13.147203697640922,11.395297055378059,7.164000572197512,-2.5269859755268604,-37.777110474645745,0.006960680497377027,-0.001816238108608721,-0.0025139460422505242,-0.001922169711220767,-0.000689118873698815,0.0007039182879898477,0.001675076935739278,0.0013133361834411967,-0.0027737072974516204,-0.022033116272459588,593.6256325763694,496.6707527055211,470.1090355591521,459.27249368428573,452.4368931094921,458.04146018918254,467.86630458130185,484.14447278338497,524.0584845936016,693.4123131365822
hm100/microcapm_price_log_return_3s_capm_residual_zscore_mean_period_diff,hm100,1215,-0.026755763399523923,-0.5218775455124028,0.5944659345112717,-1.0,-1.0,-0.6484848484848484,0.10904443036361744,0.8909555696363827,-0.0004235318282649128,-1.2471651393718821,18.37603429777438,20.227364245346077,17.653736285622458,14.765564769202884,11.660277406738222,7.568526050181892,2.600020083509604,-6.873411975841522,-48.126681385230604,0.00766717098249611,-0.003523492624121648,-0.0038974596355755824,-0.0023974607107351657,-0.000720141203954516,0.0006052008407023008,0.0010076363983987638,0.00014085320760263232,-0.0037671301447645684,-0.02144740868130734,636.5162139908906,515.1608239831234,482.8191255996755,462.55138876466754,454.8201150818402,451.8750678308397,460.1906538355642,472.6367878511121,501.95245851418946,604.3139625676636
hm100/microcapm_price_log_return_3s_rolling_alpha_mean_corr_microcapm_price_log_return_3s_capm_residual_zscore_mean,hm100,1217,-0.04862703577677219,-0.8066652461350406,0.24769743853507012,-1.0,-1.0,-0.806060606060606,0.3882453418585325,0.6117546581414676,-0.0007808904390343115,9.275436971083886,15.653739545486427,14.547383437439574,14.77881184921966,11.89981269570761,9.441806348253229,4.497453244232852,-1.1712546652423048,-14.103528609737612,-45.88112610168473,-0.00642416640230554,-0.006072559862543535,-0.0037605174586072374,-0.0018886549146607885,-0.00043014441514597465,0.0002654327541683402,-9.767499661387866e-05,-0.0016858772752435314,-0.006549888308686891,-0.02120209445809885,424.81183822591635,438.47902887651503,455.43232288654275,475.63514302470514,491.42025073194395,509.16059020799486,528.3084163780422,551.0726392035101,582.2132588662466,658.7814023971746
hm100/microcapm_price_log_return_3s_rolling_alpha_mean_p95,hm100,1217,-0.05877099358518053,-0.6559101140900301,1.0,-1.0,-1.0,-0.3939393939393939,0.3608805669872967,0.6391194330127034,-0.0009433059880098638,0.8788093891894739,9.753260602412519,14.603537191793306,15.378929654037373,16.024776072699993,14.944788264813589,11.452286662130934,3.763574081699416,-10.986661546778539,-56.86419987778143,-0.007116002065941659,-0.006284744109940062,-0.004461047847396735,-0.002337988536593535,-0.0006691061277592606,0.00045865979030609567,0.000363935099950894,-0.001778472101967688,-0.008069706489658386,-0.02793321520817044,383.5913652416249,406.88951275297626,429.8190744993672,449.35928880099175,467.0707043568844,489.68004846011456,515.6844933494132,548.5762354456895,598.4027347063027,762.4972419723164
hm100/microcapm_spread_bps_capm_cooks_distance_mean_corr_microcapm_price_log_return_3s_rolling_alpha_mean,hm100,1217,-0.01838025890084954,-0.9638365929530411,-0.8843289268583194,-1.0000000000000002,-1.0000000000000002,-0.9878787878787879,0.5227224273501282,0.4772775726498718,-0.00025072234135233257,9.825847034983855,10.200941865566032,7.552908797435915,5.589943078526047,4.090494193698385,1.233327419208505,0.9749339961854548,-4.079983803143019,-6.252554967981075,-10.168404229736248,-0.005139733572949949,-0.002802776352991373,-0.0012371169626700903,-0.0002924059230877803,-4.682545414075687e-06,-9.669917177714213e-05,-0.00041154075811630184,-0.0012883990193013062,-0.0021673125896182442,-0.00468886966357094,504.64378710784774,507.8060657955654,512.96155758646,517.787366647089,520.246617544351,520.7555659093571,526.9608867036859,522.5128656979778,519.7313765533804,533.1684185259998
hm100/microcapm_spread_bps_capm_cooks_distance_mean_cv,hm100,1217,-0.003780841178598739,-0.16227578215458127,1.0,-1.0,-1.0,0.16363636363636364,-1.7125153584970079,2.7125153584970074,-0.0004687121845299576,-14.772068002483927,-10.075687072110442,-0.5124619123566485,10.06697915084385,15.772459626267835,16.700538646862586,15.657871809232144,12.188245017280916,0.8969341643237527,-26.9652020952328,0.0038358044202035377,0.0027374039508230048,0.0005413395906293264,-0.0008591457784482424,-0.0005833304115415971,0.0006051760719263292,0.001778403351893627,0.0017118085769130043,-0.0009668372403548052,-0.012112751526112964,463.2678166768118,499.31055598312577,513.2501726116359,515.5969812261653,509.59895288046835,511.7218276712835,511.2328296019458,521.064688559164,536.2526903616953,583.6759236040207
hm100/microcapm_spread_bps_capm_leverage_mean_corr_microcapm_price_log_return_3s_capm_abs_residual_mean,hm100,1217,0.0006694108717544534,-0.1574409774843776,1.0000000000000002,-1.0000000000000002,-1.0000000000000002,-0.10303030303030303,6.991985606643335,6.991985606643335,-0.00023161924491653824,-12.60197419815375,2.7815608351282783,6.40172978811675,6.7679766696038355,9.173232160610963,9.825140414372179,8.540918504385859,6.373425625569765,2.699161119993663,-20.983456687553552,0.007760849058172494,0.0005669800011471176,-0.0008588903868789736,-0.0007998105580351817,-0.0003691385074897088,0.00041136913109514925,0.0010253695365559348,0.0014269686485849156,0.0004900992738236043,-0.008752766080304359,544.4310502820349,516.8629511155866,504.3202317328894,495.128979530629,497.3195244567472,497.4366726501994,500.97573695344533,508.565755955421,525.7761531081844,586.8744670581643
hm100/microcapm_spread_bps_capm_residual_mean_autocorr1,hm100,1217,0.0711447525477847,1.0,1.0,1.0,1.0,1.0,0.5378878087110736,0.5378878087110736,0.0007984871028160538,-40.069697893549986,-24.24466135262094,-12.393762316179924,-2.1517277727783033,3.04301569734787,10.880195936406148,15.66781112177136,19.915102415825977,23.721960405451384,24.72445176874594,0.022201164495949766,0.010197997426835649,0.004311581437093102,0.0010853628386355684,4.229237268763494e-05,0.0003819205335061282,0.0021169641875750773,0.005170165770312276,0.00986830151886418,0.014970514863509317,651.1470282137869,588.1574999936151,555.964230738099,530.6224245438009,508.3399048624651,492.7918427485006,474.9166663016634,455.78975444950845,431.87175458242746,411.22709703117584
hm100/microcapm_spread_bps_capm_residual_mean_corr_microcapm_microprice_pressure_bps_capm_abs_residual_mean,hm100,1217,-0.018675776509697626,-0.6525581809321369,1.0,-0.9173939964387576,-0.9173939964387576,0.3696969696969697,0.2958493011244149,0.7041506988755852,-0.0006982070610385191,1.4749770830505706,1.4806217802873394,2.653096314036915,3.4064508933799256,5.027402367028149,7.379827424942831,8.901672881831848,8.88728162516682,6.138233126680778,-26.422361894687484,-0.003169694481217339,-0.0009117444135966315,-0.0006766776697045088,-0.00036201561433570805,-0.0001985191784472318,0.00028365628849806747,0.00082327830574553,0.0007600168599425911,-0.001040349427767737,-0.013485520117776107,391.4117007692546,430.1013645531776,451.09605998526445,469.99251875175764,480.55571606519396,494.55452180167265,510.49229208050014,537.4422483258742,580.1861212871778,713.0239899052212
hm100/microcapm_spread_bps_capm_residual_mean_max_range_product,hm100,1216,-0.005145165492462247,-0.5700730381841811,-0.41210959576732925,-0.9533642324932531,-0.9533642324932531,-0.17575757575757575,0.054483049536064955,0.9455169504639351,-4.7462729191299696e-05,9.815299953292556,-1.0018695541024543,0.17861817967200097,2.5037406047290363,3.5015416353811593,3.7672195571687657,3.939824858936254,3.7744560828173013,2.0953023039701,-3.2898411428624215,0.0014638293319703675,-0.0005631674864630486,-0.0005933903751782864,-0.0004042634768961093,-0.00018074638560434988,0.0001480746608856455,0.00029781600161886765,0.0001866496428325848,-0.0009764098966299166,-0.0044760947798067096,657.9290184483951,494.74179864987843,498.60018901679,502.19316228736574,504.9688207027678,508.82428812476627,512.6911000067064,518.0314740554377,529.4310109059569,558.6609879911089
hm100/microcapm_spread_bps_capm_residual_zscore_mean_corr_microcapm_spread_bps_capm_residual_rank_mean,hm100,1217,0.012640410599519094,0.760773570368838,0.9940644267697296,0.7869933518670552,0.7869933518670552,0.6484848484848484,0.38208863406218807,0.38208863406218807,0.0003778595300377423,-9.955825209435783,-0.40684668452903155,3.146729356780962,3.106539852236755,3.5057075682758025,1.5154596394970605,0.11339078105402074,1.7555627811314622,4.3410845489758625,11.875876838924757,0.003552906878249482,0.0008166729407374045,7.280501475945015e-05,0.00014888614056123836,9.411041394837847e-05,-9.848016995965164e-05,-0.0005007497173407288,-0.0001828543763545887,0.001353944436274444,0.007005309508605924,526.4413777463116,535.4221385809566,538.0158007670613,536.8794499055565,536.6822182776667,526.4399020844078,521.9800945629354,506.2490801189881,484.4130942985088,445.3589890475396
hm100/microcapm_spread_bps_capm_residual_zscore_mean_entropy_1d,hm100,1216,0.043776021268333326,0.8038074427045543,0.5742981594239751,0.9999999999999999,0.5742981594239751,0.9878787878787879,0.5268859568253088,0.5268859568253088,0.0006204207822220532,-12.563745345329108,-16.968139194045683,-7.599704377171026,-3.176383486032386,-0.6801449489879324,5.249928864789467,7.658376394388414,12.008397396141575,17.889076061091792,23.526151284839568,0.013909515859769022,0.006153537380855029,0.0021098390728909225,0.0005429537493495401,2.223379163096517e-05,0.000207468571214145,0.0008877486778720432,0.002486774407318332,0.005695055917995588,0.011140473057215638,651.178332607008,521.7035851361497,517.1832142818508,516.5903910544727,516.5364482380602,519.6617348829847,521.538986094445,518.6237025854606,508.50859842362166,483.25458105384524
hm100/microcapm_spread_bps_capm_residual_zscore_mean_skew,hm100,1217,-0.04439895779720499,-0.9058448523499012,-0.6891901366244695,-1.0,-1.0,-0.9878787878787879,0.4632453271458285,0.5367546728541717,-0.0005339764755199687,18.186643656577782,20.939194413446852,16.458504823123967,12.144896784442723,5.979625439138997,1.4527551318027816,-1.710003707228304,-6.20310436047517,-13.54702435076057,-34.7766620398379,-0.009299647848356444,-0.006605736859565966,-0.0031262339123769287,-0.0011718286018657961,-0.00011680040044451691,-4.007850053367982e-05,-0.0004654500079783324,-0.0020728911465839116,-0.005438508103803618,-0.015527805940175873,469.05159192800284,497.71875907448873,513.1339585776198,525.048143438269,530.6771312799948,528.2863488607052,525.4382562560183,520.7122608698801,521.8578123486993,529.3489484639908
hm101/ask_buy_chg_vs_mkt_tot_p95,hm101,1210,0.04106819195129208,1.0000000000000002,1.0000000000000002,1.0,1.0,1.0,0.5006668383005725,0.5006668383005725,0.00022020424147477902,-27.74158444956888,-18.964341181873788,-8.515129577550104,-3.668905518431123,1.7031458475474448,6.801489742921123,10.023255336144063,13.783155521587807,18.09385023785919,19.558951098798328,0.008829164473438733,0.007118044596171804,0.003205299490873549,0.0011898090343051369,0.000108915262825649,0.00017066902947692093,0.0011562641777549953,0.0030983092929565983,0.006210988578623754,0.009760523773390161,619.5338186465486,599.792909347381,561.3538522828461,532.281317705704,511.48570726575764,491.5013064662457,477.9188330200669,462.0570424646622,447.58052841567877,433.28960085793005
hm101/ask_obs_drop_vs_mkt_drop_mean,hm101,1210,0.056907585444692176,1.0,1.0,1.0,1.0,1.0,0.5517081607922746,0.5517081607922746,0.0004717303775935288,-41.76109126603669,-28.161644301428584,-15.988539619598134,-4.50072104371831,4.03326060312117,10.763218793147994,15.694300546284666,21.351310437531623,23.920235840341977,25.396559863327468,0.016110537782676945,0.00966024734715758,0.0044391325777787365,0.0010066625884252436,-8.045849423021357e-05,0.0004176154771867541,0.0021024992675353913,0.004744845959602121,0.007740003888749953,0.010294768672216003,530.0331403342715,564.4248316020429,565.8615440208978,546.1841345237076,525.3321342260247,501.98399226072803,483.28542464441296,472.5514278619309,468.8026333731722,495.45334772740404
hm101/ask_obs_drop_vs_mkt_drop_median,hm101,1210,0.055264814335466914,1.0,1.0,1.0,1.0,1.0,0.546699680049014,0.546699680049014,0.0003216758004055281,-41.20236588817682,-28.274120141488197,-14.862637416522963,-4.996762342466512,2.000138584148669,12.047160467142156,16.35228590214221,20.002780610168607,23.516076950766124,26.169051824518853,0.01498076261975988,0.009540109065564385,0.004280811080481508,0.0012406437266057487,-4.930234404817788e-06,0.00046300276462993327,0.0021688937340330065,0.0044748681130070585,0.007491641429969137,0.010307336235415535,526.62742140354,564.0680713234113,567.8204114474277,554.6783302010728,528.6927041639036,505.20517120112845,486.23931252285576,472.3665299773003,467.10642091037624,479.2881806120931
hm101/ask_obs_drop_vs_mkt_drop_p25,hm101,1210,0.047627990698016286,1.0,1.0000000000000002,1.0,1.0,1.0,0.4913350544164757,0.4913350544164757,0.00021416069143358245,-26.11987828864796,-24.15861051580005,-19.66576363459694,-10.086091492686707,-1.4777289931249316,7.33061118796885,13.219651849061057,19.88582586774029,23.924256449349848,27.882442469215214,0.008715192640287335,0.0077492733833944335,0.004838770600213694,0.0018053181784326723,0.0001875219440497508,0.00020172389919241427,0.001564513807031471,0.004418540032736072,0.007464069681588157,0.010468905839656798,509.1449800841177,545.1892785630046,554.7412503342426,553.8000103830935,538.0803290087895,517.0226859149217,495.3636894490539,480.77147893272,474.05984714020866,492.8244483760558
hm101/ask_obs_pre_rank_autocorr1_abs,hm101,1210,-0.033614968181656706,-1.0,-1.0,-1.0,-1.0,-1.0,0.48495825566318385,0.5150417443368162,-0.0003983015344245803,15.862721728631692,13.097651093829977,11.834184682802217,8.104974391652025,4.419501560486271,2.1448908481740445,-3.093615493803516,-7.549549849730996,-13.25076994219877,-20.73657963821713,-0.007605233587479951,-0.004754654972699915,-0.0026648108903076016,-0.0009675203360706145,-0.00011647692962908294,-2.4781476294087723e-05,-0.0008683428019885096,-0.002468209035799577,-0.005139822425715115,-0.008606814191247704,479.57188606671224,484.47128910171074,497.59455402010144,510.7772358934483,521.5207625930012,533.9568967477171,540.3515208763155,543.6415751891777,540.9454645852504,519.9525981970555
hm101/ask_post15_buy_vs_event_stk_corr_pre15_ret_vs_event_stk,hm101,1210,-0.01989552392388213,-0.3047962676079365,-1.0,0.22722640412486578,-1.0,-0.7818181818181819,0.7193524162910997,0.2806475837089003,-5.73202847636839e-05,15.832950127535133,12.23439148778574,7.553524487855825,4.781210083503243,0.7924950928742605,-2.940030498082729,-8.864396193045826,-12.418483613930642,-8.810791099131814,2.634059583867374,-0.009081117856248122,-0.003970885350558487,-0.0012391844174892224,-0.0001560420745759723,0.0001765699761970548,-0.00034860901499162014,-0.0016869644341026616,-0.0033278114061670765,-0.003221541418789182,0.0030173823576068316,439.8020381513053,476.0950768450058,499.73773133727013,518.9856272354125,536.6299348666824,550.6660016326779,556.7561242783971,558.6114722376111,543.8124573567452,485.40069592389005
hm101/ask_post15_vol_rank_autocorr1,hm101,1210,-0.04227625015162528,-1.0,-1.0,-1.0000000000000002,-1.0000000000000002,-1.0,0.44267366167458916,0.5573263383254109,-0.00072457623986892,15.940233820857577,13.17661234213064,12.151054457656516,10.682110706128624,7.1728097617597575,5.2384679948349095,1.1401546023086329,-2.6144273730823446,-11.667277396495967,-40.41197934471307,-0.0090625190964992,-0.005096469422889453,-0.002871786371990446,-0.0011619720341585562,-0.00020108471368803632,6.096740438388943e-05,-0.00037426848780196476,-0.0016146581174562042,-0.004863657693415413,-0.016366225378240985,429.23883861824777,449.71817489962683,470.00663109563976,487.66425825693784,501.7565359126943,518.5182988409892,533.0037724255138,551.3169747022096,575.3609074531029,625.4651498164285
hm101/ask_post15_vol_rank_autocorr1_abs,hm101,1210,-0.036885955940354105,-0.9949029989521315,-0.9293630639873774,-1.0,-1.0,-0.9878787878787879,0.40259584936229326,0.5974041506377067,-0.0006073180280814259,13.241640126347503,12.853934286470537,12.114198046743192,9.554988891947348,9.689962838637811,5.493605198490003,1.9735147322429758,-2.5114262469925017,-12.155949030976238,-39.45051476300731,-0.00590445451723785,-0.004450702188269543,-0.0026907927055987895,-0.0012296446539348282,-0.00033003497895750137,0.00014881792713968545,-0.00011513033356078666,-0.0013669612138182859,-0.00469815856160077,-0.01564157668643401,463.8498289281541,464.7801007413384,473.09587596203926,482.11553827886485,497.0945628703745,509.990336986919,527.5087344336662,546.1257923817543,571.4841639795479,620.2465401158726
hm101/ask_pre15_depth_vs_mkt_mean_max_range_product,hm101,1210,0.033822472591555824,0.3939621364395576,1.0,-0.8480891352782418,-0.8480891352782418,0.41818181818181815,0.7940644784971473,0.7940644784971473,0.0003175020396106851,-40.36726475450822,-12.409744429668548,1.2374300495671822,10.793167148283981,11.638738209081053,17.027405612342502,18.075601335860334,18.636141334913184,-7.241501764997561,-6.723124100433574,0.019014205585793215,0.007033156166292149,0.001679156596038305,-0.0006506701420197445,-0.00047074123771124484,0.0008493644300295758,0.0032608126244923433,0.006280229359025847,-0.0011015840252379893,-0.0023889588047572084,683.1394264731755,586.9075208563014,538.8999764300802,506.24584143323244,477.1476167271403,457.6404498436802,434.7064548084847,427.6542887335952,492.2158929634132,453.11823634049676
hm101/ask_pre15_obs_vs_mkt_mean_p5,hm101,1210,0.06247817896483158,0.9746608403008264,1.0000000000000002,0.7891124998535868,0.7891124998535868,0.9878787878787879,0.5632981873687508,0.5632981873687508,0.0006866957839211289,-53.854160961120094,-20.90455093135625,-5.418522054239855,1.2697537252813034,6.231971904550618,11.5772664771843,15.741549911301684,17.90380215226662,19.570622991044136,18.62842456969003,0.02149682380238316,0.009481435312264336,0.0031996747449826047,0.0007381225813684524,-0.00010902597036495386,0.0004405557800378341,0.0021152503851018796,0.004540675779346883,0.008201518506882517,0.011686452258907904,674.5281648118369,612.4722019383682,567.1677736855088,530.1743801148425,501.2252433380766,476.0722654960317,456.8075395034567,437.44524244825294,410.26257989867725,385.5162672103672
hm101/ask_pre15_ret_vs_event_stk_corr_post15_ret_vs_event_stk,hm101,1209,-0.0401663985367028,-0.942287777467805,-0.551777408620519,-1.0,-1.0,-0.9878787878787879,0.42390154066604663,0.5760984593339533,-0.0006088350794528989,12.599082143364374,14.350616196281255,11.871016140062453,11.340629845838532,8.286684957606123,4.964925167007224,1.5968013393670275,-3.735550807210322,-14.100235452866634,-44.59674423332785,-0.007558980574842179,-0.005011045518903479,-0.002668370962989752,-0.0012840991457338637,-0.0002460158920538684,8.781496766920676e-05,-0.00017607565551629634,-0.0013571062286298786,-0.004781972387963929,-0.016561712058285865,443.4807821429614,463.5613436370845,479.4540179838989,492.4719056136536,502.53324233317596,513.2873646879891,525.2728415753629,538.9234961076625,562.3017088400558,629.9337865619273
hm101/ask_pre15_vol_vs_mkt_mean_corr_post15_vol_rank,hm101,1210,-0.034545056848849835,-1.0000000000000002,-1.0,-0.9999999999999999,-1.0,-1.0,0.43750125954915264,0.5624987404508474,-0.0005111692753883416,12.59567810744018,11.170450329109098,11.113709220963651,9.7434161359496,6.886190847168616,6.0996473321851425,4.863851266955671,-4.114232614592314,-15.958552496563854,-31.811085288541413,-0.0073306871944485985,-0.004098467210351625,-0.0023149902077812478,-0.000964092768586355,-0.00018163129957585625,9.61176987827527e-05,7.028410020922222e-06,-0.0016893810632082147,-0.005590002645117608,-0.011967781293195725,437.0003562303028,459.99586316783984,478.000335480332,496.8167657185337,509.77675406787716,524.4986791159386,539.9798456240419,554.0343629823907,573.486443863098,585.5019620761749
hm101/bid_buy_chg_vs_mkt_tot_corr_pre15_ret_vs_event_stk,hm101,1210,-0.04193987282605339,-0.4143005062246005,-1.0,-0.14918972170819048,-1.0,-0.9272727272727272,0.5693566236726917,0.43064337632730815,-9.6062497297698e-05,21.06894526822749,19.27474752884915,16.811403538830177,12.125183973609559,8.747650239210836,0.17777515676883235,-9.796927984844649,-19.66982882776819,-26.342129390412484,-6.707941108149894,-0.012483510409807962,-0.006798816695202863,-0.0034038542458323363,-0.0010558523982673014,-8.201682127037295e-05,-0.00028048802632808263,-0.0021199332385879225,-0.00536463558376567,-0.008736918782292519,-0.0015177841274006398,413.7872747509221,451.00422056237187,480.308258974428,504.15270268890083,529.7324012500465,548.6378580028978,568.0006066168953,582.7699911968384,578.7901055884686,503.003831250191
hm101/bid_buy_chg_vs_mkt_tot_iqr,hm101,1210,0.034496394183330434,0.35463193357996886,-0.013649959058920056,1.0,-0.013649959058920056,0.8787878787878788,0.3738407334135024,0.3738407334135024,-3.958254603028447e-05,-1.4356577144746983,-24.163872040563508,-17.19337419213117,-9.03100396498553,-2.0477806515120576,5.071223400803551,9.152223131989752,14.118633778563378,17.504615955225262,23.54280345417866,-0.001983141362735162,0.007711642715372543,0.004831492301715383,0.0019904434792865013,0.00036051773601658446,-8.837744776346e-05,0.0005573551275505124,0.002631485605907584,0.00607002351158782,0.012454535062422374,502.1249295433489,581.3626225467838,581.4182801992217,563.1832656990024,544.2506273226154,528.7510273971054,504.99791114087935,481.0345656071694,450.81220388292405,417.10337400738433
hm101/bid_obs_pre_rank_corr_obs_post_rank,hm101,1210,-0.024776267357527387,-1.0,-1.0,-1.0,-1.0,-1.0,0.49401814818041234,0.5059818518195877,-0.0001914326336484975,12.78294487441734,11.245724333793431,9.616911263488275,7.434592774854735,4.862957946159282,1.1538966026514694,-0.22517566090437535,-4.96966590262615,-10.405641141028338,-15.875044014158725,-0.006325946427908128,-0.0033036457144062555,-0.0017209098464183112,-0.0006857533399374305,-0.00010909919494199781,-8.264768904882463e-05,-0.0004778813796299243,-0.0019082677140420017,-0.004001476400127437,-0.005969207017418528,471.55244815208755,497.7214091352715,505.65250303642824,514.8016033581998,520.737162833476,527.2101240611181,533.1240082230606,539.1027389198545,543.8590505404527,528.3320675443272
hm101/bid_post15_buy_rank_entropy_1d,hm101,1210,-0.07131154605353313,-0.9749815260478399,-0.8393729717524021,-1.0,-1.0,-0.9878787878787879,0.45311529426400315,0.5468847057359969,-0.0007598813909359878,20.87249949082001,21.744173351282978,18.664330517474482,16.03561200683527,11.762457592667307,7.818811652078129,-0.08424337619150218,-8.607343167575202,-25.90828431165062,-47.06656924017359,-0.013819042893936285,-0.009746170268758904,-0.005533329806372366,-0.002435512470225986,-0.00043398285511439983,6.02214901947551e-05,-0.0012778951573852683,-0.004600891826193047,-0.011301716415896454,-0.021463344458909107,401.5763538014347,408.4049131305576,427.11414644154075,446.74026451579624,470.1733581398813,500.2013691589621,528.1976608389249,565.6681018924302,612.3761318490361,694.1880418178225
hm101/bid_post15_buy_rank_p25,hm101,1210,-0.05178438064152281,-0.6028339427822788,-0.8076582880750924,-0.5284888124221483,-0.8076582880750924,-0.9757575757575757,0.4708459694500623,0.5291540305499377,-9.981163396890729e-06,17.33560944880301,18.22269281610564,15.892679519144423,14.703861172964197,9.885740913836012,5.591167888901619,-1.9622715064197818,-13.047616201410012,-31.36394070939978,-19.963957274361665,-0.010770607092885423,-0.007265375410246156,-0.0040521512066286295,-0.0019270046837305452,-0.00036262892148223696,5.350633712064471e-05,-0.0012178628982697807,-0.004701427110654382,-0.011619977557681769,-0.00991087093366762,403.00701541777835,427.6994569153744,445.123133880131,464.3512835038962,483.21508350829953,503.34000762894647,533.7863829353905,574.7567285517321,624.590016924853,646.9998026277468
hm101/bid_post15_buy_vs_mkt_tot_p25,hm101,1210,-0.04892217324465601,-0.5876982551809625,-1.0,-0.4788353152382063,-1.0,-0.9878787878787879,0.47227639160820484,0.5277236083917951,-4.817854243833935e-05,18.53224517787662,16.705917837867727,15.787921457895129,12.730661384026138,9.139266369610876,5.664949283724935,-3.3601549185819595,-11.85221826753679,-30.369029589150777,-17.67009208983197,-0.010389123558819765,-0.0066469108665359634,-0.00398628562864019,-0.001719881108073395,-0.00033983269937257866,5.063046015480665e-05,-0.0011735169227352223,-0.0043078510968485445,-0.01113438300834688,-0.00922684027299996,414.5807651254386,432.42276853468735,448.27394205003714,464.6436802027033,481.58644547292266,505.39976405350245,531.198592743679,569.5882166457787,619.3058316599452,648.1564816865667
hm101/bid_post15_depth_vs_mkt_mean_trend,hm101,1210,-0.012604974217467436,-0.8020928371082274,-1.0000000000000002,-0.9622233980193212,-1.0000000000000002,-0.8909090909090909,0.6087045089661491,0.391295491033851,-0.00017345395157371588,11.198501901985681,6.770955952619843,2.519456653072688,-0.10606639306102997,-0.3339776048470585,1.3896998207896214,1.486879504931671,-0.830996062111336,-3.2324745090256557,-3.5609077506077833,-0.005794918071231143,-0.0019635328336506477,-0.00023746676896496476,0.0003168179599230813,0.00011197727477011942,-5.254556938269361e-05,-0.00015306253826457075,-0.000866544393938152,-0.0017755716650113369,-0.0020166736601433897,482.55817134345335,512.5308319032856,531.8378473094324,545.043555026006,549.3089974717296,541.8162770964028,530.6336370006305,520.0540592173353,494.44907053124587,449.6941809088026
hm101/bid_post15_imb_vs_event_stk_corr_post15_ret_vs_event_stk,hm101,1210,-0.03191293499368338,-0.9290442104296427,-0.7177046930951084,-1.0,-1.0,-0.9636363636363636,0.4771074329894049,0.5228925670105952,-0.0003381304710131834,13.835317722548249,13.010080095849318,14.29404597019752,10.162302281999267,7.306634380999568,4.503538972712711,-1.4040320467067318,-7.736557738615719,-18.540361640337984,-19.787338558927768,-0.007222604514852487,-0.004226557527449252,-0.0024842480805508612,-0.0009620216825745214,-0.0001691421275262913,6.65041430884034e-06,-0.0007095857918036279,-0.0024622478779204003,-0.005990256947094199,-0.007354790387207365,453.5282324931613,476.95225194372944,496.6231524265519,511.7299403669674,519.8076006758985,531.6739383301169,542.7594553871779,552.1866521001728,559.445171469741,532.6257841130723
hm101/bid_post15_imb_vs_mkt_mean_corr_post15_ret_vs_event_stk,hm101,1210,-0.03277202221950282,-0.9595549497723116,-0.759122317900592,-1.0,-1.0,-0.9878787878787879,0.47136199065492584,0.5286380093450741,-0.00024064751165979605,13.44835837014742,14.164751742814701,12.91766683126673,10.412991210763272,8.932952934093986,3.7572206745083117,-0.5378066909050078,-7.942398478457274,-18.957494702854422,-20.544370176712796,-0.0072780106663082504,-0.004487978889599381,-0.0024057930090943523,-0.000927870631982537,-0.0002344003440456806,-1.0646804444634821e-05,-0.000590991642408124,-0.0026038714846912973,-0.006112239645161508,-0.007879571590107274,450.4306396820476,477.7585087986005,494.5492020811247,510.3910562355437,518.9872908337871,530.0602464282427,542.2237632804672,553.8097362670343,560.8998301771677,536.7258614936759
hm101/bid_post15_mkt_drop_rate_corr_pre15_buy_rank,hm101,1210,0.025918062703252864,0.7019771942268279,0.28896957481770713,1.0,0.28896957481770713,0.9272727272727272,0.39906180349496456,0.39906180349496456,0.00015236804305583315,-6.017247103832713,-10.54417039419674,-8.9629574042307,-6.473341230564736,-2.337677138557347,3.1573524287968477,7.554498738892451,10.988780018124361,13.232773856644126,15.308616878995974,0.0020393921644060085,0.0038248218984729843,0.002744953429801317,0.0013711955784647082,0.00030174150825378163,-7.002908273646464e-05,0.0005133802907234154,0.0019387603701525786,0.004364003994082985,0.008737474508575703,518.7679664738496,550.3167935202755,559.334716426308,555.9436357750326,547.2100055399258,533.3902186973926,514.6052026641347,492.64387667235206,464.44829693072313,429.7763097880194
hm101/bid_post15_obs_vs_mkt_mean_p5,hm101,1210,0.04577463626051985,0.7103621872757555,1.0,-0.7303322886714658,-0.7303322886714658,0.7454545454545455,0.5824362175159893,0.5824362175159893,0.0005535915751227022,-35.031954604785376,-12.505428356279461,-3.6571385176742037,3.572052836404418,7.930252251884403,12.156581500431326,12.936202854414017,13.435723699396476,11.317135188578975,5.228063101961716,0.015712180809406215,0.007081856355491219,0.003039777949630412,0.0006439513877852075,-0.00013939228362878724,0.0004689208506430313,0.0018714645759454745,0.003755361217306963,0.005649655269001838,0.0071372685538156145,710.0921294067997,609.9794723698558,567.0939108902732,530.4563131603295,498.43817279963656,472.67546135589146,448.2705828563257,429.6002057695135,404.21611001576696,360.2907121161153
hm101/bid_post15_other_cnt_corr_pre15_buy_rank,hm101,1210,0.025937502311610624,0.7014842033199992,0.2912930654750797,1.0,0.2912930654750797,0.9272727272727272,0.39913900449837286,0.39913900449837286,0.00015329541673081656,-6.013990213474804,-10.545158182875554,-9.02264688040716,-6.464608302362725,-2.289184532339409,3.1246038688773736,7.586073667302277,10.989899628536934,13.269099921317347,15.281651682029148,0.0020393013159976095,0.003824025273411959,0.0027544776790794615,0.0013720429077348428,0.00030163549557851824,-7.090423641955422e-05,0.0005184409746815066,0.0019405622309451255,0.004377817782353288,0.00872680747151701,518.8119945750473,550.2909345332514,559.3333369792045,555.9853030058645,547.3107496594065,533.3509474696124,514.5612163024946,492.62578058198005,464.39786365092016,429.77173730419
hm101/bid_post15_other_cnt_mean,hm101,1210,0.017457415338873086,0.6476924099304107,0.5147882190687036,0.6327996864976534,0.5147882190687036,0.9393939393939394,0.46432778006737174,0.46432778006737174,0.0001339894930548549,-4.379409209944251,-4.852972662641289,-6.593855508805206,-1.7451977475105493,0.3194497675764439,3.971621955841421,6.427853769449337,7.089843193741868,8.00471891150699,7.097715756893213,0.002384684528224883,0.0025100626146747356,0.0021650593472553274,0.0008515700239877252,0.00013237135200783995,6.623158618347765e-05,0.0006342908448193089,0.0016370464596115668,0.0030856456302422067,0.0038564634588111615,523.6661900991847,556.1414325533393,565.0762227657041,563.0653970060582,541.9406455859964,517.3298854388484,494.5823047598024,475.7186473699302,456.8968142867882,470.01598074858055
hm101/bid_post15_ret_vs_event_stk_std,hm101,1210,-0.04134566480938009,-0.8495438961502852,0.6798256985966707,-1.0,-1.0,-0.3939393939393939,0.3944356285179664,0.6055643714820335,-0.001058695606421172,6.357851096210921,5.573180277049469,6.2242034024702075,8.148703490676807,9.690032257951772,9.885389798252094,8.94422742033046,3.846337907105647,-0.7084882927774144,-42.339558765180776,-0.008076527525679528,-0.004072247480020518,-0.002258159475644727,-0.001159767748159565,-0.0003239137891487159,0.00023430175382927932,0.0002822211761825704,-0.0009053069832862056,-0.0038660367637196953,-0.02014153236731181,400.8955885898746,431.96497566473016,454.3203900845569,471.8304401433108,489.7464933449622,506.4216549986525,523.2593081540398,543.4530342044504,580.5149525125931,707.2096099141897
hm101/bid_post15_spread_vs_mkt_mean_corr_pre15_divergence,hm101,1210,-0.028262645672945057,-0.7071181811393539,-0.3205515045117777,-1.0,-1.0,-0.9636363636363636,0.5193445842098063,0.4806554157901936,-0.00021956572456174008,8.874321501692876,13.693145528583075,10.407829331552556,7.819790214053859,4.3274535578990925,2.5119752262859993,-1.0627368692763595,-5.499667389061668,-11.006575717926392,-14.39429991277943,-0.007165136429034752,-0.004735059284567239,-0.0020387380646721314,-0.0006223575278135553,-2.7303896678103984e-06,-0.0001119762201645488,-0.0007920284856233385,-0.00205520107469313,-0.00429764856060073,-0.006222203911546075,425.8737856015216,470.564730544127,494.7350516017116,515.1920651324336,529.1390102842317,540.4764921027307,547.5718589293365,551.1493039836338,552.8649230237755,544.3778150676012
hm101/bid_post15_vol_rank_autocorr1_abs,hm101,1210,-0.05864038508502341,-0.9990624234648108,-0.9822724650533261,-1.0,-1.0,-0.9878787878787879,0.37784472205572384,0.622155277944276,-0.0009535830074295403,18.24009946873991,17.585061987830372,17.624775997004246,16.850042070995084,13.839038880709252,10.644044182626654,6.917746483692378,-0.7567172560052668,-18.665447277858977,-66.3967760536289,-0.008417217822826974,-0.006345468804324502,-0.004219518810648697,-0.0022616939244406906,-0.0005527543350511262,0.00033210419152347124,0.00029266236648149463,-0.0013960253485373114,-0.0076770481789108285,-0.02744184141085865,450.6533677532953,449.10241392614495,461.14766536814284,473.00137021132576,488.0342252362788,506.85787468448893,525.0980276059213,548.9621718720831,586.5871663510845,650.248102965483
hm101/bid_post15_vol_rank_lz_complexity,hm101,1210,0.037525670660008295,1.0,1.0,1.0,1.0,1.0,0.5517718259460997,0.5517718259460997,0.000497897031095104,-31.74484949150784,-13.852941083572281,-4.156943908348527,2.0210474266089613,6.297052445287749,9.269317291816643,10.504215974176335,11.32769758251054,13.163822461911069,13.635005648415286,0.01304949790876251,0.0051224953256082525,0.0018645845469250364,0.00046400382250749413,-6.969933785901615e-05,0.000239462388903143,0.0010670131199609883,0.0022770501197749617,0.0045951715286693,0.008418194205660536,588.472403722374,568.933891680243,555.6930834602308,540.1248164077824,525.208041886299,510.08843600618275,496.6214934900207,481.42364895357855,459.3586669996793,420.7203382753857
hm101/bid_post15_vol_rank_mean,hm101,1210,-0.07030488426843824,-1.0,-1.0,-1.0,-1.0,-1.0,0.4376618787419056,0.5623381212580945,-0.0009233748975369134,23.668602840888603,23.408720620641926,20.351487806038918,16.280042206160825,10.478592156413441,4.9221909926252305,-1.831414112156129,-11.168159196636756,-24.522591532850036,-46.34399266996708,-0.01388819470352921,-0.008729318082125417,-0.004999038455615798,-0.0022932768752065087,-0.00045581362474089607,0.00014581527924181247,-0.0006650673954639209,-0.003736111199163433,-0.010366520510876656,-0.024393983803421358,429.6517423862779,461.12456443698625,470.1416903931152,478.86772479376555,487.3339682881298,498.68708493079737,514.5242094299582,537.8083936643332,568.4929561588415,666.2193604415387
hm101/bid_post15_vol_vs_event_stk_corr_post15_obs_vs_mkt_mean,hm101,1210,0.03622517287106069,0.9945784564994686,1.0,1.0,1.0,0.9878787878787879,0.5224591203896288,0.5224591203896288,0.0004984550680445109,-22.778975235010503,-9.413435169090675,-4.514440974972429,0.14043122496119495,4.725399877237891,4.619103382494649,6.239829058041558,8.621622850265835,11.882987865210469,16.221063651581986,0.012031385312322798,0.004510223795953279,0.0017064981385233068,0.0004555253876923057,-3.788307671937814e-05,9.931734456701245e-05,0.0005933798992743002,0.001973410804332339,0.004626911176800676,0.009767949020269518,540.5527503857378,537.7970562929097,536.3632999322178,538.0654867383914,536.8320861102889,530.8406821280215,522.2082946653483,505.0699361499787,480.7274887661049,443.69704150692814
hm101/bid_post15_vol_vs_mkt_mean_corr_pre15_divergence,hm101,1210,-0.06713421982390287,-1.0,-1.0,-1.0,-1.0,-1.0,0.3826053200881861,0.6173946799118138,-0.0009553920829703238,22.72483332831187,18.417558355266355,18.38826583451091,15.935729756609872,14.638501818417028,11.406831440786947,8.481575457091791,-2.287408646366824,-22.099453571496632,-70.03873583602035,-0.011204924397937088,-0.006682341341916961,-0.004384007999354348,-0.0023633834169408357,-0.0006857144147311936,0.000459747884811601,0.00044752397172608894,-0.002283840187188075,-0.010041482581015618,-0.02944040525838612,467.62604015233944,476.0311488036051,480.29067805280044,474.15596019979876,468.51237991227833,477.05689083554734,502.2885726769688,534.7238508900037,585.5243700568398,656.252913134499
hm101/bid_post15_vol_vs_mkt_mean_corr_pre15_vol_rank,hm101,1210,-0.04922057382025436,-0.9711089291972068,-0.3688767727213191,-1.0000000000000002,-1.0000000000000002,-0.9515151515151515,0.405391855618246,0.594608144381754,-0.0005586499244810485,15.551128631742957,15.52233150121266,16.227010677674645,14.104215657073158,14.391532114747207,10.478469723830235,4.905178008092036,-3.4600018862759376,-20.988677110046652,-51.13631432319304,-0.009026043962664715,-0.0053737759619555125,-0.00332828963025675,-0.001524121672873362,-0.000474916398311054,0.0002593131080264555,-0.0001014779666789716,-0.0019463799373707507,-0.007623970700594278,-0.019522260773094335,428.2876682182357,461.96906467096835,478.8557861164084,496.0954296931648,510.16914345463243,522.4524359803104,538.4916476432613,555.0136938088804,578.5572180938977,589.4255408530889
hm101/bid_post15_vol_vs_mkt_mean_mean,hm101,1210,-0.06965872469376994,-1.0000000000000002,-1.0,-1.0,-1.0,-1.0,0.4343352232742755,0.5656647767257246,-0.0009826225078198004,21.779355040402685,20.237825427856755,19.758038409141328,17.811404847588467,14.565810889137806,5.1715005434128205,-1.7305629634449342,-11.221213649806518,-25.009931200378087,-46.12356225434598,-0.013797169604114243,-0.008155581898905131,-0.004910809729541843,-0.002390651919342528,-0.0005742370246378864,0.00012178368435006579,-0.000777377217090076,-0.0038541506934498286,-0.010475189735411146,-0.023862718047807572,409.7520981170059,450.6172887178805,472.8874742219143,485.95912021603203,492.81228144571963,505.57810512986293,519.5049665808367,541.164081317966,569.8547847881892,660.5247496184747
hm101/bid_post15_vol_vs_mkt_mean_median,hm101,1210,-0.06991852019738519,-0.982676818945785,-0.7144507171662323,-1.0,-1.0,-0.9757575757575757,0.42378303995211536,0.5762169600478845,-0.0009322147660470135,19.26103093517388,19.345874662265523,18.53805624748908,19.016901153701586,16.440307700809853,7.608739478840611,-1.2598806952694859,-12.502996109651013,-26.506540118843574,-44.69070533285157,-0.012985054773996788,-0.008029635049017544,-0.0049048600018518984,-0.002651071710865692,-0.0006646046950256842,0.00023943814723337888,-0.0008602375086721485,-0.004278236675476064,-0.010976692714270214,-0.023875350449395486,406.83290444603193,440.03897651746183,463.3228257916085,479.18995567432995,487.91826724919537,501.9722430936059,524.1274404805026,551.0650859892128,580.530515536262,668.2247830287491
hm101/bid_pre15_buy_rank_corr_post15_vol_vs_event_stk,hm101,1210,-0.017697723764012845,-0.45167956781380586,-1.0,0.26336077537982117,-1.0,-0.8545454545454545,0.6667862610456988,0.3332137389543013,-6.852988920398001e-05,11.635034808757277,8.84670600318653,6.620916267750369,2.867230545236745,1.094259773383514,-2.4619428130321674,-2.1125653135498776,-6.094138827711332,-4.907017742526473,0.38501470124352805,-0.007604664936534235,-0.0032295707880596537,-0.0010636035145114636,1.0162145821564974e-05,0.0001327728242502526,-0.00026981458845142957,-0.000963620573292612,-0.002183581381387114,-0.0026300505305320303,0.00017277746788785952,435.28961991443964,476.6157097037095,507.6160679947986,530.4660736612076,541.8230265676609,547.7642600763156,554.649669071257,549.4500041473874,536.2751510583319,494.19898974978304
hm101/bid_pre15_buy_rank_std,hm101,1210,0.07133682499064546,1.0,1.0,1.0,1.0,1.0,0.5421003827361763,0.5421003827361763,0.0007295577332465066,-51.25358673349979,-26.328283531657956,-10.859020238930675,0.1858268958985242,6.319675369127467,13.474289808109067,17.525719428966084,20.52079912070711,22.768745898141713,23.64198801083377,0.02172219409179876,0.01094108969658048,0.004470040071410988,0.0011643739847008495,-2.147124029958103e-05,0.00042726858941804607,0.0021861246631788987,0.005441214821855763,0.009468457168767212,0.014807975409987609,673.992074821395,601.0339432754154,561.5982611222247,531.7578286691208,507.0260675617627,487.4130580065813,468.30051266373783,444.5180851862484,421.82721458043216,397.5245294232148
hm101/bid_pre15_buy_share_corr_vol_chg_vs_mkt,hm101,1210,-0.03585091590725606,-0.8642810933616706,-0.8013096008222325,-0.8563638330081983,-0.8563638330081983,-0.9515151515151515,0.4945783675251239,0.5054216324748763,-0.00030500709713998105,12.554336146588593,13.046662402411496,12.82642678000483,11.144853291636283,8.58327607362762,4.846427947982593,-2.130780581295292,-10.944209944108422,-18.02526743017075,-16.2555698103898,-0.008294936824875684,-0.005172713558173122,-0.0028102562235207333,-0.0011396703650957854,-0.00016266057983884146,-4.429560599707731e-06,-0.0011033755147889085,-0.0035966640727346615,-0.006388364862136907,-0.006872837248351803,425.436952672611,450.7497393878234,477.4563993921745,497.33699447738144,515.7756102848217,530.0890805333848,550.9318065925072,567.4286761895747,575.1899721231298,569.0189492453793
hm101/bid_pre15_buy_share_mean,hm101,1210,-0.05644594334111961,-1.0,-1.0,-0.9999999999999999,-1.0,-1.0,0.4555649331510168,0.5444350668489831,-0.0007214629339947562,24.67987150570681,21.841503931377563,15.388312513805918,11.587715153763716,7.04234171999168,1.7367194845205431,-2.0695264588713678,-10.044092656971367,-19.4969762993793,-35.41017887107031,-0.012855642424523505,-0.007114395691445693,-0.0035907340504050564,-0.0015054568750618247,-0.00031989015011091987,4.835618932031235e-05,-0.0006137290092873025,-0.003002268851909147,-0.008088942679815768,-0.018681776863885988,454.96199450938116,480.7158208589774,485.70687352641426,491.2592209028539,494.4950495584715,503.1886047771698,516.0817636402687,528.4336647883728,554.262479392211,620.2462707426537
hm101/bid_pre15_buy_vs_mkt_tot_p75,hm101,1210,0.04960467251288257,0.820236465497972,0.7151724536832321,1.0,0.7151724536832321,0.9878787878787879,0.4781010535012207,0.4781010535012207,9.993048505779513e-05,-23.12495691786527,-28.140333005426307,-15.816954701614305,-5.3147493628392946,2.0612223619727206,9.475095488758186,14.382896409357002,18.044894292397966,21.2765085251959,22.643995796598723,0.006062966057590571,0.010291394236772243,0.0052357401872850364,0.0018558616755133108,0.00022230715964804897,0.0002131955079182764,0.001611969340617797,0.004164206077353577,0.0078007466101807695,0.01204635517494521,530.1594971324364,612.0097661854998,585.4569202724333,553.8699826116722,525.3164372302298,500.9722993125661,482.1182859275852,465.99141945624956,451.17267808005346,430.1422639193956
hm101/bid_pre15_concentration_autocorr1,hm101,1210,-0.06016832483942087,-1.0,-1.0,-0.9999999999999999,-1.0,-1.0,0.4163410382272617,0.5836589617727383,-0.0009453961598617602,19.168979318749486,18.173006006990924,16.417606224910152,14.838179418807162,12.534389182317357,9.491741780881615,4.821214079016575,-1.8856228970250142,-15.940710194621074,-61.725151528789745,-0.011259801955779183,-0.0072407639201972724,-0.00399104441503242,-0.0017534975938557668,-0.000411827728442052,0.0002170637191506283,-0.00014837337745544812,-0.0019724331437448615,-0.007150060444996391,-0.025512189819206308,411.79824030900204,432.9206311312149,461.7048709448329,483.0827334455877,501.3278100075041,519.641007952721,538.6994203633701,553.761358967317,583.4947786205402,644.0178226099994
hm101/bid_pre15_imb_rank_corr_pre15_ret_vs_event_stk,hm101,1210,-0.03417923297196023,-0.9645014212785508,-0.8631709810277811,-1.0,-1.0,-0.9878787878787879,0.48808180479609603,0.511918195203904,-0.0003833029063393335,15.355584503866444,12.194423152462214,12.820999880041917,8.865536929004833,7.450202258248497,2.9089444204347807,-1.6711170452080666,-8.379120503378513,-15.088162793956393,-18.692772701236656,-0.008482073401301866,-0.0043690205909242335,-0.0025334584430160814,-0.0009438352267849624,-0.00016679087916373435,-6.542354132140604e-05,-0.0007645045867950348,-0.002612111758947829,-0.005500833758360642,-0.008357877879005082,442.23190195833917,473.8866234207902,493.7491636127476,508.93097072336593,523.4536663425157,535.1478711471417,543.0969810857537,552.7833124169957,559.774974371446,540.9747994088109
hm101/bid_pre15_imb_vs_mkt_mean_corr_post15_ret_vs_event_stk,hm101,1210,-0.03610282914060162,-0.997751294673966,-0.987285144825741,-0.9999999999999999,-0.9999999999999999,-0.9878787878787879,0.4771923357089529,0.5228076642910471,-0.0002335143392836064,15.918984597966281,15.174516861968971,12.882946319517458,12.92762580206123,8.980425127266363,5.614492075045157,-2.382214295407668,-11.304382895555909,-18.438566520407655,-23.72961767758098,-0.008264922498542214,-0.005032198627206035,-0.0024486489337265846,-0.0011699077369380472,-0.00020088431390777913,4.112893900977911e-06,-0.0008155475689778416,-0.0030280591160023462,-0.005984668195176022,-0.008928590704742126,443.81561725403964,471.07897467093136,492.3504971869358,510.64533186423495,522.7726446138134,537.8873375710496,544.5420902977238,554.1262822085675,558.5846017516988,537.6135427178137
hm101/bid_pre15_imb_vs_mkt_mean_corr_pre15_ret_vs_event_stk,hm101,1210,-0.03462472430311951,-0.9634588919748787,-0.8629622592043146,-1.0,-1.0,-0.9878787878787879,0.4891146999087294,0.5108853000912705,-0.000288387036139284,15.537686823197989,12.384394366296885,13.042072446051291,9.803053653761806,7.254547328360562,3.313428906153496,-2.2344871645658864,-8.474630269066159,-15.739027799382335,-19.143570984350124,-0.008597623883629814,-0.0045013464822099255,-0.00254929652032851,-0.0010002780842693372,-0.00014586232786633694,-4.2304217300463566e-05,-0.0008630185727316191,-0.002568421778949216,-0.00576730860023331,-0.008300876799461633,442.05374764239554,472.66724935876664,494.9905866000751,508.92897513228684,524.7078795797431,535.0321046294923,543.1958518468625,552.9161620100659,560.490054236451,538.8336522109402
hm101/bid_pre15_other_avg_dropmag_corr_pre15_buy_vs_mkt_tot,hm101,1210,0.012370266905464436,0.3391838371912799,-0.6476679508808273,1.0,-0.6476679508808273,0.6606060606060606,0.12593387478204582,0.12593387478204582,0.00011509091384476147,3.707427795980743,-1.4836575058436963,-5.9489485056474125,-6.553253738460629,-4.35914238947411,-1.1829440775949234,1.199683300077349,6.264293823332818,10.05044197709466,14.24063666985912,-0.0026798757630192727,0.000602545040617782,0.001832058412313336,0.0014004228444848687,0.00038819126436384974,-0.00027556663061696857,-0.00041862539264831203,0.0007146223301663603,0.0029946516369042503,0.007696752249053761,471.58980714819324,515.9877376402787,541.8258844583952,554.5008558589228,556.0778630548785,551.1978730294228,536.7851742435213,515.1166417985141,484.057130224024,445.36647509505684
hm101/bid_pre15_ret_vs_event_stk_corr_post15_ret_vs_event_stk,hm101,1210,-0.05024307276353812,-0.9188160308201339,-0.16813307058026333,-1.0,-1.0,-0.9272727272727272,0.4091258237108929,0.5908741762891072,-0.0006532656202664554,14.257407780059637,17.158685895034942,16.456856930470938,14.815836899828374,13.084622131714704,8.421927271313644,3.9674343417022775,-4.52776789391832,-16.51060496456217,-51.41419879046623,-0.008408686838514848,-0.0061121447877379,-0.0036378434765885898,-0.001727885753006859,-0.0004019098393071498,0.00018146486071610665,-0.00014841822563551978,-0.0020079106211373992,-0.006612500446506843,-0.020713972015552685,434.7781652583977,455.3538445140538,472.96978263750646,488.38658618835683,504.1336615000947,515.1990240180268,530.0747324089114,544.5695651311903,575.4574152271488,629.5878772617025
hm101/bid_pre15_ret_vs_event_stk_skew,hm101,1210,-0.024671229813119724,-0.9736590831749494,-0.9248998027301438,-0.9828181294620103,-0.9828181294620103,-0.9757575757575757,0.4514484503372935,0.5485515496627065,-0.0003291295577842453,8.822636014826452,9.003937971911435,8.016217196895516,6.657219236911283,4.356971464307456,2.4039332325576868,2.5764996454668507,-1.4962520159730932,-7.0401734620050656,-17.33796841527042,-0.005175024447892093,-0.003198469174729983,-0.0016338527101931403,-0.0008289154107620644,-0.00015294169464893378,-1.2757742506269094e-05,-0.0002480743954682651,-0.001393262413835373,-0.0036438745501047643,-0.008054927715194535,486.945782255841,496.03298802902066,500.20246461912404,499.5190148324085,504.2680270960919,519.0132770670202,535.5011310213348,543.7566899968696,547.3052995787175,552.4968248081153
hm101/bid_pre15_ret_vs_event_stk_std,hm101,1210,-0.0365570853717752,-0.7187580364145153,1.0,-0.9828013544845889,-0.9828013544845889,-0.28484848484848485,0.3659321507819446,0.6340678492180554,-0.0010585159616532099,2.1718936000548723,4.232272062670378,7.956925804747996,8.743580694807326,10.168649002026191,9.594238005115493,7.180662180997105,7.6230292837888625,-0.9659136182727321,-40.96311401584359,-0.005964304410517985,-0.003177448591904989,-0.002285464730662999,-0.0012240857669171257,-0.00033876435392497263,0.0002740018681344751,0.00023974746473081823,-0.00015861458509934458,-0.003268159342779698,-0.01959547696118013,408.7159178979501,442.7185304492717,462.8709733728338,476.84272376689466,493.63493765363495,504.5756668411903,520.1548396834777,539.3960551527867,572.8159685525436,696.2872696484144
hm101/bid_pre15_spread_vs_mkt_mean_corr_pre15_divergence,hm101,1210,-0.017399195039931745,-0.5672639450287439,-0.4080971222675258,-0.6279656709858119,-0.6279656709858119,-0.9515151515151515,0.6026197324785398,0.39738026752146005,-0.00016760090807061353,7.121425179107011,11.194824304914352,7.002528421287586,4.598757023454486,1.5044818472640813,-2.2283839230632077,-0.4651463746843763,-1.6021370636677261,-3.2749428904553213,-8.180805857399616,-0.005616717645141054,-0.003639351765046723,-0.0010767370258586632,-0.000165932174630129,0.00011463996475563997,-0.00026234072283358234,-0.0007028094066086676,-0.0010944303258314562,-0.0016934344957853819,-0.0030944805348811074,438.70710165038713,479.5350959752999,505.1256061638361,523.2640677528971,537.1179523087382,540.3285777818687,547.2042480542957,539.7424939326673,537.4284064093171,529.4459208486866
hm101/bid_pre15_spread_vs_mkt_mean_skew,hm101,1210,-0.027900638280357947,-0.40571337710177224,0.40217464621184706,-1.0,-1.0,-0.7333333333333333,0.4177550746753791,0.5822449253246209,-0.00034901694833720294,-0.44810423286519124,11.391179727336873,15.490504920786842,11.379255133346547,8.694985773499743,4.348085818945161,0.1834904277814391,-3.9018388168101223,-8.939875144951992,-22.21035395168743,-0.0021191890848853714,-0.004421505913805336,-0.0034504366744942325,-0.001316886517832016,-0.00020181143596914228,-3.350683657391361e-06,-0.0005365532833518571,-0.001884110922344761,-0.0040326160129034476,-0.009585160802777203,423.69993130994277,467.4537092893292,496.26898877695737,512.5574396407522,529.8129433506867,539.3996843960259,543.7236901342504,546.2003539646189,547.2858184137284,557.4984446670662
hm101/bid_pre15_vol_rank_corr_post15_vol_rank,hm101,1210,-0.05416140262187231,-0.9773473137622087,-0.6648408532805941,-0.9999999999999999,-0.9999999999999999,-0.9636363636363636,0.4097496396404865,0.5902503603595133,-0.0007377355336001654,17.35288945701247,16.34683585533551,17.20478140743665,16.865243490426145,13.94914972017189,10.782098297511396,4.914480107586746,-3.566647328620003,-21.586005091210254,-56.67901756701228,-0.01007243351728504,-0.00591120049811358,-0.0036758634386099037,-0.0018021867843833973,-0.0004286440993008909,0.0002500645199151229,-8.880050844056166e-05,-0.0020135200786509867,-0.007909547489719655,-0.0217715351936832,420.47497821903744,450.90367667536725,472.5953459205074,489.8404875944275,504.5510252042731,520.0915246507792,534.5707654981076,554.0756206996541,581.5920929220564,618.9960419373797
hm101/bid_pre15_vol_rank_corr_pre15_volat_vs_mkt_mean,hm101,1210,-0.026808912646462933,-0.6307131861898256,-1.0,-0.31865051817490336,-1.0,-0.9636363636363636,0.578953820441904,0.4210461795580961,-8.003194871226027e-05,15.844441360614695,11.37848187151211,8.776495535220882,7.565590731195496,1.7173357755605967,0.13463276096883645,-5.003249961472062,-6.8710771941282704,-12.12260445750773,-5.789264340237495,-0.00910968800307178,-0.0038663337127691415,-0.0019953649275328777,-0.0005997162773739376,9.631532464910458e-05,-0.00020525585889226962,-0.0011435705953687543,-0.0025719707192199803,-0.004829761963083689,-0.002503533965087378,443.6014094196083,485.6022439727812,501.8839707545885,523.2995419654633,535.8953721755631,544.90921678754,548.7770498616699,553.557183358345,542.1197603569439,498.889221729119
hm101/bid_pre15_vol_share_p75,hm101,1210,-0.05883972143196445,-1.0,-1.0,-1.0,-1.0,-1.0,0.456463569554286,0.5435364304457138,-0.0007598070065016003,24.07697300538609,22.063109157793907,16.144622953263607,12.53441830034304,7.7624656964615575,0.6348401812470219,-1.7615093196173803,-10.33661087124362,-20.485465950315024,-35.37973799823087,-0.013261251937941898,-0.007496025704781631,-0.0037402434302866738,-0.0016799568794390058,-0.00033388710560505795,9.28018686266249e-06,-0.0006092576549351317,-0.0032203351505456263,-0.008467930747381315,-0.01928030600140922,447.74042405089267,475.5360581780184,483.69561172180255,490.6581265908173,493.8030634911336,502.8579284582156,516.8363292768329,532.7135988118358,557.2436339011193,626.6506160708384
hm101/bid_pre15_vol_vs_mkt_mean_corr_post15_divergence,hm101,1210,-0.06652727846170665,-1.0,-1.0,-1.0,-1.0,-1.0,0.3776051130604423,0.6223948869395577,-0.0009920620901015748,20.624657729232528,19.28669916340623,18.07183352532491,15.150751728194372,13.697084404115108,11.841323627374955,7.905315154977073,0.9125482137523869,-21.20424892369488,-70.72292863256403,-0.010611598632557267,-0.006832810211580509,-0.004439082057369461,-0.002220989181455408,-0.0006419527044778048,0.0005116679500831422,0.0005113871331630756,-0.0016793351742403389,-0.00994513885378203,-0.030187364639388377,468.66064757029267,477.1095376508362,476.81954795452987,472.5088672527303,470.80155639795623,475.1321815788963,497.0798761742448,534.3042015365287,585.2455755719471,662.8734110666737
hm101/bid_pre15_vol_vs_mkt_mean_corr_post15_vol_rank,hm101,1210,-0.053011968253787574,-1.0,-1.0,-1.0,-1.0,-1.0,0.4099412163752821,0.590058783624718,-0.0006003477592489726,17.044414187223683,16.38428592433884,15.030345538269119,14.988398096343662,13.61710139382327,12.029489761337258,3.460245542194608,-4.296975222252066,-21.943557891594242,-50.72128354133566,-0.009820333025066687,-0.006015432170621597,-0.0034125217974823956,-0.0017826431434698612,-0.0004547533210902884,0.00030329647239689487,-0.00018732149842252082,-0.0023292376018718554,-0.008496736034850714,-0.02021593837405961,426.1951999571812,451.5459694216846,472.5524255081897,489.48265867683466,505.402937961206,524.412381538214,538.1263550163881,561.1497469485454,589.2155783855326,594.7545681287684
hm101/bid_pre15_volat_vs_mkt_mean_std,hm101,1210,-0.025920121770298593,-0.7281037763644151,0.9999999999999999,-0.9396850460493906,-0.9396850460493906,-0.11515151515151516,0.39790927714236757,0.6020907228576323,-0.0008695893285385745,2.3494268839566197,2.8488499297319625,4.858196150462545,5.4625592428240175,6.936284626614777,6.899144759350813,8.02750882344351,5.38662067037303,1.0974946122430767,-28.25985870754022,-0.005527256478668027,-0.002375749866238592,-0.0013228967498383872,-0.0005458917427583207,-0.00019604441842883586,0.00012217438261495056,0.0003368355368105877,-0.000438458788103315,-0.0020650073582115813,-0.013038236958938505,420.92775456725724,457.49044027663564,476.8283549921023,489.22617573707987,502.4043505367085,513.4966708797548,525.7091931726395,541.9716397878394,564.075747353348,654.2799975299167
hm102/imb10_late30_bot20_A5_inertia_area,hm102,1216,-0.07393234635916279,-0.9016027546034829,-0.6069134370790358,-1.0,-1.0,-0.9878787878787879,0.4631451943728583,0.5368548056271416,-0.0005995642838495593,25.61274682196671,29.461911996965878,24.10867224604681,20.586851854505188,13.726764004928098,8.593578886054493,0.6488923715010787,-10.080210826369667,-22.917310380757574,-44.92617752938289,-0.014510663969389919,-0.011023051171586872,-0.005734375618587831,-0.0023317002541359574,-0.0003639345944728312,-1.5762095786773327e-06,-0.0014252672089764492,-0.004910629523368307,-0.011056589270430258,-0.021974994254786134,431.0948219619572,421.6864296063762,440.30959627532366,463.07584725453705,479.4299066399181,499.3744466494074,524.3809118510052,549.1243316753419,581.7123757160404,622.3507762027127
hm102/imb10_mid3h_all_D2_dr_skew,hm102,1218,-0.02015999489519215,-0.9004531527184984,-1.0,-0.8442076647312042,-1.0,-0.9636363636363636,0.5020231890974934,0.49797681090250656,-0.0003713679808286317,12.458646978714961,9.185433132126212,6.940774527284286,5.0064680011133245,2.5113773949866967,1.6746947356416746,0.9452265937437174,2.4319626314122824,-2.6046969972860214,-14.437958768991871,-0.005821855265715124,-0.002779874627995982,-0.0011339756661502803,-0.00022044125386381914,2.1797222315919212e-05,-0.00010504882216558865,-0.0003259691489991134,-0.00013704556369232944,-0.0015920487940104945,-0.007694164994086744,450.62217592862555,477.19540551012193,497.5821583645702,509.6591905752915,514.8688115933182,517.7734157266142,514.3563120671903,511.10091773486107,528.302688074644,618.5463710835654
hm102/imb1_aft2h_mid60_B4_dr_std,hm102,1217,0.06850838258589285,0.9723202908100838,1.0000000000000002,0.8878175224040434,0.8878175224040434,0.9878787878787879,0.5134309189202548,0.5134309189202548,0.0001254402792730395,-34.67996704476167,-28.017178909302263,-13.944528665644555,-2.5911103610405006,5.12052512966163,12.15894753313795,14.801855809974432,22.981247952015874,26.6409102603589,25.780327900087624,0.016483900301739608,0.011741296926873736,0.005202660062150851,0.0015570108235904185,0.00012504879260392092,0.00031950609168619173,0.0016897186413714223,0.005574724344465378,0.010914470619200105,0.014774605702938088,590.7490015832079,596.4627381321267,553.5622294491992,531.0207331292174,508.5213411742791,487.03011524294243,469.09658340204624,446.8302985766307,422.47396749495,448.17342465248043
hm102/imb1_late30_mid60_A5_inertia_area,hm102,1216,-0.06774580965004685,-0.9752160821860338,-0.8642548992624748,-1.0,-1.0,-0.9878787878787879,0.47164644234825337,0.5283535576517466,-0.0006836844141451639,24.12683045788428,24.931431693762132,20.804561909997794,16.780426171164613,13.881443239016585,7.683361687077818,-0.26885665127631697,-5.293248785930574,-18.740170870932964,-39.1932685567009,-0.014282698912822177,-0.01003356490284282,-0.00507014253063132,-0.0019155770762796366,-0.00032762936125010136,-4.038875591217052e-05,-0.0015252438751707038,-0.004267324205736081,-0.009887164135645667,-0.01971239147961101,423.44900217913465,409.03577935415825,427.6792749158689,447.40401357479095,473.9301394461506,495.4277608594332,524.093072170435,561.7071879571092,593.9027293539376,638.1943665343871
hm102/min_imb10_A1_half_life_corr_min_imb10_E2_dfa_alpha,hm102,1218,-0.040726243344348365,-0.9999999999999998,-1.0,-1.0,-1.0,-1.0,0.48712454566208796,0.512875454337912,-0.00041002103597396404,24.14575665613604,18.593854696060983,17.58179234477301,13.093152096333503,7.617902273589013,3.0546192708677515,-3.9520951812328557,-12.44174084032401,-20.080798385787006,-25.54702855987807,-0.010050883794360675,-0.005209036139335467,-0.003031081193822401,-0.0012047892353670674,-0.0001432311118930016,-2.504936373891464e-05,-0.0009519956022998129,-0.0031349917230706612,-0.006444884680774459,-0.010120279463711935,473.7893826608353,490.5928446076575,500.29645485815905,509.7042510970092,514.8774598914571,520.6789939272838,526.1463491176755,530.2997276494949,538.1111615803446,582.8737242147506
hm102/min_imb10_A1_half_life_corr_min_totimb_A5_inertia_area,hm102,1218,-0.023242713845572357,-0.4912884332504904,-1.0000000000000002,0.0649483945411024,-1.0000000000000002,-0.8787878787878788,0.6574422998462531,0.3425577001537469,-5.5237020709076435e-05,24.72047841525325,17.763706893025116,11.433198157107503,7.049986516171664,0.4427832557340392,-2.29378270677358,-10.769586963249587,-11.721824201034675,-13.844542457622376,-0.6891583263268255,-0.009028869665772134,-0.004469484610445099,-0.0016694672742041058,-0.00021307498144227402,0.00013646844049379814,-0.0002984235193417526,-0.0017329727544319938,-0.0028747629937967796,-0.0038928138745824336,0.0008559244086594845,487.3271193507658,501.20319460652775,511.48886254612245,525.1046211438165,528.1668465580824,532.9889137369482,532.8820216901723,531.6871514416229,515.1271564719453,528.2328432275643
hm102/min_imb10_A1_half_life_corr_min_totimb_D1_jump_runs_z,hm102,1218,0.031012179930496413,1.0,1.0,1.0,1.0,1.0,0.49877422901641405,0.49877422901641405,0.00033133522937681424,-18.217912063594103,-13.945086270919024,-6.363702314271033,-2.261285184823114,1.0739084931172715,6.069885401006914,8.055634205574504,12.998795638336107,14.415043867032743,20.3452084663128,0.007817794992225499,0.004701682741839556,0.002002963011215377,0.0006867617821278338,9.361213396499041e-05,9.941168040618741e-05,0.0006394675401365442,0.0022178915855508787,0.004065829556816259,0.008355429676836466,600.9960914383231,542.7150736458577,533.781348124849,523.5281889976407,517.6664611364137,513.5058909024863,505.780350013396,495.9708186213916,484.7916543452144,470.4811515348912
hm102/min_imb10_A1_half_life_corr_min_totimb_E2_dfa_alpha,hm102,1218,-0.043089142327973715,-1.0,-1.0,-1.0,-1.0,-1.0,0.47853955313468927,0.5214604468653108,-0.0005393565582956225,23.365295069628694,20.304024069586372,16.656323141711596,12.448361366417442,8.791735600749009,3.5664525663720243,-3.5644470150778997,-10.307948275374144,-20.62315044310603,-28.574507134638974,-0.010274365234680739,-0.0056989804613091265,-0.0029752821180978216,-0.0012280533881829394,-0.00018507426592785268,-2.6691220531264764e-05,-0.0008836039817368577,-0.002827206173871901,-0.006653462794476417,-0.011797066130863102,470.51107118991104,489.19640780082057,501.92901858105944,508.06790485185206,515.4521715489012,521.2215871729051,524.5504290355915,530.769862944974,537.4967679783596,587.093165397613
hm102/min_imb10_B2_max_drawdown_quad_coef,hm102,1218,-0.01274408943638655,-0.48407007693747295,-0.3854517645355284,-0.508109739635885,-0.508109739635885,-0.9515151515151515,0.5396429701653428,0.4603570298346573,-0.00011032264778120527,6.197653390266762,9.756486323974688,5.350659669469898,3.9929831794040576,1.7333709960683479,-0.24039045565055817,-0.6805426042981353,0.5867432464875872,-1.7220786578077845,-2.858536556816787,-0.00300204201911598,-0.0028115653400132305,-0.0008589157675892646,-0.00017639798575645003,3.119767829566852e-05,-0.00011918745161467493,-0.0004274425697300319,-0.0005868342855143537,-0.0011393744072512675,-0.0035432046403157686,529.7683548358602,506.2450419268223,515.0218149652976,518.7926320003129,519.5844979254281,518.2245394695275,514.4002309359385,511.5378492459176,502.29152096870087,560.9513456306026
hm102/min_imb10_C3_cold_gain_corr_min_totimb_A1_half_life,hm102,1218,-0.048588167329810555,-1.0,-1.0,-1.0,-1.0,-1.0,0.453665214392343,0.5463347856076571,-0.0006784598998848504,20.9065803467839,20.688362757084565,17.239214080074525,13.773747852960899,9.84050522623065,5.018749478184771,-0.10095753363728353,-7.367468662832202,-20.620977216400174,-37.32495659641068,-0.010126543557476046,-0.006428472407296591,-0.0034063855445267744,-0.0015091604927248306,-0.00026440569064742277,3.165187853410259e-05,-0.0006827654210908574,-0.0025949449501687888,-0.007330971871888782,-0.015597709372639703,448.7598890099706,468.8179456577931,480.69640906402407,491.0265450342198,504.3279662591415,516.3401457322564,531.5105747581332,543.8582108861358,560.0659394651522,623.5525952569574
hm102/min_imb10_C4_hot_cold_std_ratio_corr_min_totimb_C2_mid_deter_ratio,hm102,1218,-0.05346365969824553,-0.904241055285178,-0.035665687006900704,-1.0,-1.0,-0.9151515151515152,0.38208918819366927,0.6179108118063309,-0.0008547438468752652,12.785826132389698,14.764618847561099,12.98024790390378,14.076313786996351,12.55838022928629,10.310468925881777,5.200536827829705,-0.8530014791201781,-14.489220811651016,-45.28526878260157,-0.007777155886903851,-0.005958467516263492,-0.0037377942500828026,-0.0020695654079702732,-0.0005583148881786622,0.00037090356637408116,5.2788650417715404e-05,-0.0021256197403498574,-0.008016853292023998,-0.02278883708638902,459.568377379729,449.8307491609294,450.6105600697424,459.6252178213757,466.90601274600994,481.0243084415034,502.6927754734093,538.0541676725467,583.1787405568004,714.4630111451136
hm102/min_imb10_D2_dr_skew_p75,hm102,1216,0.044744033392932016,0.984645948474015,1.0,0.9264128016255132,0.9264128016255132,0.9878787878787879,0.5470362726446419,0.5470362726446419,0.00046091064520139126,-33.34406978751526,-24.154477774184745,-9.88718617901263,-0.5616017148067257,5.781061110662533,11.137707579820702,14.804369554246515,14.372843383621367,18.932271609461946,22.00294983756033,0.012501816372906947,0.00788304241806403,0.003221807382800819,0.0006747583655230508,-5.6950130311090696e-05,0.00031714367863172534,0.0016021586870968538,0.0031188097923329507,0.005879240809038476,0.009141295371646927,638.9980591458007,573.6967834393286,550.2169955703946,528.8298897041846,508.08387362595397,493.869520215055,479.2201409257698,463.93111599729053,451.8452838026852,442.089642901489
hm102/min_imb10_F7_absD_tau_slope_p75,hm102,1216,-0.015329349529509846,-0.9529699985531346,-0.7591615657473121,-1.0,-1.0,-0.9878787878787879,0.2710217582326236,0.7289782417673764,-4.6285331302591245e-05,9.305834519087373,9.999730308285862,8.275941989969,5.311706078456565,4.931291764497841,4.142412931578101,3.287056415627094,-0.2301716014664,-7.221556896735226,-18.81501808074108,-0.00016746526405823586,-0.0016976497669283501,-0.0013483608590539192,-0.0006777514740336501,-0.0002508155661060373,0.00026667244897318006,0.00041650047641136705,-0.00015138326663843466,-0.002718335744186254,-0.008954475182586923,629.6675655082344,539.2591895156081,519.1524979702247,499.55135505006865,486.4610846663484,476.94450166699437,478.31271522797573,479.3267776609091,488.1714849168215,514.3946605609663
hm102/min_imb1_A5_inertia_area_iqr,hm102,1216,-0.07676577696298285,-0.9837704475082034,-0.9025429114251059,-0.9999999999999999,-0.9999999999999999,-0.9878787878787879,0.44461811280323627,0.5553818871967637,-0.0006369168039178318,25.355842666827666,26.085019234804218,23.679176953899248,17.723181075821955,11.850141804467576,6.231652905265849,0.17679279133440734,-8.621324746428034,-20.539241531530603,-63.04368146711044,-0.013077645123708162,-0.011535291451857513,-0.0063796446676293575,-0.0024418320830355117,-0.00041385680755436565,2.6041902625506575e-05,-0.0010498081192769867,-0.004168292211217901,-0.010430466635958485,-0.026658064961452118,510.99996485214655,406.39482850706264,429.7780679872931,449.5927178683011,468.7809143463922,491.5673546901434,514.3766637892321,540.620443874054,589.6926812266989,680.3245030262503
hm102/min_imb1_A5_inertia_area_trend,hm102,1218,-0.038092695032233184,-0.9931223751161522,-1.0,-0.9848638487392567,-1.0,-0.9878787878787879,0.49925857949775765,0.5007414205022424,-0.0001424063493797944,22.11938167414255,21.124416016776383,16.419618797781204,11.109286724631506,7.222863505388626,-0.17433230127994295,-6.054526832124512,-12.623953050973912,-18.599823562621722,-18.459314669297722,-0.007153345234485433,-0.006702653423135054,-0.0036236132097665318,-0.0012964311341565745,-0.0001709642177875903,-0.00014816078338856714,-0.0012896836763074972,-0.003922167444369604,-0.006459347692650945,-0.007183921866805539,541.904857988053,469.434061315014,473.7821317901379,484.13585322828357,498.5092307276909,509.8162979961838,531.5988206628841,554.2604727702727,565.9397684262101,535.6286059611153
hm102/min_imb1_B2_max_drawdown_corr_min_imb1_E1_hurst_rs,hm102,1218,-0.07047874705105904,-0.9664528267814425,-0.7873807385734287,-1.0,-1.0,-0.9878787878787879,0.4432689899963436,0.5567310100036562,-0.0008539660471276005,18.811165638621254,20.01518496493606,16.9736712540358,15.009017893664712,9.893613954454224,9.443151165898344,3.7196449486610255,-3.521727083345735,-17.745055069775475,-50.561468164857395,-0.01356670933423545,-0.009539713790954208,-0.005248938835365898,-0.0021473117058542854,-0.00035983268791948774,9.811642194867208e-05,-0.0007544057888474318,-0.0034675924555804213,-0.009575499045308246,-0.025062893781814727,389.9553926909142,396.2274447318001,415.99712111885816,446.29428526885584,470.4885685893433,502.2647909237173,532.0178061898853,568.4361208875629,615.6735062356222,714.2444398855591
hm102/min_imb1_B2_max_drawdown_corr_min_imb1_F2_posD_ratio,hm102,1218,-0.06856669556268882,-0.9821629641494349,-0.868350713598842,-1.0,-1.0,-0.9878787878787879,0.4411167806556336,0.5588832193443664,-0.0008583621020426906,18.27336233597153,18.892430937485457,15.881990522557969,14.137218234787364,10.106684390552324,9.437181711271053,4.5900779657413695,-3.151395056897533,-16.225695694087428,-49.9023432878426,-0.013258651746646024,-0.009153520806603026,-0.005038348826131329,-0.002064042464265263,-0.00035271823607274747,0.0001254290035164049,-0.0006627009020897769,-0.003357235435027871,-0.0092678940679375,-0.024678649979389115,395.4101855229642,396.37737970610704,414.8161575386556,445.0957737419162,471.47500266715514,503.66596949087517,533.1232073868412,568.7833921069164,615.768229748087,708.7901702515438
hm102/min_imb1_C3_cold_gain_corr_min_totimb_A1_half_life,hm102,1218,-0.04730723422699352,-0.9671911730129069,-0.8710452905099849,-1.0,-1.0,-0.9878787878787879,0.4732243888172928,0.5267756111827072,-0.0005714844408302838,20.57900786313525,21.472288307718447,15.997923214394127,14.215477536149306,8.511395483005648,4.920382228296391,-2.063274802223328,-9.494777929529606,-19.986119930050503,-32.088096716117164,-0.010632055713899665,-0.006788593704850601,-0.003159951775628007,-0.0013442589417913533,-0.0001916364923053571,-3.9303210066627834e-06,-0.0008712276059119034,-0.0029999416833855603,-0.007133948152707336,-0.01361020539467672,442.123327757087,464.8297011068443,482.98612952576724,499.17522576234376,510.4421910499899,525.7131746847684,532.8644994346951,545.0713326485999,559.2899963330967,608.412189659294
hm102/min_imb1_D2_dr_skew_mean,hm102,1218,0.015522004620089295,0.9098220818417716,1.0,0.6207360175710358,0.6207360175710358,0.9878787878787879,0.5329714402278308,0.5329714402278308,0.0002987879192132301,-11.332537668886427,-8.989503586997296,-4.3237548292964485,-1.006444811958901,2.326495820523197,6.597638911149686,8.01315097514393,9.666541602595638,11.130160725499339,10.069517749024572,0.0042657097888778445,0.0022227187558392396,0.0012586576685989725,0.00035468137413597825,1.1772142514250748e-05,0.00012985436496756013,0.00044298297724514193,0.0011017711556825776,0.0022846301819497276,0.0031504382910647745,578.5037096828631,505.90367972072227,508.67123861036976,504.1477614328804,503.25375845238216,505.8316355688062,508.7984658771892,510.6341315896685,518.1971814847791,535.7270586421615
hm102/min_imb1_D3_dr_kurt_excess_std,hm102,1218,-0.025810908997569583,-1.0,-1.0,-1.0,-1.0,-1.0,0.5709590343813946,0.4290409656186054,-0.00012208111826487146,16.588371000852902,10.616362475251325,7.687287063793868,3.695573096526503,1.8288443370806193,-0.17733793130089956,-1.7975280663645667,-2.7609798927740914,-5.833332344152118,-7.757025573913606,-0.008567039443999284,-0.004299346824540067,-0.001648006361990043,-0.00021716543276045783,6.428970293220926e-05,-0.00019642088237857385,-0.0009962768624539992,-0.0019405353417869403,-0.003540744375468925,-0.0043475820568585856,491.0065748147355,464.04081254564494,481.4831846395984,494.9267103104989,505.78182879879614,517.889656187846,530.3266204014813,543.8773278971294,561.5330797604403,583.4765474845196
hm102/min_imb1_E2_dfa_alpha_corr_min_imb10_A1_half_life,hm102,1218,-0.03556700295247198,-1.0,-1.0,-1.0000000000000002,-1.0000000000000002,-1.0,0.4874407623120466,0.5125592376879534,-0.00032693409566829395,21.175177755289102,16.876626658719275,14.34666261135194,10.389934463453653,6.944912324304143,2.1763189775788288,-2.8431071152547824,-7.986804393456639,-16.215750049460485,-22.78878084763202,-0.00899202108320945,-0.004601357302736518,-0.0025113787891002473,-0.0009365561081277729,-0.0001361327443154428,-6.0691598732722274e-05,-0.0008024341168438231,-0.002272026580722504,-0.005296066441496004,-0.00963140409151926,475.6522922163318,490.7207618509825,500.7489865694915,510.1421614501955,514.4849925281754,519.7545074668124,525.6192377093646,528.8635913490161,535.1486370679961,588.9457028875132
hm102/min_imb5_A4_final_r_mean,hm102,1218,0.06961361613068864,0.9999999999999999,1.0000000000000002,1.0,1.0,1.0,0.5165484916894703,0.5165484916894703,0.0007997957973777799,-42.649632355117966,-28.74279575506472,-12.121809006717065,-0.32365338207801087,5.0490979504840405,10.890954107555627,14.62036451413886,20.476147733156274,25.11222656138752,29.915223801281773,0.017292950470009377,0.011786463655875658,0.005053256898837653,0.0013434657299740466,6.95383458651733e-05,0.0003115866956807065,0.0018272335296535527,0.005116830037338288,0.009558144769539345,0.01645435020053702,680.7077758324263,612.6285237183955,567.2544363343039,527.3993927926541,499.76491648961445,476.1204797512648,454.31294206157986,434.31772366796935,420.742499194249,403.4074531369281
hm102/min_imb5_B1_decline_count_corr_min_totimb_F3_D_std,hm102,1218,0.016105837234227843,0.9705092778250756,0.9999999999999999,0.8067464102908825,0.8067464102908825,0.9878787878787879,0.6785910126068844,0.6785910126068844,0.00018202721253789565,-27.01699274718468,-11.145767615370323,-3.9198266398669688,2.267169080880941,6.145510455221643,8.001624579971173,9.093822853246936,11.968807095107062,13.698492790143954,13.089143173925041,0.007684427392699429,0.0027363186874516296,0.0007255835751919043,-0.00017709914446352237,-0.00016347614370120926,0.0002441872038202282,0.0008380950529176764,0.0014758192820244485,0.002054800071141737,0.0005051540446076196,529.8733880493746,512.7700863347616,507.1408932600427,507.0783976072918,509.0438966155995,508.2413041792374,509.9453634592779,515.7396686720314,522.9079179110139,561.5253194045491
hm102/min_imb5_C3_cold_gain_std,hm102,1218,-0.07679553991559832,-0.9999999999999998,-1.0,-1.0,-1.0,-1.0,0.4361656108023746,0.5638343891976255,-0.0008624096711505438,24.762604246715302,23.803945054386972,22.84032411701392,17.133043853147377,13.048525644071214,7.998368212253877,1.430984792526654,-6.619794267146166,-19.571601157253532,-62.81042718529011,-0.013159959431822157,-0.01062456732012199,-0.006264607489931947,-0.0025562429463381595,-0.0005140429449915704,0.00010020414550590693,-0.001010754655203055,-0.004265002217695495,-0.01045909665583662,-0.027179060728012683,482.5925959911921,407.4457967986572,423.5730940028472,441.1912895972596,462.05415399405683,488.3504484206809,514.9710561097944,551.4477707021439,598.4232469676912,698.9192680802262
hm102/min_imb5_D3_dr_kurt_excess_iqr,hm102,1216,0.02324090631074578,0.8911747613778931,0.9465097520838166,0.6657180958282872,0.6657180958282872,0.9757575757575757,0.5134521763474933,0.5134521763474933,0.00026495510589682504,-15.559923354437611,-16.136979850199946,-7.758287928154553,-1.3322073039440234,4.862102043471177,8.313737032374572,9.682437546960404,12.595501756376255,11.431932343803544,12.948203954066182,0.004359399824567981,0.004258089763266432,0.0023501299384670778,0.0007954665285345428,3.396609494746487e-05,0.00016329437000476017,0.0008266502563840728,0.0022288363795457526,0.0029811028843934224,0.004979015164737428,598.77056665421,549.1210103255635,554.4166093654605,537.6630211701984,524.8163770976845,507.00596918333565,492.10406785412624,474.9033155692001,462.6315433325543,436.74143428632976
hm102/min_totimb_A1_half_life_corr_min_totimb_B2_max_drawdown,hm102,1218,-0.07196707257291764,-0.9982380421709849,-0.9832938901161126,-1.0000000000000002,-1.0000000000000002,-0.9878787878787879,0.41706807018799513,0.582931929812005,-0.0010675012292639488,25.61409476966059,25.696989619449653,22.624499789746064,19.38835294965685,15.855988318045254,9.077673774166547,3.767067602072422,-7.792653536845969,-23.914782112666302,-68.31413801414999,-0.012617079417095903,-0.008788257831901576,-0.005154276962315551,-0.002438775147642913,-0.0005715580384978022,0.00022275186800982028,-0.00037508148508845187,-0.0032999518724284266,-0.009641282178397806,-0.028236060278295134,439.00314177153774,449.7928086582969,462.1297908443874,475.3457961843097,487.9250907527203,502.39129344678724,521.9783201487787,543.0374826550873,578.4903728217367,671.1525661074337
hm102/min_totimb_A1_half_life_corr_min_totimb_D1_jump_runs_z,hm102,1218,0.038404672374479955,1.0,1.0,1.0000000000000002,1.0,1.0,0.5325996727369697,0.5325996727369697,0.0004082611252004599,-28.866759080454386,-17.177237130379297,-8.416795549307713,-0.6924130233971794,3.878692359400155,8.362815731433418,10.813157910550384,14.004620484249111,19.174929454789925,21.10673355204646,0.011706640291141043,0.005594644278566757,0.0024383323004553187,0.0005152961902196785,-1.8036863837266267e-05,0.00019468897587037988,0.0009302170765051961,0.002488911699340277,0.005332171515012724,0.008813545786005307,619.6510776974712,546.5580662615798,536.6898888734889,522.0195203048605,515.6300266698873,509.8035268037976,498.87196044402305,488.288356820514,478.55668624888085,461.854849204947
hm102/min_totimb_A1_half_life_std,hm102,1218,-0.0789768341952158,-1.0,-1.0,-0.9999999999999999,-1.0,-1.0,0.453868102106441,0.5461318978935591,-0.0009580932135945163,29.075994394934753,27.106980571998054,24.8862362218039,19.2608447502625,13.923378688085922,8.725728826527723,0.22781995002330732,-9.375643727732108,-24.067085895990832,-67.76755988303624,-0.015919921429008655,-0.01083460095937749,-0.0059735922016076,-0.002296875783175987,-0.00038522752489272616,4.278665630276405e-05,-0.0011684138585501404,-0.004218191538351079,-0.01058975999288306,-0.026674944350077303,451.35219286403003,431.31183845385374,453.878284984687,475.59423581623065,495.6391927937157,513.6835357249932,535.2159865170581,552.7076240099104,586.0299783187279,628.5452478060865
hm102/min_totimb_A4_final_r_mean,hm102,1218,0.07175613233352154,1.0,1.0,1.0,1.0,1.0,0.5151840406092427,0.5151840406092427,0.0007321648441915784,-41.994753585601295,-30.143811614087934,-14.708736250814518,-2.8545898370581018,5.605739722510549,11.685758613574977,16.95126511652404,20.961130008474004,24.74002741576332,31.98126892282427,0.01779945190571287,0.01194348411945201,0.005227067522087345,0.001547709847580126,7.270115642015619e-05,0.0003085484980794488,0.002073364976045256,0.00511003412391184,0.009682973685617562,0.01725863165442336,675.5939571116915,597.5884797921786,562.5257145035965,533.4317523944733,508.3321890511031,486.1914672377011,463.5826042212565,442.22619110472544,423.20777738169943,404.05705123071783
hm102/min_totimb_A4_final_r_trend,hm102,1218,0.017301749910653596,0.762559674494941,0.7267749013518203,0.7393422949628848,0.7267749013518203,0.9757575757575757,0.39713765981719307,0.39713765981719307,0.0003376257910588716,-4.589566689133165,-1.6087131552450253,-2.5042849450903266,-0.28386262687213637,0.17484992148284068,2.300800079526709,0.7840710634550669,6.960624059099871,10.013166644916131,10.90504917639904,0.0033781383041757945,0.001364423462763864,0.0012563062051483425,0.0005787538528868134,0.00015947072872943245,-8.267304390841152e-05,-0.0002240066718278152,0.0009182135290153689,0.0025231346196100523,0.007092363133001278,612.4482606017414,515.9388069788359,518.8506705247821,520.29981885768,519.9294689156371,518.8795524278385,510.2955443001119,507.64218418881865,489.5488360949232,469.7585529356759
hm102/min_totimb_A5_inertia_area_mean,hm102,1218,-0.07883682862624594,-1.0,-1.0,-1.0,-1.0,-1.0,0.4610654241222063,0.5389345758777938,-0.0009425162534438573,28.859592871192074,27.6377152168937,23.11048823089912,16.670633812785564,12.361344612789448,4.855458341965595,-1.6826467264733782,-8.052714064239094,-20.54772607673614,-61.202214750681655,-0.015725151927750692,-0.011658517916771057,-0.0060100945308936456,-0.0021628636390094765,-0.0003577461564486878,-6.169857841428609e-05,-0.0013878097343807438,-0.004033914232468149,-0.009832600889312829,-0.02666391476735241,472.13820329033166,421.4179058535425,444.15071753039047,465.79670376819155,484.718809255186,506.70046278743376,526.0546633170277,546.7345084993796,576.2464978281987,663.6472452643573
hm102/min_totimb_B2_max_drawdown_mean,hm102,1218,-0.04487746552266845,-0.7720298310082497,0.1500958428014776,-1.0,-1.0,-0.8787878787878788,0.4249829887459524,0.5750170112540477,-0.00011442447619222245,10.596065727950116,18.162724091829357,16.997322713305675,15.726982576407531,12.571073239586424,8.16931396399819,0.7562798569428104,-4.963282481397613,-15.293128368265013,-40.65349910589662,-0.005567639981707339,-0.007248776362821165,-0.004000620097936581,-0.0018615682116395486,-0.0003449263151845676,8.68549130120848e-05,-0.0007762896517199751,-0.0028006080471729105,-0.006881997894217157,-0.015367469397089046,548.3312587596448,433.89094922444775,453.9602642501394,471.9315450056248,492.7970757054923,507.6271062445409,524.1801003218133,543.2288217360872,565.9864982081004,595.2563571767784
hm102/min_totimb_C2_mid_deter_ratio_corr_min_totimb_F1_absD_mean,hm102,1218,0.03525965573609727,1.0,1.0,1.0,1.0,1.0,0.5720343335159527,0.5720343335159527,0.00044801975864028554,-36.41599024914523,-13.478832081812982,-3.900110942341818,0.9235321583175848,5.5270065028140545,8.22191146784245,11.778447204494233,13.658685832253282,15.438889602596392,20.45183833793202,0.013355497974466883,0.004928294139297443,0.0014162668804155723,0.0003185909326103995,-0.000105198941825768,0.0002377793957985776,0.0011752115547586355,0.002366058955226142,0.004283491516996436,0.0068356435697126015,550.0814452936106,535.8787299897232,524.7519034963433,518.1832413972229,513.3540512382052,506.6420559602765,504.9015003767766,503.44423571886813,498.002594807296,535.6351991793796
hm102/min_totimb_C3_cold_gain_corr_min_totimb_C4_hot_cold_std_ratio,hm102,1218,-0.06685040780785136,-0.9016701425611015,-0.23933312595008138,-1.0,-1.0,-0.9151515151515152,0.40595657940914337,0.5940434205908566,-0.0007532947481760048,15.614849746795045,18.19955304568074,19.248380896087806,16.472119650881528,13.328370874467659,9.780825845301715,4.533296043912846,-3.434307222680178,-20.67677746377971,-51.02302881249892,-0.01019965040925835,-0.008050781397536485,-0.00545499999317229,-0.002548590486693265,-0.0005785356398648615,0.0002774980411552473,-0.00035314760633516496,-0.00320574053000134,-0.010298364992193814,-0.025684800045775093,438.98480803052047,432.2337226340189,441.0619247698656,452.9917733547261,471.04690618938025,489.5476803814106,515.0434595238478,548.1660428302663,592.1255831744685,716.4034611796064
hm102/min_totimb_C3_cold_gain_corr_min_totimb_D2_dr_skew,hm102,1218,-0.03749639574839859,-0.7759127304520715,0.08381618724496279,-1.0,-1.0,-0.8666666666666667,0.42824893405737224,0.5717510659426278,-0.000550339337781692,8.33725908091965,12.398074326365933,10.144887251980167,8.842587453636614,8.987799615085072,5.448503910025051,1.3627647175316142,-2.3492675956279254,-10.285153624160744,-20.789877112258303,-0.006557671728761468,-0.005040505926342642,-0.002725021771943677,-0.001209374834944928,-0.0002895350134774996,0.00010617299803510566,-0.00044813594334202305,-0.0018762237620379325,-0.005338506886478064,-0.013567253541323737,455.5817388296175,457.2781858928287,471.2173248830579,482.22019937039596,494.1330556335593,508.39117121785364,521.2332012702658,539.164917991984,566.8132849191908,661.5960326095329
hm102/min_totimb_C3_cold_gain_mean,hm102,1218,-0.07955630373395106,-0.9618304501754216,-0.7297334215427727,-1.0,-1.0,-0.9878787878787879,0.4236933985727265,0.5763066014272735,-0.0008663206939926899,23.98227387841593,25.826730829647623,22.360243946377864,17.515889633110746,14.022019898113543,10.678752106045398,4.823846328435929,-5.641245505767595,-22.58599988651104,-68.97427750275871,-0.012183510518552024,-0.011509532524267544,-0.006396551573268203,-0.002713795821903165,-0.0005370359098392019,0.00018643997186507916,-0.0006298610065119857,-0.003956396795587221,-0.01130396827644099,-0.029645770585453052,520.4489494769364,415.74898529549426,428.992109889306,446.1034722562639,469.5614737949157,492.73395453267375,515.6675910381902,545.5641833776389,585.827182764451,672.7364106093578
hm102/min_totimb_C4_hot_cold_std_ratio_trend,hm102,1218,0.024562853099360075,0.7989679725840741,-0.1806156201800929,1.0000000000000002,-0.1806156201800929,0.8666666666666667,0.363182580596665,0.363182580596665,0.00044406536056250704,-3.094454519865504,-5.842895933853553,-5.73815982081186,-5.7713489717194735,-3.945545969111101,0.19216717030455363,4.931385039711956,7.178398304758802,15.227811865936308,19.015790911967795,0.0028584402041848564,0.0022165870142605193,0.0020871011481672533,0.0012256248733119417,0.0003717703319151353,-0.00017616949541712253,0.00011493454655166912,0.0012601767175583166,0.0046045869636586806,0.00955573543460633,590.0576081377556,510.29666595623394,527.5970293219289,530.5524938026724,534.0380290455745,528.8770210838063,516.4751318408315,500.82000407238775,482.38466937486305,462.8709428403676
hm102/min_totimb_D2_dr_skew_corr_min_totimb_F2_posD_ratio,hm102,1218,-0.010930092568475817,-0.010336102106609039,0.6367009779886365,-1.0,-1.0,-0.5393939393939394,0.4009839563153708,0.5990160436846291,-0.00015492926005011756,-0.8978580655854687,5.246115777972999,5.6802859767439475,4.062644937377399,4.772146913216918,3.4721358982500825,0.7898362875263928,0.18667726202877663,-0.13119911972830697,-1.0500831867017513,-0.0006846830111801857,-0.0017948888429402678,-0.0012983931134410715,-0.00043238334314152984,-0.00011031930265370114,2.3730735632471017e-05,-0.00023386228936977266,-0.0006522166987444626,-0.0012984057293678826,-0.004293741713219292,501.80682435415105,492.8446934265985,494.6426804655869,501.72005199408073,507.85738530348874,516.9067439053404,520.0411821399878,527.9061773990715,531.1211139640069,597.2565315855254
hm102/min_totimb_E2_dfa_alpha_mean,hm102,1218,0.07746714532027414,0.9999999999999998,0.9999999999999999,1.0,0.9999999999999999,1.0,0.5364150027329321,0.5364150027329321,0.0006939679111986396,-52.743215034108374,-31.319276775271785,-12.662499505358593,-0.7444999358479192,5.968386016626304,13.670511788785534,17.59927278284349,22.74107125889454,28.041582262563278,31.691505061258074,0.0230890619344643,0.012188163533579854,0.004763500351979663,0.0011531291443535397,-1.157079467218237e-05,0.00041392232507206833,0.002214435733533285,0.00554044002922106,0.01039660971078936,0.017025485440754648,707.3112854287192,590.6657083713294,549.2165161336599,519.227338968238,497.48031273101066,483.87010310302117,464.0167108524613,445.8611031325486,428.33541158175296,402.9649864133184
hm102/min_totimb_E2_dfa_alpha_period_ratio,hm102,1215,0.021355508100275644,0.9897339969085621,0.9567377762962014,0.9994268035294412,0.9567377762962014,0.9757575757575757,0.42212829545577535,0.42212829545577535,0.00036009308391667127,-5.435694964656016,-5.544135399704997,-4.063165100921397,-2.6506055490497547,-0.6394061099874419,1.976947861327292,5.166422723951948,9.690430163427173,16.26759160527097,16.263494757843706,0.00372297914019148,0.0022745853986078004,0.0017354987993329987,0.0009500334537441939,0.00017966196136574112,-6.856589369103967e-05,0.00019203481083182944,0.001415240682454601,0.004030114881003881,0.006563831782517512,600.7037353082144,514.1286652584813,526.55801206547,525.4832683845344,520.0270746645423,513.4209395415921,507.32202047701355,497.09173552858533,485.7624450547872,482.1131529252603
hm102/min_totimb_E2_dfa_alpha_std,hm102,1218,0.08337994144889348,1.0,1.0,1.0,1.0,1.0,0.5427498396154297,0.5427498396154297,0.0010455055073077145,-60.31105141248618,-25.735549473505905,-11.207252263138411,0.44811985103878593,6.34250296456719,13.214837913615343,17.426799368944454,23.266690534054515,27.322772519332332,31.48329112629151,0.02803193963871164,0.011119791633616509,0.004532168900180503,0.0010101075041520353,-7.005774538202328e-06,0.0004069904615048068,0.002318970768967466,0.005969617858927889,0.011137111750544125,0.017814743199518892,737.1750819097288,586.3266058724796,542.5785455273524,517.6945496668104,495.7290742038984,478.4268117685056,458.7027709728027,436.44554507463124,417.38247783843644,398.4687835649973
hm102/min_totimb_E2_dfa_alpha_trend,hm102,1218,0.025139568814270687,0.997527336057602,0.9918772536693425,1.0,0.9918772536693425,0.9878787878787879,0.4474151840118678,0.4474151840118678,0.0003778517551465341,-8.4610567469155,-8.49246379811855,-6.015896385276017,-3.5831153238903797,-0.7907594299704154,1.0468376372116963,6.41721738324583,10.086812449567088,15.104289445692428,16.879541773416047,0.0048709954727555824,0.003096244470908736,0.001999029738648298,0.0009272005021206389,0.0001852980100245647,-4.292656503451536e-05,0.00048735252691451157,0.0017168228107757224,0.004293780134428566,0.007227919957582008,604.391812091056,521.0986689679735,529.0930113444506,524.2720531082964,524.6543252072062,513.256225848803,504.7999979908386,495.57752136639425,483.31864295193805,480.7762263535868
hm102/min_totimb_F1_absD_mean_autocorr1,hm102,1218,-0.026258150166903898,-1.0,-1.0,-0.9999999999999999,-1.0,-1.0,0.4090116851557645,0.5909883148442354,-0.0003861451101755633,17.54402459267686,13.38103892254708,13.288372674717177,9.721303825829475,6.668210519342448,5.183196367524775,1.0258000593533998,-5.354592713215156,-12.305866814112006,-27.082059766544504,-0.004752436442505238,-0.002914360535119827,-0.001851075664183407,-0.0008727852761796205,-0.00019129446862283672,0.00013759404352440402,-5.073474725914031e-05,-0.0012083188856503496,-0.003245271670002778,-0.010923321410729568,509.6065333258573,505.7602517816174,509.0169007645618,504.53435092890965,504.30213542345535,504.8228978674239,506.51819103762807,507.16020934364025,518.6586252016734,610.8477173669729
hm102/min_totimb_F1_absD_mean_autocorr1_abs,hm102,1218,0.026258150166903898,1.0000000000000002,1.0000000000000002,1.0,1.0,1.0,0.5907263552904128,0.5907263552904128,0.0003878747854470759,-27.015503637788086,-12.287908338187142,-5.385060045051828,1.0873171054864565,5.201023046053552,6.632342947761975,9.677753169276608,13.274876579305221,13.484257534534143,17.52174864517561,0.010924120967950663,0.0032416414809363667,0.0012070487998864694,4.6812514638912145e-05,-0.00013737027696510067,0.00019221009502936524,0.0008688144896368326,0.0018487964040026074,0.002934602504351396,0.004743598401989357,610.56641086793,518.7581778887713,507.1713553989463,506.4824148955265,504.87114275403934,504.18569300513235,504.51573847025776,509.0000120389979,505.85325723839327,509.57748317637123
hm102/min_totimb_F1_absD_mean_curvature,hm102,1218,-0.03819896661710179,-0.8210636455658682,0.32858993195241604,-1.0,-1.0,-0.8666666666666667,0.3327483412105043,0.6672516587894957,-0.0006413670983607406,9.604029036396101,15.009027262636476,13.98425657859684,12.14880255632962,12.40363269544454,8.318460176044784,3.574563326043016,0.08952426435913408,-10.728311835098191,-42.33711311586969,-0.002303048605433842,-0.004696113005278993,-0.003204253808587497,-0.001771652445396269,-0.0005221610750129327,0.00033941984717564115,0.00022295817323514172,-0.0009737708623956653,-0.005123380100577632,-0.019525597636469053,512.0394765719315,486.027082689126,481.4244521964961,484.16392036096084,490.5045187684972,498.53961350011434,508.6388724742625,526.853491940992,553.6307163977126,633.0021773232506
hm102/min_totimb_F1_absD_mean_iqr,hm102,1216,-0.044345201743400266,-1.0,-1.0,-0.9999999999999999,-1.0,-1.0,0.44431068341403884,0.5556893165859611,-0.0002019698752058945,23.0573016959018,20.180616871060902,12.369294240830891,9.14319278946572,7.783334729254341,2.2329672699717,-3.814872833458982,-6.901400101940792,-15.543354409138205,-29.56601646928664,-0.008617336657912053,-0.006581392824193553,-0.0028625793007349236,-0.0012250259971193376,-0.00032697473950194704,9.90130393413096e-05,-0.0006287214844634017,-0.002466782311657981,-0.006671286266248774,-0.014862145325703693,562.7143893325297,486.99536499063055,487.21171443701985,489.96701751055247,493.95821703603707,493.9768714333676,500.11231758155935,515.5351707277661,532.9490896965374,574.2458021214553
hm102/min_totimb_F1_absD_mean_period_diff,hm102,1218,0.026246732089204177,0.12144416379978874,1.0,-0.9396465835683935,-0.9396465835683935,0.44242424242424244,0.8996937730546926,0.8996937730546926,-7.535493502967021e-05,-34.72441274810365,-11.80672457616201,1.1386622885906914,9.885631890626305,13.729905558667525,18.132376433730254,19.2120391586993,19.453031744928342,10.108610019386193,-22.99037434360154,0.01847756073605415,0.005868277382385566,0.0007369100461300238,-0.0008252771645628994,-0.0005756532104999564,0.0008097616132623878,0.002801678487143942,0.004864275964424291,0.003847876116096245,-0.009683322946199937,645.248406357646,552.8047558201627,520.0438855152732,505.38717743711425,490.2273257334106,483.2471910412591,478.3543342735618,474.6850173144066,479.45856049283657,516.0829539932855
hm102/min_totimb_F1_absD_mean_period_ratio,hm102,1215,0.01401344518003577,0.06297890136874781,1.0,-0.9484168544285807,-0.9484168544285807,0.34545454545454546,0.9622191982905763,0.9622191982905763,0.0001580110836764423,-18.335186883867664,-1.5064145343636897,5.972985576174923,9.788568799768349,9.936363776756018,11.452977920097048,10.47962775428599,11.191414370154991,6.748146372059355,-14.721091759782107,0.01250395188572504,0.002168673911298549,-0.00014205264446461857,-0.0008568251978556987,-0.00034178326653645633,0.00044357129082138073,0.0013222265120914451,0.0025243941971146177,0.002316604213074991,-0.0060833268049098966,656.8240219596748,533.3501025993977,517.4887112417542,503.9372216856758,495.65268784989695,489.80823525258546,486.6492750461043,482.8807215572003,484.72621299053395,507.64351590629775
hm102/min_totimb_F1_absD_mean_quad_coef,hm102,1218,-0.03819294577656828,-0.8242162881693124,0.32587652098163317,-1.0,-1.0,-0.8666666666666667,0.332885533655978,0.667114466344022,-0.0006343240734534069,9.624518756333686,14.994437352907985,14.010661417515916,12.176594962635711,12.348852512379823,8.370660439625945,3.4626399340234575,0.15277414876634413,-10.726402358027366,-42.347894434017576,-0.002300727597425918,-0.004706403187322564,-0.003202457121841231,-0.001771748489711834,-0.0005213854327228595,0.00033895913258598365,0.0002176692112221839,-0.000959993908564849,-0.0051309433723748426,-0.01952159093695898,512.1231734990113,485.8745406633693,481.60828520915703,484.1026840597079,490.4368127029984,498.8267875611401,508.40366459063205,526.7501826641402,553.6967531327454,632.9594983668918
hm102/min_totimb_F2_posD_ratio_period_ratio,hm102,1215,-0.007839319789005478,-0.1954082872547011,-0.5473562794402913,0.06046087997338625,-0.5473562794402913,-0.7090909090909091,0.8101988395432791,0.18980116045672088,0.0003942182562027441,8.618211341256094,12.219127557283851,7.20158812646584,2.7206503741552917,-0.09055457355204238,2.080155631427059,-1.1788387020304356,-0.5519603706824566,-2.8097390309976484,2.790182372639199,-0.003094988326023227,-0.0033164302577007327,-0.000685135191975234,0.00024367103607253804,0.00018207977006351982,-0.00019448571777368724,-0.000839949936403201,-0.0011921343474259024,-0.0016674151852308805,0.00233125011118859,592.1099467856158,492.2786450873064,510.4849787036736,514.8813346319157,519.1006475273306,523.772506373388,518.829638485105,513.9720486482948,503.7572337130967,486.4113490680695
hm102/min_totimb_F3_D_std_period_ratio,hm102,1215,0.01381434020213624,0.07752430095492067,1.0,-0.9590407852454916,-0.9590407852454916,0.3212121212121212,0.9503428063911596,0.9503428063911596,7.103121926585164e-05,-18.16003921269667,-1.5328153928592287,6.035543718689045,8.69109440546967,10.512304761987364,11.56639352306529,10.224747064847609,10.766526828649663,6.709606487318422,-13.80464414067061,0.012144345639833772,0.002161291131369146,-0.00017508516265241374,-0.0007132747013566321,-0.00035642207931203975,0.00043777356254229093,0.0012536574522816878,0.002420741496920956,0.0022375614788904784,-0.005667279835646905,653.7218835851461,532.9532455089546,516.9977462939944,504.8781917464058,497.47095934802763,491.2236051175819,487.6973062167609,483.430230430553,485.48406465402905,506.44743702321824
hm102/min_totimb_F3_D_std_quad_coef,hm102,1218,-0.037677833947055886,-0.8683228885398234,0.1363315670124848,-1.0,-1.0,-0.8666666666666667,0.33658343104816196,0.6634165689518381,-0.00058064827179348,10.554535290812801,14.05274052855877,14.502617099398975,11.940567720677812,11.501878822020227,8.01584135795089,3.7096436120926177,0.14217969816103226,-10.8368099519285,-41.51540704324084,-0.0026432923914299776,-0.004413701989926265,-0.003233109065120451,-0.0017122820268628016,-0.0004839125634710606,0.0003360563029504562,0.00024051560053181314,-0.0009410632846700175,-0.005086347512659979,-0.01916004874460415,511.9316267770223,487.1944943252229,482.9896581332443,484.7987572922071,491.0294896733507,498.6069577656367,508.7702407988311,525.9466990507748,553.1262575271257,631.5896325301942
hm102/min_totimb_F7_absD_tau_slope_mean,hm102,1218,-0.03773234289374004,-1.0,-1.0,-0.9999999999999999,-1.0,-1.0,0.41072711360404807,0.5892728863959519,-0.0005319459629368485,21.893256381975934,17.314960383416878,13.491130066705406,9.850977580212572,6.441330732084922,4.035249323615783,1.2840769632557243,-3.7862531901829914,-14.652431118162173,-33.823041929723615,-0.007134741637559954,-0.004205444504260973,-0.0025202688185334554,-0.001118605075827751,-0.00030015162013155046,0.00017809416475647632,1.7665507791809267e-05,-0.001381893846335928,-0.0055546004291387235,-0.015180450671563138,534.219862206695,514.5743403892461,505.04333301811164,502.1209723922371,492.27252119363186,490.5908470664201,494.3477561722465,503.24655693104097,523.0825977889904,575.6664512366153
hm102/totimb_fullday_mid60_B4_dr_std,hm102,1218,0.04698075795788451,1.0,1.0,1.0000000000000002,1.0,1.0,0.43625157623957433,0.43625157623957433,0.00010146101981365039,-15.856810953688257,-11.772652682603114,-8.85864206939755,-6.143679760038901,-3.5237131730334017,0.9756502131496859,8.00637085912241,14.257714191788802,21.82911538735002,23.769177035131598,0.008225346005310613,0.0058962108678725965,0.003923025609843046,0.0019527135666344041,0.0004538711325757945,-0.0001276425161356427,0.0008739992754066824,0.0037854988769190547,0.009303121543100082,0.012593152576544203,595.6425626434809,567.0851018663524,558.4019306059811,541.693906979681,521.1208422959401,499.62555929524905,475.9628328615395,453.6844964599483,430.5871234280733,494.6676806227228
hm102/totimb_fullday_top20_B1_decline_count,hm102,1218,-0.017513401766228197,-0.9687307636546668,-0.9594830295674341,-1.0,-1.0,-0.9757575757575757,0.44069093779300955,0.5593090622069904,-0.00015294556170202946,10.490032599047119,8.213163818232225,5.981198988110105,6.119200967554312,3.953978402013443,4.172918663800152,1.5886068536082862,-2.522191678110592,-3.660515794747136,-11.626332898944337,-0.003411798695472148,-0.0024401965009687673,-0.0011117938262311076,-0.0005950660583508258,-9.174064426426376e-05,5.769063359512983e-05,-0.00019471069881657198,-0.0011590016586081836,-0.002122046844628074,-0.006291791910781366,531.8136366574681,496.07728131079705,502.3157974068471,505.04765018175175,511.92293090328957,516.0010703567021,520.4336546442258,526.3594221935303,533.5556109591203,552.8761799672461
hm102/totimb_mid3h_all_C4_hot_cold_std_ratio,hm102,1218,-0.036995139066458675,-0.8508723556241342,-0.37706367027743,-0.9999999999999999,-0.9999999999999999,-0.9151515151515152,0.4052324904042407,0.5947675095957593,-0.00026726228189457836,11.660363561450222,14.623512949865434,13.447901287193881,13.541115516389684,7.960326725030473,4.870768770671538,0.34410631986061124,-5.931705684439556,-12.754088457117064,-23.216809236988404,-0.0035989864752748956,-0.0052428002229101215,-0.003726840387248521,-0.001980566528256717,-0.00033413536297877063,0.00011261181503013352,-0.0005168462341491995,-0.002749738180469405,-0.006458791952556497,-0.012231783255750155,560.7890272846062,493.7596276037246,481.34985232439567,481.63962458537793,488.37103095233175,501.17148546269505,514.5527248809825,529.3458741042995,543.3951539938134,546.251489928964
hm102/totimb_mid3h_mid60_C4_hot_cold_std_ratio,hm102,1218,-0.040573353431488345,-1.0,-1.0,-1.0,-1.0,-1.0,0.4388576264779602,0.5611423735220397,-0.00032118804577010816,16.08376233842135,15.454729588156875,14.07359438600734,12.088309089086353,8.295844277306077,3.6031966360180654,-0.3909582803175886,-6.357074179382799,-13.540209158384188,-24.65736662261478,-0.006518672517346019,-0.005731967760797514,-0.003521971670442067,-0.001592625409186298,-0.0002997324040027109,1.9797422315812926e-05,-0.0006064887997825304,-0.0027902563934538963,-0.006494276201706162,-0.012715971651316828,529.257989263838,484.3452905602948,485.9769898214937,488.20297644809705,497.5191423968162,508.78728022247884,519.7841181151392,533.4010253656694,545.0097646994941,551.5334793032275
hm102/totimb_mid3h_mid60_D2_dr_skew,hm102,1218,-0.027281602077500133,-1.0,-1.0,-1.0,-1.0,-1.0,0.5152367036845481,0.4847632963154519,-0.0001469117940286708,17.64869753668513,13.71046973223218,10.408773291851771,8.072235424861171,4.923995146512979,0.05839883172744169,-1.7933745811201236,-4.801159659242858,-10.530887164705371,-13.408813098259431,-0.006672611319183756,-0.00439315855360206,-0.0020880815491375973,-0.0007666505537152753,-6.0286401518277555e-05,-0.000138978608943834,-0.0008261570169356084,-0.002133623890977451,-0.004604646373411325,-0.005450496016046266,532.5621831640201,502.76934001825526,505.2537862747956,509.1740529920141,515.0634612539126,519.4286966496229,520.9597111517547,525.9222416044179,519.4156508841552,502.29401360888755
hm103/SEG1_T180_BIN16_S3_TAU050_EARLY_INFO_SHARE16_RAW,hm103,1218,0.042131460149523826,0.3432673963037721,-0.005000640013790583,1.0000000000000002,-0.005000640013790583,0.8787878787878788,0.4196947176851989,0.4196947176851989,0.0003309400466641039,-2.9550709650080194,-33.82527581829821,-20.586921234504448,-9.696892535364759,-3.2622763049392596,2.1699009591124625,7.382266522689489,13.0417855423577,20.218722373580153,29.316007960303022,0.0012583055393915027,0.008783321227639092,0.005395308930634889,0.0018347158531368502,0.0002718059328618337,-9.420063045450899e-06,0.0008525672146708859,0.0029483077549606754,0.007100392780228219,0.013365214932381159,559.7791615687556,589.5688570959064,572.9937462895581,548.8281504783541,529.6869119158383,516.4991610334966,506.62147920837174,492.8695479510627,477.2422360754199,477.9360336756509
hm103/SEG1_T180_BIN16_S3_TAU050_K16_TAIL05_ENTROPY_RAW,hm103,1158,-0.0371754519664768,-1.0,-1.0,-1.0,-1.0,-1.0,0.5197818161645782,0.48021818383542186,-0.00026465497630484607,25.085273765244544,17.71108734194572,4.814207647353538,3.1230002242395276,3.1219506781397195,1.3834742381376042,-3.170198096714496,-10.64444904772959,-15.430874752298218,-19.373038936246267,-0.012367935025029708,-0.005094929179026693,-0.0012409519050390033,-0.0003978126061289592,-8.393238040923919e-05,8.3993498842173e-06,-0.0008264361000580317,-0.0030559329239791735,-0.005743149493387753,-0.008108116726997577,502.5757748053242,478.4083663297558,492.8073191588557,504.0701211654549,512.5096790904057,523.69443397135,540.8179422707819,552.7784090640075,558.0164760653007,573.08625642913
hm103/SEG1_T180_BIN16_TARGET_KURT_RAW,hm103,1214,0.03828688017644836,0.45159361220424654,-0.3133897612384899,0.854121773395389,-0.3133897612384899,0.8303030303030303,0.3913516582034957,0.3913516582034957,0.0004365116401882437,-4.56187969113478,-12.07949218245993,-19.055613876148016,-16.21241200873576,-11.478619915167409,-3.6075300224900517,6.589658467406775,18.961257178314778,16.68405187195083,23.05869261988861,0.002371488848687046,0.0045672155843594926,0.004838494268738587,0.00250111224304392,0.0005344935454497887,-0.00018410610114616503,0.0010510644259878108,0.004671565297386722,0.006481320761978169,0.01101771966177478,558.1784359823074,546.5365445576149,550.9008212839553,544.2319094158715,530.3338116409936,518.1289815062937,509.2857436395119,501.72384639075995,486.8410958796455,503.9198330399277
hm103/SEG1_T180_LOGVOL_S1_VOTE_B2_CORR_RAW,hm103,1152,0.051107692517943976,0.9999999999999999,1.0,1.0,1.0,1.0,0.5084403997721009,0.5084403997721009,1.7213093451008738e-05,-31.92408045981811,-27.995619454571862,-12.105876138895034,-4.266480222223265,0.387938518455689,6.122979846535831,11.103225405927482,13.334637117109109,22.52809650832411,28.018067739043317,0.011860949179384125,0.00950874457553255,0.0035148981288927253,0.0010163231652804423,7.554873404766316e-05,0.00020034059334433072,0.0013858935768418796,0.0030661889261819992,0.006766185191210833,0.013695407353776438,606.7807864966145,590.6245129699422,559.1808103399754,533.0703427058735,511.4912844412725,499.88090194229136,488.97249326683976,473.930942983862,464.2280703913332,491.28370994665113
hm103/SEG1_T180_LOGVOL_TARGET_MAX_SHARE_RAW,hm103,1218,0.06887060958116942,0.9560361335618858,1.0,0.5644062726973735,0.5644062726973735,0.9636363636363636,0.6051558253521201,0.6051558253521201,0.0010850143818647126,-69.44483256265515,-25.390900878424954,-7.221978865006939,2.315396129792364,9.673086264129093,15.507524881816186,17.76579317655186,21.013883970224185,22.967116797030354,20.890065903529337,0.028041259736270124,0.010158216532547077,0.0030004857917463254,0.00016686699169239178,-0.0003459812424358603,0.0006767921842085029,0.0026232603016924363,0.0053141991503363505,0.007892547800224817,0.010257947953022721,677.6194688591131,590.7535262212087,548.6556951361547,519.5986950791835,503.33773321811395,490.7915028444189,480.17609275001365,473.03674597794566,472.33184883401157,454.89372386981483
hm103/SEG1_T180_LOGVOL_TARGET_SKEW_RAW,hm103,1204,0.030044706672150045,0.27832424098341796,-0.30995117204784367,0.4136956815092819,-0.30995117204784367,0.7333333333333333,0.3977163108251133,0.3977163108251133,0.00024063076067824842,0.8349455831577202,-16.215230069453693,-19.54962929310956,-17.672501522426593,-8.811555766535808,9.332264404711495,-1.9604456641592782,1.9217947376186209,13.859597666379349,25.26851198362877,-0.0008617284391365612,0.0049987346935656644,0.004844090296441074,0.00250091346696139,0.00037155710123062827,0.0004892294030947311,-9.549938595142542e-05,0.0006419344674033847,0.0047972572363273736,0.012117587071535553,553.0019926440547,535.5646026587317,537.7843697796868,535.5366520327206,524.060561336015,518.6748271443341,526.5685502030782,527.6968638439758,509.43409749441616,473.1100380252558
hm103/SEG1_T180_TOP10_TARGET_UNIQUE_RATIO_RAW,hm103,1218,0.07162053327849481,0.9907771284010186,0.9999999999999998,0.9125969181597534,0.9125969181597534,0.9878787878787879,0.5967270222900352,0.5967270222900352,0.0010450174941310964,-72.78119646558338,-29.506674575768837,-12.121958230889033,-1.606142790980111,5.644437188772162,12.499555916872009,14.360045303956117,19.843524876892015,19.40386472849569,21.68075383384041,0.028316879651208365,0.0105182143479832,0.003390320370502448,0.00021188124594746232,-0.0003229782350547436,0.0006676519103483063,0.0025804896280593047,0.005461590035333136,0.007990402470064438,0.011761064359971799,679.7364526888861,592.9042686164473,549.9596792420554,518.3956376932074,502.9735726109613,489.6417629667422,479.74727512460504,476.21650470971286,468.78556363760674,465.16877472170984
hm103/SEG2_T180_BIN16_S3_TAU050_K32_TAIL05_ENTROPY_RAW,hm103,1078,-0.03993786796516119,-0.9636056542323356,-0.9300872869804993,-1.0,-1.0,-0.9878787878787879,0.5415557440666959,0.4584442559333041,-0.0002625777696498877,19.434796810403682,17.249238452407155,3.3526828934389514,-4.505348085526385,-3.63817462086259,-8.862005331977628,-12.242893337128608,-15.087520944140008,-25.011078053116602,-26.485152353386738,-0.0136108516395437,-0.005851644177988154,-0.0019986042287713415,-1.631184480952853e-05,-8.969411779513917e-06,-0.00020223365072056206,-0.0009655525237111372,-0.002390646452537871,-0.006033292811344053,-0.008597183454305497,517.6617036713848,489.74356726894104,507.51742120570583,529.2181376080255,541.5238764225367,550.8981796513757,559.9148275554121,568.7178835598096,575.0038087399669,581.1550303381297
hm103/SEG2_T180_BIN16_TARGET_TOP10_SHARE_RAW,hm103,1095,0.022480355028489045,0.32827333399739467,-0.7704340885311781,1.0,-0.7704340885311781,0.4666666666666667,0.14698114316217725,0.14698114316217725,0.0003347332906843255,1.0268792377530933,-7.9167948206193435,-21.130418933286077,-22.84228712611807,-19.7472569480282,-14.345537531914767,-9.797822412090499,0.6585324970018129,13.682702537256276,24.35663885154239,-0.00603831778684342,0.002527553272794404,0.003693726376783209,0.002397293316057009,0.0006747336202684985,-0.0004494699737283635,-0.0006527558924998316,0.001289613374751641,0.005633963014000823,0.013069282416220756,555.2323892828317,564.4689232696508,566.9430010449433,557.6858914980875,553.0353020130167,550.1115266321301,539.5372948251085,524.6583596335946,509.7596125273574,479.8436002131554
hm103/SEG2_T180_LOGVOL_TARGET_GINI_RAW,hm103,1218,-0.031077911990293507,-0.5672655573051045,-1.0,-0.03896573640953428,-1.0,-0.9151515151515152,0.5650944233062477,0.4349055766937523,-5.115505742778195e-05,17.692641826050814,11.36229264036211,7.198240729000871,1.7785459028012869,-4.324759265957907,-9.167689506093067,-12.24079776305423,-20.59709379770026,-16.415392275452746,-10.024994303234555,-0.009255611451918083,-0.0049225236481653155,-0.002558533650510215,-0.0007994772947174718,3.0987292701998686e-06,-0.00024470408571302196,-0.0013373483021627578,-0.00379774756189872,-0.004980684377376902,-0.003133225289673444,538.6254534650697,536.0201579233681,538.670700527779,532.0650600028204,533.4727870745454,536.1040624913123,544.1117845481348,550.1545023755265,556.033416121395,529.42815213552
hm103/SEG2_T180_LOGVOL_TARGET_KURT_RAW,hm103,1154,0.01736388878782476,0.16022277900274612,-0.12536186146674524,0.07176494815352866,-0.12536186146674524,0.7212121212121212,0.48873861430260596,0.48873861430260596,0.0002536266284250596,-7.8012072422506265,-10.68473549384139,-12.016702519511037,-11.026453657253102,-8.740393744044574,-3.782021067732735,8.481811713053073,5.4693253791267455,-1.9461919147538431,-2.1396584859130434,0.0020462057694407977,0.002750754572426742,0.002042388065750478,0.0012213438026312815,0.0003017536078900387,-2.5300632023497677e-06,0.0023375310545781826,0.002802881348968051,0.0014878371572999507,0.002122096843616554,566.2850445454229,559.8863508745712,549.8890914622388,543.1438458586209,534.0494019106327,522.145838717873,514.6064674897655,526.0998931612452,528.5773848336137,557.8551307323107
hm103/SEG3_T180_BIN16_S2_PRICE_T2_GLOBAL_D4_FINAL_CORR_RAW,hm103,1218,0.07081798847421271,1.0,1.0,1.0,1.0,1.0,0.582051019748787,0.582051019748787,0.001086523297803859,-64.88769304853722,-28.87538202884994,-7.820154702650189,0.29613967711059985,6.6520208583285365,11.530828443596597,16.061095769772344,20.358940818500205,24.275469668588617,28.144131447782737,0.027297306516409593,0.01050226477261769,0.0027412939090207577,0.0003074393528239608,-0.0002610341363661698,0.0005273373352254136,0.0023244024529653325,0.004917810504570827,0.008407963786544344,0.01296668068259717,673.0337434783331,591.188469523848,552.6676775130734,523.8492851149389,505.91737476187484,491.36017131659486,482.1077680703498,474.68664096024236,470.11456494235625,460.52847975878194
hm103/SEG3_T180_BIN16_S2_SIDE_EXACT_GLOBAL_GAIN_RAW,hm103,1218,0.026829340297695545,1.0,1.0,1.0,1.0,1.0,0.4719520384076123,0.4719520384076123,0.00016818597633348257,-11.828202131538195,-11.823354004698006,-9.547654196653372,-4.198756533861197,-0.4538610390350805,1.6533054868769792,3.2232540868073336,8.72579087387222,12.391352632417892,18.162059443592103,0.005761423142275147,0.003836437993443594,0.0021085680622176407,0.0007862760736843118,9.008085664607139e-05,3.9856634264907244e-05,0.00035432173239216726,0.0018393441981911095,0.0038887188536891708,0.007956126774557978,612.012504716104,554.4902693584695,543.2316500662555,534.6808648597595,526.843410150227,517.0109912015191,511.0100601660018,502.4781416121921,492.9288725549448,480.4112922454562
hm103/SEG3_T180_BIN16_S3_TAU050_DISAGREEMENT_GAIN_MEAN_RAW,hm103,1218,0.0511020945197495,1.0,0.9999999999999998,1.0,0.9999999999999998,1.0,0.5599420299722524,0.5599420299722524,0.00030881622004069184,-43.828507637964385,-23.11806661133788,-8.174210573164833,-0.6182778308121694,5.6195934023767755,7.804086497072813,13.190595398361323,15.487548628349336,18.036877367459248,21.188848234648486,0.016620736642880534,0.008652803159908946,0.002831457849842849,0.00047348580196583526,-0.00013719209451367766,0.0003176665330124064,0.0016484501885676679,0.0037979819808718943,0.006404264886192133,0.010183623350980182,637.1988772600122,596.2740049602045,557.3467481744333,531.8773541963715,516.3325561806462,499.65862404779745,490.1729855293633,478.3228910166831,468.592175231563,458.1459233252821
hm103/SEG3_T180_BIN16_S3_TAU050_K32_TAIL20_ENTROPY_RAW,hm103,1218,-0.024582269881897253,-1.0,-0.9999999999999999,-1.0,-1.0,-1.0,0.5349746130272851,0.46502538697271495,-0.0002831589869476579,18.1391100000616,11.280005778865075,8.839374066274818,5.42673320884316,2.896798757445113,-3.1656925765691355,-5.397254991489739,-8.026296798647572,-11.92384956920971,-12.620537093505268,-0.007307420968739154,-0.0032798423817756855,-0.0017399919770174795,-0.0006216780638012407,-5.047405659919882e-05,-0.00015302012953312828,-0.0008557151963015098,-0.002200428267017965,-0.0034938306579948377,-0.0045967091961694176,507.8923193476627,511.0688025686014,512.896373400232,517.7893942836295,524.6086222276579,526.2525634395715,535.6157601539687,548.2073612365734,546.9542767218312,552.2388137947062
hm103/SEG3_T180_BIN16_S3_TAU050_K8_TAIL20_ENTROPY_RAW,hm103,1218,-0.015394169841152673,-0.8503712761164086,-1.0,0.5599882247583071,-1.0,-0.7818181818181819,0.6981874593961573,0.3018125406038427,-0.00012984792814565969,19.435453045823984,9.322580700552347,3.9210738507882676,-1.2135228734242218,-3.5151501387683224,-5.362455402253812,-5.635388429213153,-4.025297192860126,-3.5833215049699145,-3.8891964433020565,-0.007901649518921822,-0.0026237695078945647,-0.0007150724213229278,0.00035656430939493754,0.00022656900289691947,-0.00025726895956986,-0.0007909129152357126,-0.0011138509704631248,-0.0011317249469097483,-0.0013132059849811104,495.5532706147067,508.13793883570924,518.9664779626614,530.5339576563201,537.647463847698,535.620271111398,540.3770688358424,542.1318105341383,538.5711823661343,537.9635579740685
hm103/SEG3_T180_BIN16_S3_TAU050_QUERY_INFO_GAIN_MAX_RAW,hm103,1218,0.054864028421477896,0.9999999999999999,0.9999999999999999,1.0,0.9999999999999999,1.0,0.5668045915781338,0.5668045915781338,0.0008057939276632537,-52.05805807376525,-18.859172683163322,-8.762136969940705,-0.6960680830555216,4.453435249859656,9.178285419864952,12.55548442315623,16.21838871718759,19.176950895937587,24.395896348992085,0.02058517300122905,0.00711332341307175,0.0025991436355101974,0.00048453791767253437,-0.00014172244378197668,0.00038089382977125256,0.0016404771320664166,0.0037083668746628073,0.0066714930112640215,0.011016548122348526,642.8938973759526,578.3134732287473,551.308130472867,533.2746640992834,517.7525934376583,504.21860884178466,497.19427946280126,484.26134225540807,472.81216047752423,460.2441024367103
hm103/SEG3_T180_BIN16_S3_TAU050_QUERY_INFO_GAIN_MEAN_RAW,hm103,1218,0.03891867973580771,1.0,0.9999999999999998,1.0,0.9999999999999998,1.0,0.5635841676691533,0.5635841676691533,0.0007078024455926964,-38.10540050996972,-11.816945029333137,-4.828103279198692,-2.2856032472908185,3.316790107116353,5.454992346553408,8.496844596745746,11.935902863614793,14.640858627645555,18.767944704984938,0.014998011758280473,0.004596626516965697,0.0016190814947667801,0.0004141440688625831,-9.281836536150867e-05,0.0002305457836448644,0.0011488562047814845,0.0025679062046273307,0.004822047792113619,0.007906475831533765,619.1604431536252,564.2133425143575,542.5504107433228,528.8086977591842,517.9406798930682,511.833403265542,503.17311444965026,498.0538944449687,491.80873831184095,485.9693978850398
hm103/SEG3_T180_BIN16_TARGET_MAX_SHARE_RAW,hm103,1218,0.07534954879694426,1.0,1.0,1.0,1.0,1.0,0.5870276697870759,0.5870276697870759,0.0010146972746989031,-71.48364790561685,-28.159923200958815,-12.742550515867253,-0.8981426134157352,11.00778754955108,13.404397873669346,17.558505769621096,21.892426989589893,25.253044034306274,29.837617228996795,0.02880544840264004,0.010944518374873063,0.0037730815684701223,0.0004718947812983358,-0.00035832845420954746,0.0006319301415499116,0.0025944486449020598,0.005541263442084456,0.00883150422856359,0.013099090392073413,666.8134741777066,587.8257076858398,542.2142285875349,517.5261689688679,506.05679625544684,489.3774641520769,481.4406549722691,474.5022703404433,470.8506605251451,481.9789162382275
hm103/SEG3_T180_BIN16_TARGET_UNIQUE_RATIO_RAW,hm103,1218,0.07003046169194921,0.9900623072645941,1.0000000000000002,0.8964793745850338,0.8964793745850338,0.9878787878787879,0.5960295421667491,0.5960295421667491,0.0010661680376023582,-71.26344785106333,-23.91644836308999,-8.493940044898293,3.5953524199847986,9.114178248077645,14.310386021962959,16.776411694301938,19.999170558456665,22.92722607452012,22.456869959238546,0.02841961535088427,0.009755174236082005,0.0031831108069845016,3.287393614652378e-05,-0.0002860179574436556,0.0006105210260243692,0.002508402834350232,0.005107820278727469,0.008428872052693482,0.01120392108989773,677.6838680814212,594.5151500868695,554.7692699778825,525.0456060931604,504.9565708129458,487.9021479764448,475.62108822389393,463.7080058407717,459.84909406666003,454.6149397877267
hm103/SEG3_T180_BIN16_X_S2_SHARE_12_RAW,hm103,1218,-0.025144289557032677,-1.0,-1.0,-1.0,-1.0,-1.0,0.510447528503228,0.48955247149677195,-0.00031374330739951243,14.653734523912075,9.58325158303554,6.203465601504888,4.182700685950816,2.4200255868870957,-1.523114479681462,-2.9849858424932343,-6.06072286425373,-8.056553689898207,-12.949503951806062,-0.007333285419180963,-0.0033222041005001343,-0.0015034731591283552,-0.00046306312616300864,-5.26651595378924e-05,-8.876239504350157e-05,-0.0005060018698729794,-0.001759166787521641,-0.003151300854672695,-0.006650623378012001,480.3089095918441,499.0226410593916,506.9821098989765,520.6160048744258,525.9611394785168,529.0081111408093,536.2030402315946,544.649748571022,553.5425010368988,584.6437584113426
hm103/SEG3_T180_LOGVOL_S2_BOOK_K10_GLOBAL_D4_NORM_GAIN_RAW,hm103,1218,0.02714851254902084,0.3571250594849978,-0.1677626313087293,1.0,-0.1677626313087293,0.8181818181818182,0.3969259937973143,0.3969259937973143,0.00011319703106029014,0.7231315147830356,-16.7360903330645,-13.736030563679641,-8.895445350947206,-4.293307475930646,0.3354387149828145,5.229714197790942,8.543337771956455,14.36106718341565,20.120763147397028,0.0004483466054379401,0.005256824837612081,0.003392753782370438,0.0013469073188038564,0.0002861869353661159,-3.238057555917892e-05,0.0005501566406784067,0.0018300109392312127,0.00472098682097025,0.00923552221304939,569.9015639551608,573.2606361443129,564.4977290883907,548.3920701625342,535.6811328930154,521.4061882090401,511.5109150030596,498.15144529850926,484.89995936519307,466.1308117815948
hm103/SEG3_T180_LOGVOL_TARGET_GINI_RAW,hm103,1218,0.04645508444042673,0.6754306830527045,0.08690335351978266,1.0000000000000002,0.08690335351978266,0.9272727272727272,0.3943813017838293,0.3943813017838293,0.000274484615749698,-12.092720116004836,-23.828078332585637,-19.12462296527646,-14.550266439415834,-9.858910611374478,-2.3167320450941253,6.642737909953427,18.1288415042604,25.810379674804036,36.74998067065304,0.004024793374254846,0.006985076301776193,0.004415192656569264,0.002246054441102473,0.0005416483023114246,-0.00020676546986407254,0.0006407120537868345,0.0034676065623870955,0.007802007626914018,0.01626427397543894,525.5392222569945,531.959343696819,541.6560694515907,551.6645980308568,547.763636647171,540.9018681083119,530.149820701255,519.4877868118482,500.56970546102525,468.347079027886
hm103/SEG3_T180_LOGVOL_TARGET_MEDIAN_RAW,hm103,958,-0.01583422414671982,-0.8453435280097299,-0.7730510544407917,-0.9053240769192837,-0.9053240769192837,-0.8787878787878788,0.5073727652830322,0.4926272347169678,-0.00010581791809771243,12.52967091148318,2.946379525609578,4.276632975730025,4.22397891437856,3.467246499197667,0.41915574961004043,-2.9938880692728405,-5.55395103274995,-5.36347639701197,-5.257146197745717,-0.006910555609207002,0.0003298017740273156,-0.0005567870732194951,-0.0007134172915543023,-0.00012920676175738244,-0.00011176430275332515,-0.0006021484409906372,-0.0011516122683602518,-0.0024024063560284595,-0.003480309898778567,557.6204884593961,568.2434953039302,548.0379838975034,532.8715612078835,519.4023805682689,519.3617352163488,514.3170088344932,523.6823539401423,515.4743471265347,515.4174257412986
hm103/SEG3_T180_LOGVOL_TARGET_SKEW_RAW,hm103,1218,-0.013497679633797855,-0.08554215444961738,-1.0,0.9224813276961972,-1.0,-0.34545454545454546,1.0638162755716676,-0.06381627557166779,-2.2806796750393927e-05,21.520312510789054,12.575905350490602,4.97535936380307,-3.9110333588392034,-9.553585739924438,-12.018632288516335,-13.197917265010085,-10.116711546169993,-0.8300330580328865,16.04862785713417,-0.010738129489090819,-0.00405267209115745,-0.0008467012637697939,0.0008030129995229875,0.0004997008091854277,-0.0006308349160238309,-0.0020486795976887625,-0.0026465775501955196,-0.0006218946376126721,0.006807902899782986,471.45278188016107,495.27693997742824,516.0941457413059,531.6897008555435,546.0929482452734,555.3803347384551,559.6581165651298,555.6770506460459,536.3539875679409,508.01873930013676
hm103/SEG3_T180_LOGVOL_TARGET_STD_RAW,hm103,1218,0.04072539521792927,0.6963068980472419,0.11767823193370597,1.0,0.11767823193370597,0.9272727272727272,0.4035369117231891,0.4035369117231891,0.00041504086236114515,-10.651887572939433,-19.963090866752257,-17.43576535944623,-14.440184988779531,-8.168154358031687,1.2775186171112902,6.1393619138930235,13.745755243060744,22.992207796118603,32.04552663181665,0.0037495530166542757,0.006212580929927257,0.003896127090890656,0.00201509293176452,0.000393361937876653,-0.00010198840960014016,0.0005339693065592695,0.002678461757704676,0.006742723428751823,0.014190472365039113,547.0554291721992,552.6038807297505,547.6888773695174,542.6393862163925,532.0900473126494,533.3847909759255,519.5697225129121,507.7984004581389,495.5986808780138,456.55980291263376
hm103/SEG3_T180_LOGVOL_TARGET_UNIQUE_COUNT_RAW,hm103,1218,-0.03837993549129443,-0.8194206259506,-0.01684936046532938,-1.0,-1.0,-0.9272727272727272,0.3500462608438485,0.6499537391561514,-0.0005635480604199017,9.344125257253229,14.525500038920343,13.935227011418734,10.67228776011421,9.166527139748881,7.492850670803828,0.42408380837452164,-6.346822755998791,-16.14155210326677,-37.67924481730293,-0.0031200592239600464,-0.004709795832448798,-0.003231416251119037,-0.0016848437304484367,-0.0004913699808236327,0.0003592289963495049,0.00018150338100059873,-0.001789938870639337,-0.006066283667782504,-0.017263412251002874,544.3943659509456,518.0036187217642,505.4522548074698,497.3583026027536,499.4771001881544,498.6914604078112,503.4406415148071,520.3082505136215,543.0660860535262,594.6501705250134
hm103/SEG3_T180_LOGVOL_TARGET_UNIQUE_RATIO_RAW,hm103,1218,0.052952688402057566,0.9689589149718159,0.9999999999999999,0.5786100438850404,0.5786100438850404,0.9515151515151515,0.6152220644946911,0.6152220644946911,0.001001764197067323,-60.975767305378184,-17.47968544413069,-3.1890305491759894,3.762164207782385,8.281753893195232,12.048327718893884,14.740799309930546,16.631804285045792,16.4385162299415,15.408303271260687,0.023792287944074748,0.006881775272910571,0.0016348165458561017,-7.195171985596011e-05,-0.0002755732011841759,0.0005037338673330371,0.0020014184603182887,0.003951232803069208,0.0060728178178092234,0.0074603664146591486,663.6703621460952,578.0693875907489,545.6504951561394,522.0156054143998,504.77827153134245,491.9767347820809,479.9609950251022,473.5761033708072,466.60923101337585,470.61041980637106
hm103/SEG3_T180_LOGVOL_X_S2_SHARE_12_RAW,hm103,1218,-0.025727513316764185,-1.0,-1.0,-1.0,-1.0,-1.0,0.5098670703793429,0.49013292962065724,-0.00033728858075527307,14.561052540116492,9.687838928857994,6.231207593172902,3.8463091262319833,3.5266770419988984,-1.378881654845972,-2.7934012796075023,-5.567282324632815,-10.498500756482224,-12.164153556224278,-0.007342560462160039,-0.0034942213679236434,-0.0015641730576075948,-0.0004894073687903365,-5.5277245940374504e-05,-9.039624061758083e-05,-0.0005456185451582497,-0.0016220943432641239,-0.0037653163589386786,-0.006421159745608293,480.28888895650107,497.5459618526183,508.02066683847113,517.4200335864025,527.200681408581,529.2922224073219,539.3241009227555,542.9419153079334,553.9076462148203,584.9899780595589
hm103/SEG3_T180_TOP10_S3_TAU050_EARLY_INFO_SHARE8_RAW,hm103,1218,0.029292474854299786,0.5257509244464965,0.17640771685626774,1.0,0.17640771685626774,0.9272727272727272,0.4426508648551352,0.4426508648551352,0.00021302331884469824,-6.5240504177499705,-18.102963447999297,-12.822561009914866,-6.800540222967926,-1.5638057599279422,1.7901122578453386,5.439372876371434,10.680769498869575,13.803716382943536,19.148637389323582,0.002429872415318124,0.005783969326284698,0.0032688618962745867,0.0012208143898450197,0.0001685263439597579,3.164360919899233e-05,0.0006946279624027848,0.0022423667862836436,0.004580270674390306,0.008658498131497182,558.8999462847509,572.7901974987311,561.5968607905896,548.4746174922556,534.2910038771588,522.0882516417354,509.60971163716783,502.6551168400513,490.81566343428767,473.8934493993307
hm103/SEG4_T180_BIN16_S1_TIME_DESC_MINUS_ASC_RAW,hm103,1216,-0.0011546841175829577,0.011210839343210589,-1.0,1.0000000000000002,-1.0,-0.04242424242424243,7.848828492763437,-6.84882849276342,-3.221777360679624e-05,15.896117236662871,6.202940567860574,-3.6940384737896292,-12.492459312341536,-18.83093351257813,-19.127707944401436,-14.582263331225791,-7.938294611704538,2.3844242368935293,16.69031380133556,-0.008418674918133223,-0.002733220273299531,0.00039106999891111064,0.0012801552640839676,0.0006706241056695644,-0.0007060793278049019,-0.0015560768676351898,-0.0010136843218366326,0.001862880192710693,0.009100539803357977,484.5429715764332,516.672343244984,543.8052531806476,558.0133577522517,569.0830207032417,570.6470562409565,559.2037716647394,540.391153620063,515.0632303176792,481.3145751196052
hm103/SEG4_T180_BIN16_S3_TAU050_K0_ENTROPY_STD_RAW,hm103,1216,-0.006105255453578993,0.22532850426717344,-1.0,0.8258942618175799,-1.0,-0.3333333333333333,1.1669515793071796,-0.16695157930717958,0.00018488412069522875,3.868294721125796,1.8769690680805435,-1.653401645207975,-3.958545619818666,-8.421337437098522,-10.959279953110679,-11.635666569292283,-13.592851849619695,-5.001132776952494,14.026133395321489,-0.004953498524492003,-0.0021658340435558527,-0.0005690973616828216,0.00010514697201320758,0.00024299464745560008,-0.00034970555374819656,-0.0011556069636678866,-0.0022739100439505694,-0.001384481658918286,0.006213852956272607,478.0938640014214,489.4491707061867,504.5368835080629,522.9958091612209,539.7686098483507,548.9696835068241,561.1295156030639,566.4800225910307,569.63290283791,534.1438481200944
hm103/SEG4_T180_BIN16_S3_TAU050_K0_TOP1_CONF_MEAN_RAW,hm103,1216,0.006913297456196753,0.4187041468988444,0.0004984865057681084,0.5813658833582239,0.0004984865057681084,0.8909090909090909,0.45082691308998457,0.45082691308998457,8.66618574278812e-05,-4.953965809607842,-7.9334789879170176,-7.339919407338861,-5.641233874543624,-4.950993833891761,-2.6164762526083254,-0.9661627646809848,-0.5025672923037874,-1.9647805577879387,1.4447355452524702,0.0002577636231137591,0.0015294623158011345,0.0008992260686212065,0.00033267266210545624,5.8506384141606564e-05,4.785033408558061e-05,0.00030013675148865733,0.00063432509627666,0.00048152959606908034,0.0022851627670657177,486.4733285544321,504.8046976589787,513.2725204489809,521.9965154600483,526.7035126332219,531.9997178266127,540.7537706822479,547.8416988074212,562.8205285988873,572.6682031244413
hm103/SEG4_T180_BIN16_TARGET_MAX_SHARE_RAW,hm103,1216,0.08063423174695057,1.0,1.0,1.0,1.0,1.0,0.5662745030936992,0.5662745030936992,0.0010768901400707359,-77.55533808405099,-39.102620858548555,-19.470783451338164,-6.270535733400974,2.637870107333039,9.288777511297198,15.305934239665897,21.812569425988304,26.588119878079553,31.49952925503618,0.028493016566146428,0.011777086455251278,0.004214734382811664,0.0007456157223398029,-0.00017915904065769777,0.0005618821072987413,0.0026067745763252654,0.0059500650292668815,0.010236187560242754,0.015151138247854579,655.6610990007413,588.7274879100219,556.3050038436762,531.8804147305038,518.4183832918851,500.5142134066683,488.4063858073621,482.63171615413455,476.7533234635844,487.07606885502895
hm103/SEG4_T180_LOGVOL_S1_PASSIVE_ORDER_N4_FINAL_CORR_RAW,hm103,1216,0.05015553250501212,1.0,1.0000000000000002,1.0,1.0,1.0,0.5072110205116689,0.5072110205116689,0.0005178471633639304,-35.87410001860495,-31.274006189993855,-17.36599559991019,-10.806525456038823,-4.702169591595114,3.196667152330526,8.922316240581713,11.091330040276802,16.66913340683869,24.719938849715067,0.011938742938298538,0.008414077420339568,0.003563882393641956,0.0011495050542867783,0.00011057323140761616,0.00018914741953650086,0.0015055297595712544,0.003441503435741387,0.006672250593443225,0.012652473095381304,599.174679118223,588.198920393565,568.9154745492632,552.5100819418055,538.288779321002,526.1458704538996,511.62305483414127,493.4871182333851,481.6762450538541,464.0210971976312
hm103/SEG4_T180_LOGVOL_S1_TIME_DESC_MINUS_ASC_RAW,hm103,1216,-0.001279903448198664,0.0003391664144752804,-1.0,1.0,-1.0,-0.04242424242424243,6.572361835428996,-5.572361835429,6.476025262017304e-06,15.943217986166829,5.304149460946102,-2.6772676296561833,-12.83737133816644,-17.211405553588477,-18.122183515651844,-14.796219095599792,-8.669614486303765,1.7060488929476512,15.966333506344991,-0.00834486857531388,-0.0022316298884044678,0.0002663554267505774,0.001245648354255769,0.0006099433254595924,-0.0006286763744915925,-0.0016547159553248875,-0.0010479315572924602,0.0016824678393001797,0.008817027931600462,486.9499621090052,522.3943795339807,544.9870825570435,556.2305375169506,564.4318061729489,565.7703240013998,559.5199655046328,539.6901433641235,517.4064197338926,482.6998469053359
hm103/SEG4_T180_LOGVOL_TARGET_GINI_RAW,hm103,1216,0.024050039373488808,0.2798899124880877,-0.8987502525203561,1.0,-0.8987502525203561,0.5515151515151515,0.1670111100177317,0.1670111100177317,0.00016004235044144146,5.650850190242372,-12.68800645852785,-18.741582529351476,-20.327803356055433,-18.942506839079407,-11.392308390922897,-6.346319709842788,5.195386922790289,16.312904835221445,25.84543763937698,-0.004839510273459785,0.0025356589836666573,0.0032277805171258894,0.002355830531620353,0.0007101351621863255,-0.00048516987934925945,-0.0005864879301285131,0.0014565445451165996,0.005973466029522752,0.01354174933674631,526.3256467776364,536.1932689037734,548.0472520629012,553.1310700775274,556.2601279927162,554.6690589831207,543.8043057967326,530.8476620112112,507.2763740219602,463.6196448793279
hm103/SEG4_T180_LOGVOL_TARGET_Q75_RAW,hm103,1201,0.0006529892734700292,0.013197001318460147,-0.7471095315264877,1.0,-0.7471095315264877,-0.05454545454545454,-2.77358090675892,-2.77358090675892,-7.978496842220463e-05,3.268689202273842,-5.456468362806701,-3.9112020238621965,-5.843249535730631,-5.861613078718616,-6.3122347223296735,-6.140981001837056,-6.133506071867473,-1.9097679048372815,3.5662812196748086,-0.0034451489064776003,0.00031187623104015976,0.00011653609271479134,0.0008569253672801487,0.00012740256916540452,-0.00011201029197939431,-0.00031387451950709073,-0.0006751834170310897,0.0002693961766094578,0.003596854940077467,560.1800783947482,565.6086640032031,547.7244875577829,535.0202473829556,528.3285755975072,520.265094778554,516.9232122742721,507.8364178652692,498.85293605744016,475.05083481243463
hm103/SEG4_T180_LOGVOL_TARGET_STD_RAW,hm103,1216,0.0212492724738485,0.48381431166402616,-0.7027453450007892,0.9999999999999999,-0.7027453450007892,0.7090909090909091,0.2686295284233734,0.2686295284233734,0.00012276608901427665,-2.636777422865393,-13.183504395700547,-14.663593374781097,-13.521632180980646,-12.564026908766738,-7.523417573184395,-2.707766540988544,1.4919230908486436,9.99430004602244,19.908387283439804,-0.0013584602866265054,0.002760766425256674,0.0024020401318583556,0.0014252370674478038,0.0004456201094550826,-0.0002694628170827039,-0.000165236659291095,0.0008452354029283904,0.004140799544614053,0.010899967466274191,555.7961982919287,557.6724348420354,551.9893633643496,545.1174247143813,539.494330628522,538.1765950263762,530.8651348100822,517.1453981180485,497.1341248240763,464.79980650549635
hm103/SEG4_T180_LOGVOL_TARGET_TOP10_SHARE_RAW,hm103,1216,0.06430962904445102,0.6959825990392362,0.4725342793944776,1.0000000000000002,0.4725342793944776,0.9636363636363636,0.48208411184392785,0.48208411184392785,0.00043379733863732725,-29.66509511255069,-43.25103812777444,-33.126984988826635,-17.92995764582958,-5.322949104566183,5.380691882904165,11.672901669659852,18.93705472090851,25.41548554964605,32.53910701701564,0.009756942492673356,0.011832216575732048,0.006735608139757866,0.0022821080876992074,0.00018664830032690848,0.00027822319392972625,0.0018376887127555836,0.0049323862172549115,0.00964122964055887,0.016392780345125174,554.8931747056837,582.9062950879122,583.8624638809204,571.5180878859692,549.4180657837994,530.8727665325433,512.4674283127106,496.6190024827352,479.402766984655,456.0346900596862
hm103/SEG4_T180_LOGVOL_TARGET_VALUE_HHI_RAW,hm103,1216,0.031163908209835365,0.9999999999999999,1.0,1.0,1.0,1.0,0.5128195120860891,0.5128195120860891,0.0004117396509694124,-23.981524594821984,-16.187746348825563,-12.144120860885716,-8.728385071240446,-4.198196146210633,-1.9846841592710842,2.541637227986989,7.472966978544391,7.7441885645428785,14.061739353883366,0.008578596349312143,0.004377472577648337,0.00204970195848682,0.0007087146422107997,5.582654828873742e-05,8.133933279038298e-05,0.00088433338515524,0.0025139737635821026,0.003963424693472317,0.007538785307919124,527.1543454961716,527.1953851313053,526.4265495959556,522.4004625308536,524.4555151095161,522.190352613925,527.4211121388643,534.2676129008746,537.7646792535231,545.1292210466456
hm104/hotpool_ext_ind_rel_x15y10_ba_cold_rk_vol_autocorr1_abs,hm104,1218,-0.06762826610023188,-0.9999999999999999,-1.0,-1.0,-1.0,-1.0,0.44629009578753553,0.5537099042124645,-0.0008236672467178593,38.2814848826615,26.184920850817832,20.124357211970192,16.449206214383167,13.2995738878976,9.00197861569735,1.8855665117407467,-4.556992642433267,-18.08602454312338,-34.62090902552248,-0.014117072135202573,-0.008569252481463898,-0.004675139141461736,-0.002020249226127693,-0.0004325178371267841,0.0001175435833332971,-0.0008894807251070197,-0.003628506520710252,-0.009825174722635372,-0.022764749647012042,493.7727453320119,457.54497809120386,457.6259150126471,472.00973426117326,489.9723561386229,507.85876120951474,532.6980943546722,563.3228579495932,607.660523296352,732.7834008683317
hm104/hotpool_ext_ind_rel_x15y10_ba_cold_rk_vol_curvature,hm104,1218,-0.055511062320944674,-1.0000000000000002,-1.0,-1.0,-1.0,-1.0,0.42826237302557063,0.5717376269744294,-0.0009316128402414974,31.435591023850407,28.004763490030708,19.694016332642313,14.917551884927244,12.31420303280382,10.527033953674778,5.660418379699789,-1.2185249630829844,-12.87778956642226,-40.479736776848085,-0.010288512674798356,-0.007106522257325523,-0.003934102232791005,-0.001696530479223632,-0.00034865690889667074,0.00016925625015620107,-0.00035500369941223885,-0.0025147030646984043,-0.007656641941610986,-0.020848032472102557,533.2034341654737,516.2555589200692,492.18429149559984,490.33066385619065,504.85090028749636,517.787443625284,531.3035698226048,552.9060544427628,580.1176352691946,640.7111492370615
hm104/hotpool_ext_ind_rel_x15y10_ba_cold_rk_vol_lz_complexity,hm104,1218,0.06124013622701427,0.9999999999999999,1.0000000000000002,1.0,1.0,1.0,0.5299892585969846,0.5299892585969846,0.0008402524512448323,-32.49574824552452,-17.276365477108126,-8.281855799962026,-1.189901151166277,7.56506348979967,11.342860679582067,15.02531265463454,21.42130517962456,25.349754051516214,32.241109841918394,0.01880449583639377,0.0083861914825503,0.003703683037031579,0.0011100076824380012,6.911583250391033e-06,0.0002639229395599374,0.0016410548398416568,0.004395388935385622,0.008321247547310399,0.013766979892007702,649.1461806470222,571.6025992611915,552.5235381537154,536.3005238190348,527.5332069539155,512.0401381541453,492.797334280428,485.95410274934176,473.7557215832232,479.9101829298887
hm104/hotpool_ext_ind_rel_x15y10_ba_hot_rk_buy_p75,hm104,1218,0.05982306996611077,0.5278946846723699,1.0,-0.27371718391793176,-0.27371718391793176,0.8181818181818182,0.5425480974288222,0.5425480974288222,0.00029984398637687075,-42.75987060748731,-23.963639743722396,-10.558009824624618,-0.9534738915577359,6.888268109628912,12.323279435989916,17.843080931473352,22.58904481714099,24.10393050673509,3.4436348556622205,0.017318968942090812,0.009660408317485518,0.004177071568978341,0.0011274730577371516,1.0291121838694402e-05,0.0003377196544824689,0.0020545333435565776,0.005154229632012256,0.009157922133294893,0.010524608208257277,608.5393713377154,583.7144420216295,557.1447908472497,534.7922825647993,518.7308146026851,498.33775462914883,481.28457050665577,463.36956132699265,444.2184536906089,473.84271976926266
hm104/hotpool_ext_ind_rel_x15y10_ba_hot_rk_buy_p95,hm104,1218,0.062432790363270076,1.0,1.0,1.0,1.0,1.0,0.536806249428821,0.536806249428821,0.0007328719392976146,-41.197545781941514,-22.957182693953666,-10.332707470141369,-0.7352033307871055,5.676361698187586,10.272822881084839,13.387085723343993,14.592389843496102,16.948020829436356,23.23108663804539,0.01836879101386104,0.009615190037127377,0.0040496141560939294,0.0010717754039995845,1.5531188154945618e-05,0.00033310245030201854,0.0019994138964260838,0.004682147886529498,0.008521726726526698,0.0130426256649513,638.64529022736,585.6889522096126,553.397302743885,531.2897176291301,509.6938002459363,493.2644389414112,472.5326203073587,458.082870131045,448.55690822509587,466.9520399553913
hm104/hotpool_ext_ind_rel_x15y10_ba_hot_rk_vol_curvature,hm104,1217,-0.04926343240365674,-0.930401582706688,-0.2883315368029445,-1.0000000000000002,-1.0000000000000002,-0.9272727272727272,0.3893866823707941,0.6106133176292058,-0.0007704378818349168,13.577844471079366,15.745498199040945,15.045269276605609,14.484243853086424,11.821400388023983,6.814867568972896,3.5830364155073546,-5.008899522530304,-16.989995535612838,-44.37716478598612,-0.006674202023221552,-0.005945466092444656,-0.0037502367365343705,-0.0020368160099177215,-0.0004758053929589861,0.0002406661735285308,-1.72754171854976e-05,-0.0021062315802983654,-0.007291597597731046,-0.020436029845058146,494.3856290519066,492.0142015222561,490.2752382377442,495.5285897090589,501.7087741722575,507.29875409838684,521.0266467811847,533.4634334136005,554.5123047444611,597.289784378926
hm104/hotpool_ext_ind_rel_x15y10_ba_hot_rk_vol_median,hm104,1218,-0.05644726510949824,-0.9999999999999999,-1.0,-1.0,-1.0,-1.0,0.45296314166386736,0.5470368583361327,-0.0006383974047056617,22.019734966892074,20.25302090349303,14.739317377028621,10.457407938930823,7.01042441423947,-0.03230072036556901,-3.5403378513022137,-10.245585213287981,-18.23511012145955,-33.74266325236836,-0.012159558123973494,-0.0072630661129289556,-0.0039052857560651793,-0.0016166142017738831,-0.00033483585352444704,1.9462593925360777e-05,-0.0006894897548530487,-0.0031019317753732158,-0.007659649228351757,-0.01909789949187389,473.4648841567158,481.6391384697829,480.0753546375722,481.3296538923765,488.19449813695405,492.29972252925216,508.8418460194853,530.0371029426977,560.1731036246223,661.7868654879275
hm104/hotpool_ext_ind_rel_x15y10_ba_hot_rk_vol_quad_coef,hm104,1217,-0.04926383872582621,-0.9333158309652514,-0.3032674141643177,-1.0000000000000002,-1.0000000000000002,-0.9272727272727272,0.3893983313062668,0.6106016686937332,-0.0007699190644363168,13.625247788654537,15.697345226748125,15.03897866427965,14.481641460877821,11.821400388023983,6.814867568972896,3.5830364155073546,-5.008899522530304,-16.989995535612838,-44.37716478598612,-0.00667743176035697,-0.005942111631769174,-0.003751472506440006,-0.00203663010312026,-0.0004758053929589861,0.0002406661735285308,-1.72754171854976e-05,-0.0021062315802983654,-0.007291597597731046,-0.020436029845058146,494.4695307531939,491.95059671569277,490.26982486544256,495.5229853539668,501.7087741722575,507.29875409838684,521.0266467811847,533.4634334136005,554.5123047444611,597.289784378926
hm104/hotpool_ext_ind_rel_x60y3_ba_hot_rk_vol_period_ratio,hm104,1217,-0.011927976527750397,-0.6014057455377266,-1.0,-0.03461654561990696,-1.0,-0.806060606060606,0.7543485084524904,0.2456514915475096,-2.5647216415543452e-05,11.841085239567889,11.156850687209683,7.371481215703156,3.543552466190171,-1.7979007633155872,-1.4771989869646223,-5.970280167794749,-4.271620422673282,-2.651785479186337,-1.7778610058132776,-0.0052662286302025945,-0.002910663592708897,-0.001086076176707557,2.2636268040920312e-05,0.0002618277684623327,-0.00027725582208634227,-0.0011316942811601296,-0.0012073938277258947,-0.0006191740609643346,0.0003116930437176544,511.67871783118295,514.7443554688241,517.0243132668976,526.1974469761208,535.1741977070415,542.5568717218191,537.9958695811122,519.2669498333805,498.73987071987017,486.8495533763678
hm104/hotpool_ext_indpool_x15y10_ba_cold_f07_p95,hm104,1218,0.039480486246061895,-0.07736349106220082,-0.38328443763989967,1.0,-0.38328443763989967,0.45454545454545453,0.46747876511712,0.46747876511712,-9.655198571944033e-05,29.9354915155105,-21.963617264248033,-12.635252119834993,-5.3081323808638885,1.174782320226257,5.977390357417029,11.874073930549153,16.61222125026437,19.970737630255705,22.48193239358323,0.004977243624530973,0.007969226315290784,0.003924633167897315,0.001456044818151861,0.000174277033715241,9.130354446647149e-05,0.0010704217555671045,0.0031331782002035403,0.006303760523945474,0.010476949248012546,738.4139603551107,559.2129340208543,554.0899399449717,543.2668628640889,529.5931951938385,512.8466118514255,500.3975794092448,484.20306460275975,465.31148808714306,448.02427487935023
hm104/hotpool_ext_indpool_x15y10_ba_cold_f09_p95,hm104,1218,0.04227285712726248,-0.11197426142505931,-0.38237119922574453,1.0,-0.38237119922574453,0.45454545454545453,0.4795399464935638,0.4795399464935638,4.881353163696893e-05,29.19291437450059,-19.624547394609674,-13.778288024375376,-4.134672590424649,2.1865771327141137,8.12142560672217,12.772004978827656,16.961050554728764,16.976147791470282,19.36121337948509,0.006335259090924664,0.0077939330599331195,0.004521818362511666,0.0014596319617475948,0.00013747313147110938,0.0001423122603767988,0.0012488530965291552,0.003459196530017731,0.006167907704643114,0.010957658397470548,756.1620520715251,575.8783230873681,566.5603340257495,549.5280215063508,529.1530834976819,509.2073482647524,490.560202987999,469.23438413056994,442.0111644866368,411.8608505708394
hm104/hotpool_ext_indpool_x15y10_ba_cold_f22_mean,hm104,1218,-0.023148633300952914,-0.9198146759210402,-0.9999999999999999,-0.6172569146728766,-0.9999999999999999,-0.9393939393939394,0.6057696046888268,0.3942303953111731,-0.0002809887352589621,55.072376708842334,15.518491350777664,8.401532714846061,5.685550078853506,1.0391625812119178,-1.9400853503121605,-2.5213203253936314,0.370249904436803,-2.392280117005881,-11.266663867594074,-0.008255763192090005,-0.004547016400717264,-0.0012723241904207827,-4.83310639146924e-05,0.00027091083841773494,-0.0003900699653887988,-0.0006188650021993641,-0.00024035638977264648,-0.0019035355990266536,-0.005862293600581453,658.5587533880356,466.6743562293037,484.07062079678406,510.83381514922354,537.6449941508112,549.8648737996273,532.4429736001254,511.5534572601855,530.8589604907512,564.5451153699881
hm104/hotpool_ext_indpool_x15y10_ba_cold_f28_quad_coef,hm104,1218,-0.053691940723340284,-0.9204256061797726,-0.5155974746820092,-0.9999999999999998,-0.9999999999999998,-0.9636363636363636,0.41722177478881495,0.5827782252111852,-0.0007832677667683681,25.49118688122921,21.024388578687105,19.270032237089875,17.55808499900161,20.09359633994141,8.606492987395328,4.297397837725459,-3.1331517662382007,-12.031645290937828,-33.164605539447095,-0.009549989058874647,-0.006305716500465885,-0.003941897260847917,-0.001828814857287224,-0.00044823275518627854,0.00014463226631124756,-0.00023683312231300758,-0.0024817831739962597,-0.007594694992029724,-0.020665343501882316,502.6998047442242,482.5254519581038,485.5989898854203,504.2318244228875,539.5551045290233,513.3047839032848,525.2770589732722,548.3615947786466,583.7166349869584,678.1020606398365
hm104/hotpool_ext_indpool_x15y10_ba_cold_f33_mean,hm104,1218,0.004795433017959439,-0.37348845740314696,-0.9088893153896784,0.9999999999999998,-0.9088893153896784,0.40606060606060607,0.1942081776662472,0.1942081776662472,0.00012325505604693086,29.078897717704653,2.030296008356221,1.420346144007804,1.6614470646202573,2.7404800820486175,2.3442884969462088,4.253416290217001,4.834935940906704,5.8540572648705735,13.821219083794034,-0.0007818040521615518,0.0006794563864906283,0.0005889074308192737,0.00030948090916940133,0.00011133449339768016,-0.00010053232739246305,-3.623092327810602e-05,7.53748350024133e-05,0.00047583236430856897,0.0033503588455566762,665.4207940337697,526.4307544737668,517.9696204243248,517.4897380262984,521.6743832355786,519.5032974390538,521.2062945487467,519.6088874135063,525.3965612102705,543.642619099582
hm104/hotpool_ext_indpool_x15y10_ba_cold_f34_autocorr1,hm104,1218,-0.025897600214001202,-0.7800098867197467,-0.9999999999999999,-0.21851260979793183,-0.9999999999999999,-0.9272727272727272,0.5542547018734316,0.44574529812656843,-0.00016101690446561952,37.61485888831214,17.58456733810581,10.094971455581039,9.007347044657037,4.994011513403425,2.323943132820102,-2.8118427338551277,-4.005133816808381,-6.100059017281809,-0.6973644514607248,-0.008609890757513979,-0.003953035810716102,-0.0012389235480049757,-0.0004712073451767688,8.435151944445928e-06,-0.00014437526964507761,-0.0009730878764477983,-0.0020343412422973396,-0.003757712477451458,-0.004562444134226527,567.2139277601473,504.0553783859011,508.5178077299005,515.9363026608073,520.3149264594205,529.2843792534885,533.3965840912603,541.3143718348881,556.9051393307213,598.433335966754
hm104/hotpool_ext_indpool_x15y10_ba_hot_f28_curvature,hm104,1218,-0.05398490023455853,-0.8900051606966035,-0.46131728745048056,-1.0,-1.0,-0.9636363636363636,0.405346348051155,0.594653651948845,-0.0007044782874673131,16.611619927752397,20.710268430651553,17.20396078349449,15.915839048960056,9.591615886332194,6.570283861164598,-1.4351299761193486,-7.0828061855758815,-19.768633890463438,-49.71546128012061,-0.00806746418611863,-0.006850303534036339,-0.004031816649256606,-0.002190269258310091,-0.00045717083115635654,0.0002203818217576762,-0.0004223764842763547,-0.0023618572143368575,-0.00770363215143835,-0.02141591345991927,481.4361770588406,483.8856405213296,488.4428354192538,494.9883646124392,505.08573625044943,510.486629182634,520.0143568998923,537.9064582612143,560.5909497799928,611.1011489153534
hm104/hotpool_ext_indpool_x15y10_ba_hot_f28_quad_coef,hm104,1218,-0.05398583640436493,-0.8900051606966035,-0.46135315428146795,-1.0,-1.0,-0.9636363636363636,0.4053381225942848,0.5946618774057152,-0.0007040583753002838,16.611619927752397,20.710268430651553,17.20396078349449,15.916890939723189,9.590602613221838,6.582438293636873,-1.454312448096999,-7.0828061855758815,-19.768633890463438,-49.71546128012061,-0.00806746418611863,-0.006850303534036339,-0.004031816649256606,-0.002190437281445752,-0.0004571142239291411,0.00022008913600630472,-0.0004233284645899863,-0.0023618572143368575,-0.00770363215143835,-0.02141591345991927,481.4361770588406,483.8856405213296,488.4428354192538,494.9883341707226,505.0854855256872,510.48335629110034,520.0044536901007,537.9064582612143,560.5909497799928,611.1011489153534
hm104/hotpool_ext_indpool_x60y3_ba_cold_f14_mean,hm104,1218,0.020520492522170558,-0.24038681843380297,-0.8806147756962892,1.0,-0.8806147756962892,0.44242424242424244,0.4198524324269859,0.4198524324269859,0.00024168737811831376,28.638869502654725,-0.9523246114085561,0.1660508360080962,0.027353446343183558,0.7962915580702233,1.030160586743702,4.210216901725194,6.123098523263257,9.7054874869971,17.115570601450262,0.003596344963704166,0.002741935802218436,0.0013478753026844412,0.0006612212401810524,0.00016672835765512743,-0.00010566364943144349,0.00022437182647614762,0.0009862019515814449,0.0030988109774833447,0.007560978371499561,715.2499294560487,555.2397356558209,543.5667096698126,531.0306650059451,524.2912143743866,515.08558097451,504.3131125679213,495.33951702160164,479.6700057201178,463.4721084803833
hm104/hotpool_ext_indpool_x60y3_ba_hot_f07_std,hm104,1218,0.0524267762146567,0.9941359344492237,1.0000000000000002,0.9647263771605205,0.9647263771605205,0.9878787878787879,0.5347302976981622,0.5347302976981622,0.0004973316070300786,-42.977762611886476,-19.797428169997918,-8.543942059606039,0.12533043831954366,4.39357541460571,9.165743612987473,12.698535595820237,16.304434580336533,19.37943285511978,19.196061864474608,0.015468000153838599,0.008098176146942332,0.003323624506689382,0.0008797303052293001,-1.283738363200321e-06,0.0002772048909944239,0.001524944078552024,0.003809931321052194,0.007153646525739637,0.011395470416951934,632.9289638016782,587.3158259404603,558.1122958438028,536.7180735878521,516.0713225446805,498.6715105162315,484.66715177427386,468.0882013895683,450.15503589188495,428.53236136737826
hm104/hotpool_ext_indpool_x60y3_ba_hot_f31_mean,hm104,1218,-0.019082630935991038,-0.8531517074122927,0.6173914487844334,-0.9598899618188279,-0.9598899618188279,-0.10303030303030303,0.44164626335686047,0.5583537366431396,-0.00046637430060442945,2.7008245483208064,3.296429592894804,3.29078788263644,3.119761236448947,3.270981865474018,3.729671566090294,3.692652583919684,4.107524217512407,-1.279496298477523,-16.12725874797586,-0.004483741663368022,-0.0022302565932980543,-0.0010092358826396303,-0.0004423238200614964,-5.6242221343664556e-05,4.7856032591395874e-05,-7.84967308314857e-05,-0.00031114113530380106,-0.002070863517797451,-0.007981811103334428,426.3217313278413,456.25368108061383,475.3107223674249,487.36278898108077,502.8192913926956,514.5325548871151,529.2456249779648,542.9352385822107,562.9992305222916,653.4581949244304
hm104/hotpool_ext_indpool_x60y3_buy_hot_f09_mean,hm104,1218,0.03974859809575496,0.9643769939711877,0.9209275791850482,1.0000000000000002,0.9209275791850482,0.9878787878787879,0.45428520530821903,0.45428520530821903,0.00025657924369796876,-20.581442392086956,-21.454785422010005,-12.761196127193971,-6.338727117521048,-0.23842837896123473,5.072973952331799,11.816393647824004,17.783761644637348,22.167560436494476,26.704400089688768,0.006012632072299291,0.006708637393333739,0.0035350601467161666,0.0014619413883668827,0.0002223688915266778,3.9828373589929926e-07,0.0008505339535764162,0.0030184840869524505,0.006095783362809727,0.011586179272739722,500.8906460488934,530.0641139840986,536.4372340864189,536.5077566667488,533.2972778893785,527.8782011508719,521.3360774796595,511.71343491202117,495.1650616420756,480.235829866801
hm104/hotpool_ext_indpool_x60y3_buy_hot_f12_p75,hm104,1217,0.061958532900008204,1.0,1.0,1.0,1.0,1.0,0.5114622651871928,0.5114622651871928,0.00060440973789611,-40.455739734504725,-23.95009748394729,-10.800201412118646,-3.199049620665483,4.758384074286283,10.415002901724904,15.946121509878823,20.91080207167075,26.452309366083423,28.130416717722806,0.015951847328033918,0.009601337295749381,0.0042977665679952435,0.0014393494527935782,9.001816649572151e-05,0.00022829093026207212,0.001663143528684846,0.004452437211997394,0.008787162346818167,0.014842770333281732,590.0706811860108,581.9860783879531,561.8212729296699,540.7672793861166,523.0688187590463,504.05035724684797,488.4540638663289,471.72200309542825,451.33689158990893,423.4485838172079
hm104/x15y10_ba_cold_f00_corr_f28,hm104,1218,-0.02521069017206349,-0.5987158182187818,-1.0,-0.32043700352047916,-1.0,-0.9636363636363636,0.4847441430570764,0.5152558569429236,-0.00021773436416427293,21.87918308125025,12.734882879763973,12.190614433532179,8.577725709372062,8.098883770028781,7.857886074952972,2.779818586158366,-1.9704031612082686,-5.491084486779086,1.3789641491359077,-0.006751323212959565,-0.0030933701743407808,-0.0016829079798042807,-0.0005013573716250146,-8.62302068338349e-05,4.414504999184299e-05,-0.000522147402847109,-0.0017107639516313466,-0.0038916765947484447,-0.006797323963100659,521.406778571026,498.25926579020825,503.536397565189,509.3248421147023,524.0347219348349,530.7670575051826,531.914881726216,541.5516611627733,561.8210253486175,655.1264011355871
hm104/x15y10_ba_cold_f02_corr_f28,hm104,1218,0.036006565007185305,0.6743061337658867,0.5127489958064616,0.8282716199143261,0.5127489958064616,0.9757575757575757,0.5477992850357235,0.5477992850357235,0.0004189248316552222,-3.521911226521224,-8.539934885453407,-2.7340573129452883,4.0740519336914485,7.039325466296518,11.390830741251053,10.325441297214994,13.172336788197867,15.21535227158756,21.66789548979327,0.011660084101867918,0.005420429288390091,0.002079438632121555,0.0003856054243423801,-5.067360245796075e-05,0.0002254168809831986,0.00094801967269541,0.0024995868080398354,0.0045504332701929795,0.00786929969935471,695.2363491905581,569.5562643867768,542.736614228586,531.2629247678119,518.7598221861954,521.4301950498951,499.4185654149544,491.192420527481,483.1400476502391,507.7088025785173
hm104/x15y10_ba_cold_f17_median,hm104,1217,0.03781556794232429,0.17737184538814424,-0.384824410843267,1.0,-0.384824410843267,0.6606060606060606,0.4381999797017869,0.4381999797017869,0.0002843111529135068,15.538006901231123,-9.549162685797947,-4.464360512470421,-1.104851807510907,1.5952208260277805,4.802151088835202,8.443121947006992,14.384488627779001,18.1897535271606,26.356400461602817,0.006335753850809151,0.005612932452348875,0.0029086527632598193,0.0013356550575976702,0.00025320183928684975,-6.871286029662086e-05,0.000476523063236567,0.002440405878918159,0.0056858675681333935,0.012550977176116935,729.2462713997859,577.0313949301162,560.6222869362017,545.9875962833746,531.4308345643217,515.8716588522705,495.6231903750952,479.11636050786876,455.1274157738781,430.78021020670843
hm104/x15y10_ba_cold_f20_corr_f28,hm104,1218,-0.003043056865595379,0.5053105982287759,-0.09247822732890651,0.8451401301331526,-0.09247822732890651,0.6606060606060606,-0.10273788990046598,1.102737889900466,-0.000213328391368297,6.4626720599882415,1.5007742989067057,3.8543993153581546,5.493220976285256,5.622623265141291,5.844954559499452,6.7275179360069846,5.5153190315977385,8.002897299853103,19.075986468548177,-8.287788842345622e-06,0.0007690740473858071,-7.77684455859695e-05,-0.0002504221539577377,-0.0001418753265663991,0.00012072042692151508,0.0004586283530164735,0.0001684266404391974,-0.00029877756509629974,-0.00356944666194132,551.7338940697026,526.2704022350375,525.6478423609727,522.3665583895688,517.8173549808657,516.2448601595752,512.0856882198949,516.2934798563904,535.6627698136981,651.9232350695504
hm104/x15y10_ba_cold_f34_mean,hm104,1218,0.046960043299458645,0.9717681668681105,0.9078242094204612,1.0,0.9078242094204612,0.9878787878787879,0.4707095532441865,0.4707095532441865,0.0005681261761338179,-10.547816929783785,-11.26961830723119,-5.990693393097776,-1.6737074336160067,3.6699893015466536,7.413954212803656,11.608768441617947,14.962077887531098,20.810241210249625,39.1424456987981,0.01066817502712587,0.0062679402562866035,0.0032641966882979434,0.001421708488478704,0.00021509812307243968,3.6684119392338894e-05,0.0009743064969173022,0.0026231921444293204,0.006774034296305542,0.014146581483018762,703.4412504143334,583.410194603528,556.3000658522044,535.6134378924185,521.6563689798082,506.68453344914604,488.5167240424203,476.74771748711714,458.935557025872,499.5482701961837
hm104/x15y10_ba_hot_f00_corr_f28,hm104,1218,0.03341302555265381,0.8955767978716045,1.0,0.5194649087087462,0.5194649087087462,0.9636363636363636,0.5432586601479729,0.5432586601479729,0.00031471764746240504,-23.850587296957105,-13.252166661419345,-5.296932795354636,-1.7279393957861278,2.032159782494732,6.352630492642729,8.505985598831002,12.57131638067632,12.723428536116963,10.708645567538484,0.010217337787870418,0.005143354192085828,0.0020360044643284387,0.0005747202557381004,9.52570571651117e-06,0.0002152277777015515,0.0010129194726925957,0.0026827034428451415,0.004505944874409184,0.006700569931803558,566.8544879402667,551.8276571540379,541.5632030720768,528.8519889359284,520.9428809847898,516.9472207152699,506.3883550865086,498.53855063620347,488.06331064643643,481.9560266990878
hm104/x15y10_ba_hot_f05_mean,hm104,1218,0.023639851339975353,1.0,1.0,1.0,1.0,1.0,0.49561928758037044,0.49561928758037044,0.00011831741646044386,-15.204845043153336,-13.564284512373618,-7.65082546487511,-2.030486041593066,1.8374419277710738,2.8099255719820144,6.87184102036902,10.15899916556415,12.334991905737361,13.14882254308429,0.004708502193436748,0.004260765840314051,0.0019717137544963204,0.0006918913179883509,2.485277973450533e-05,6.263918659433878e-05,0.0006545127875343511,0.001812100243960657,0.0033828162667810203,0.005951739552674566,495.70311271488976,519.8156432263485,525.7798135543605,531.8583027276,528.0706822686018,526.8768575864638,526.6221365383823,524.7610144994599,520.5713989934221,508.7040055303407
hm104/x15y10_ba_hot_f07_corr_f30,hm104,1218,0.03715499931793514,0.8046043572223972,1.0,0.28432980154812615,0.28432980154812615,0.9272727272727272,0.530598727062756,0.530598727062756,0.00023929483023640835,-27.832062479257182,-15.923228787457688,-7.896122994758656,-1.2375328632086593,4.093227877644495,6.890163457081687,10.652565974418602,14.146686323998264,15.26423006562906,10.597928696335687,0.010220929878397194,0.005937179584164434,0.002646051088846071,0.0007872122390123604,-3.9469806222462e-06,0.000182327614731477,0.0011793798548891924,0.0028740525528911866,0.005302755256234703,0.007789763399154347,594.9043667123162,567.723601407464,547.5156386585109,536.6417327259395,519.3568696113626,511.0291691296938,498.8585022589858,488.16709852202115,469.43450938837714,461.27437046170763
hm104/x15y10_ba_hot_f08_corr_f25,hm104,1218,-0.03628991756733933,-0.61777402185376,0.06571673398735109,-0.9999999999999999,-0.9999999999999999,-0.8787878787878788,0.472905008367801,0.527094991632199,-0.0002502831965484446,6.281510313997881,15.98510556427842,13.002991374029751,9.459144505911643,7.478242179880693,1.7477509152797872,-0.3231760564606538,-5.908167528207751,-13.80970092798163,-25.085426560780938,-0.007641871747767317,-0.005364647179686841,-0.00289659211860682,-0.000928270451157554,-0.00021194209647282068,-8.868783208272054e-05,-0.0006111814379979805,-0.0024239637156188727,-0.005412463591442616,-0.010460014199957346,485.8447568760224,476.2428356329466,489.23163760174583,503.4496933987957,512.75664042819,521.6943483001825,532.1759377280257,542.9181091703915,554.104442779117,582.6984623983627
hm104/x15y10_ba_hot_f13_std,hm104,1218,0.01599910265001996,1.0,1.0,1.0,1.0,1.0,0.44163392093068965,0.44163392093068965,0.00024987187758613856,-5.964227929037466,-3.97926491061155,-2.0105491698894067,-0.5151171878743799,0.6026681962594419,1.1611798019678066,2.970587425590647,4.005742074523044,5.222415909385408,7.20317353214491,0.0038155351287754535,0.0017437395404839835,0.0009428276623640762,0.0003649152716266273,8.837693442207876e-05,-3.9262924556498924e-05,8.066889828254028e-05,0.0006431708816554049,0.0018653496736992059,0.006243909705680944,598.3684693353812,541.3294597573298,532.3822681442623,527.4065414097298,523.1651266004963,513.872993413932,511.49324119270085,499.33978764912615,486.2076953407328,456.2998476552713
hm104/x15y10_ba_hot_f16_corr_f25,hm104,1218,-0.03165483236499185,-1.0,-1.0,-1.0,-1.0,-1.0,0.4862463884805995,0.5137536115194005,-0.0004484851932416015,15.172195481588664,13.46393402572736,12.727019910585184,8.866557359782313,5.478515480062999,2.0097635698861565,-1.3024255164763852,-6.831991094163963,-10.623099222707578,-30.293871374709767,-0.00804877121776495,-0.003965749680620469,-0.0022998945396290773,-0.00077108288056506,-8.847529135576724e-05,-6.83421068512506e-05,-0.0005154971107513513,-0.0020818159811170985,-0.003983928961539575,-0.009382789401555638,462.80913951043766,481.3269163133592,496.45654523734845,506.25809696788616,516.5634108345824,524.7867922952038,531.7500722453096,542.7084963047,554.5162282369017,579.8659180302452
hm104/x15y10_ba_hot_f22_corr_f28,hm104,1218,-0.0235457959957381,0.10812713155051837,0.6454272745059484,-0.28783442907262824,-0.28783442907262824,-0.5393939393939394,0.5184096942991935,0.4815903057008063,0.00024802877551741837,-7.147672953625871,10.448805645692666,10.596698793007915,9.516741551378082,6.772968416183629,1.448532974238579,-4.670807399564291,-7.801996692383746,-7.758626523199378,-2.6865031221779527,-0.003617272860241272,-0.004768909826369383,-0.0027326981926002357,-0.001073969217861687,-0.0001420993288025592,-0.0001447738521499519,-0.0014436570963441947,-0.0030847621591483495,-0.0042858069551762,-0.0024998752825616524,465.3157373815004,459.87566931589225,476.9628116606637,494.960389269546,515.4618829242926,537.3260582619934,557.0807230986784,565.3384699992665,563.0135967893142,550.7531373586647
hm104/x15y10_ba_hot_f23_corr_f25,hm104,1218,-0.020765634353606396,-0.9522900988077709,-0.7606537700012326,-1.0,-1.0,-0.9878787878787879,0.4717903820473301,0.5282096179526699,-0.00027062602208364946,12.243147324426635,13.161470279100124,9.742274087123565,8.396517852338324,6.406198753691627,1.7083434863712026,-2.3216242991049554,-6.275740893893137,-10.612516498382817,-24.416323158228554,-0.004723155518109611,-0.002850132718026509,-0.0013082422258946726,-0.0006431537914292214,-0.00014466355733232486,-3.044185088674369e-05,-0.0005056011424096847,-0.0013893410965548055,-0.00284232709998024,-0.006057949330898949,500.1525873062474,510.7514755067558,517.8033175882763,519.2875850368946,521.4191863180994,522.1786360350287,522.8375754391583,522.0899131522943,519.4199737027028,546.4848386856105
hm104/x15y10_ba_hot_f23_corr_f28,hm104,1218,0.004658966238236687,0.301439818924757,0.9912017662294,-1.0,-1.0,0.01818181818181818,1.2092483988625025,1.2092483988625025,0.00020962723912763668,-15.188230322728145,0.008871982469817236,4.716566421622742,4.624471826593445,5.5623720443637845,5.9971941420448,5.694809506926233,2.6402789341770507,-0.02965927307172935,-5.331621666241855,0.005959636939044283,0.0005548337571830308,-0.00044498230730307623,-0.0004779616035142969,-0.000211170724740824,0.00020222233310958308,0.0006727586188315315,0.000628448948496939,-6.784981722775172e-05,-0.0023665971447703613,580.9066897913292,539.5450510061271,527.2640350744733,518.3164182333181,512.8156623601067,511.86749929441237,503.7825360999147,498.63635032023853,500.5841934399699,511.8375165638935
hm104/x15y10_ba_hot_f23_corr_f31,hm104,1218,-0.026274446518943402,-0.8887487107921912,-0.48705042240590607,-1.0,-1.0,-0.9878787878787879,0.47907309169492623,0.5209269083050738,-0.00020020845994533313,8.722420489939363,10.68249803525979,8.557333591290883,7.4084946111637375,5.000196559570588,3.1745997172662013,-0.09205397149894831,-3.1707992956359403,-9.387099212881088,-22.594365209546822,-0.006597217404953674,-0.0035903925191194514,-0.0016454788864305253,-0.0005774654410969308,-8.091158891315019e-05,6.186789377153254e-07,-0.0004190545946471629,-0.001456801537043526,-0.003766735141088214,-0.007940799624643181,472.81503819365224,478.843461697014,495.21042421952257,509.8535642902728,515.2358985769,527.6315673601575,535.5756430826289,543.2915698064884,555.690369160414,563.6790151365645
hm104/x15y10_ba_hot_f28_autocorr1,hm104,1218,-0.06381253739245538,-0.9393226624036256,-0.4135573308390433,-1.0,-1.0,-0.9636363636363636,0.4126623136285401,0.5873376863714599,-0.0008573264133041415,17.502067398210542,20.002958585655072,17.991480097453014,16.76362829094446,13.974827861980346,10.121073903317583,2.5999212259347315,-7.258911956613358,-23.190585401709484,-59.92861303799013,-0.010854208957073607,-0.007833588308302851,-0.004497798960553998,-0.002273618358200367,-0.0005200284334985392,0.0002697881151947885,-0.0003678196437474039,-0.0030434654966313675,-0.009001145953309003,-0.02483332498302875,444.34104991306225,447.56635713618704,463.5165754690817,477.70292314880953,493.5944349134741,514.5466922029974,533.1062776559115,557.5026455513098,587.1380792406898,648.6303803945962
hm104/x15y10_ba_hot_f28_autocorr1_abs,hm104,1218,-0.06383428930956882,-0.9400965465637895,-0.4256025831453577,-1.0,-1.0,-0.9636363636363636,0.41270320839867886,0.5872967916013212,-0.0008622947083035541,17.599563324867276,20.072280698821537,17.953227264864697,16.785094269509337,13.935219193564683,10.15480289195214,2.5692123285706105,-7.234729625744563,-23.189802298475897,-60.01175724308884,-0.010861176540288653,-0.007840397271715831,-0.004494523466317218,-0.0022739995246362143,-0.0005186474082485076,0.0002717566216135536,-0.00037150455084541083,-0.003040895191016088,-0.009002525747942091,-0.02484008152186871,444.06957037060704,447.71699708417185,463.5121991143159,477.7460348823228,493.58008763344554,514.557754436838,533.1005900157666,557.5498360743077,587.1904785893812,648.5703337089753
hm104/x15y10_ba_hot_f28_median,hm104,1218,-0.058201517090240615,-1.0,-1.0,-1.0,-1.0,-1.0,0.45613435419988135,0.5438656458001186,-0.0006572853264844715,21.4901942579643,19.078820533196165,14.293202825358328,10.184722699361025,6.792848294407205,2.0226649633982525,-4.7241552387205905,-11.088097900742861,-19.488097930227315,-29.875266919838733,-0.012932724646652728,-0.007413042628239428,-0.0039017370703751746,-0.001620999934274851,-0.00037939671394701506,7.60632578729043e-05,-0.0009200458951570673,-0.003481693702072686,-0.008691905864612786,-0.01827874856629728,466.14560883545585,472.64255919862296,475.5909187799774,479.7283664407373,483.19311194025073,493.3820296746317,512.0330574207338,533.0875542893315,570.0140355315261,656.4662101920442
hm104/x15y10_ba_hot_f28_p25,hm104,1218,-0.05724912428900986,-1.0000000000000002,-1.0,-1.0,-1.0,-1.0,0.4568361446037134,0.5431638553962865,-0.0005488113845596937,20.5190648435717,19.043025490752317,14.171708347668838,9.723794156482962,5.785066762436367,1.6872152049772038,-3.7340575361938755,-10.365179628481691,-19.288272150126527,-28.848353188961262,-0.012623069978535071,-0.007450277079130192,-0.003836610121555467,-0.0016433770629004664,-0.0003494181029719732,6.603240965013229e-05,-0.0008380979821996342,-0.003492345822126486,-0.008664419531883865,-0.01786872963279709,468.14276398394423,477.1239979094551,477.31020803145174,479.4449287169557,483.7798677254983,492.89508637451235,510.5284212784044,534.3934975238544,570.7199124389333,651.2277493419799
hm104/x15y10_ba_hot_f28_p95,hm104,1218,-0.06727913822761192,-0.9774913012806866,-0.8771751705495608,-0.9999999999999998,-0.9999999999999998,-0.9878787878787879,0.4301438405021348,0.5698561594978653,-0.000902640455226966,21.221225706816696,22.016713640027174,17.97996008405429,16.02413609946251,9.858991106432747,3.760146035625465,-0.9783043001346833,-9.841771856833912,-23.51036075959954,-47.870510308983526,-0.012801412673995953,-0.00815340190160945,-0.004744385692876855,-0.0023688860124095774,-0.0004833553900031999,0.0001344349788080005,-0.000560039417697231,-0.003339395478640647,-0.009720427415435131,-0.02433962876852486,461.1244493324845,467.0368441986692,467.1607317141407,475.92152352886006,481.358594611729,492.2259132648424,510.7639592146473,534.9885552798562,571.3189079835608,673.4737851239497
hm104/x15y10_ba_hot_f28_trend,hm104,1218,0.0004897213419520448,-0.036185537356700916,0.9985099450413629,-1.0,-1.0,-0.2727272727272727,13.98656697382726,13.98656697382726,7.948882838565721e-05,-14.799555226957452,3.8193801758378445,6.483746967854694,7.733080635379485,7.716280686056669,8.281291384335448,6.472912137955274,2.2867060565743924,-2.8165661037145604,-16.53391548998737,0.00718727704146931,0.0004583714058022999,-0.0007384705061056102,-0.0008314951599469197,-0.0003379382553810613,0.0004118265005462639,0.001107683271800056,0.0009786146577152655,-0.0003166308811113807,-0.007509005561221818,597.735634269465,546.8594465472396,526.2628680250826,512.0102572368298,504.8353740847206,496.6710049983721,490.3631114243091,490.50573362988973,494.74639937858274,535.5520802583462
hm104/x60y3_ba_cold_f14_mean,hm104,1218,0.02770873371948761,-0.07756263366416657,-0.6116064566013443,1.0,-0.6116064566013443,0.45454545454545453,0.4042164069487911,0.4042164069487911,0.00015297997471925293,27.557598565554667,-8.734353747617822,-5.177139104090679,-2.9468832384521244,0.011925406347403245,1.8116093031113933,6.192571437154689,10.804233339205751,15.011772927636846,22.333030982597272,0.003507650175457286,0.0039819383449508725,0.002258349643691949,0.0011404093743185913,0.000250140231057272,-0.00013984576790651928,0.00026401239180967107,0.001678105595527958,0.004235828406521493,0.01037916534933981,737.0902694949572,538.0812690849205,535.1260130020147,531.6935344617806,524.5487042535859,518.3751525956282,509.6547886637266,498.22986440953855,483.6275998064086,455.03955684671763
hm104/x60y3_ba_hot_f05_corr_f33,hm104,1218,-0.022421900938429766,-0.7691849376782663,-0.3955507558611758,-1.0,-1.0,-0.9636363636363636,0.5125406237033087,0.4874593762966912,-7.975899868512209e-05,9.594843330797081,13.164881556865103,10.28160663983154,7.944557700109427,4.922387099053753,1.4475707799219417,-4.313840450567888,-7.133371961159028,-12.443552105954288,-14.199267874991333,-0.005393666539316203,-0.003534061875636385,-0.0017233239241269147,-0.0007047993524765799,-9.540367310848027e-05,-8.724774876484337e-05,-0.0008529891354742042,-0.0019355471653539657,-0.0041401917483744185,-0.0038749107771126295,518.318205283594,508.1720372574852,514.4173584806854,520.1710675897425,524.0437157667697,531.4529018346318,528.8020736309119,530.0439256779941,527.7406486808894,502.3980402033881
hm104/x60y3_ba_hot_f28_p95,hm104,1218,-0.06325042746773903,-0.9371660008932728,-0.6853602136627839,-1.0,-1.0,-0.9878787878787879,0.42960503816350576,0.5703949618364942,-0.0008304602905148353,18.47443760237767,20.564085825679758,17.62678525385484,14.630396759017705,9.37093693277416,5.8409150805487675,-2.1590549098557186,-8.69043710841697,-22.041045167811927,-43.859562987951996,-0.011941758796135463,-0.007714336548385797,-0.004575412618392528,-0.0021399479379941946,-0.0004444764804281997,0.00019189905635476128,-0.0006692216768148741,-0.0031545014741897466,-0.00917209852048636,-0.022800112180751814,462.4851543676682,467.9546042264788,471.01279346432364,478.73868250923204,482.39694736871235,495.85763958465856,512.6604660378177,534.2314499594103,568.9431219548304,665.3142810689194
hm104/x60y3_buy_hot_f12_mean,hm104,1218,0.04093534903788968,1.0,1.0000000000000002,1.0,1.0,1.0,0.4490552730868908,0.4490552730868908,0.00019508200839757732,-20.578360774532673,-20.18531004631008,-14.193265442668379,-4.96462291569495,-1.8570293650901388,4.171327713535632,11.994169418869454,17.523342394974804,22.030274657613212,28.2375283399208,0.006131568866414782,0.006786960384911576,0.003758291619748429,0.0013504411565417802,0.00026736970894489784,-4.060083476656235e-05,0.0008871066941768611,0.003034432248965259,0.00623894324867625,0.01232575393587891,504.65764390192595,535.7280642748933,536.9715405626747,539.8415456379278,534.1263296675888,529.270855256219,518.5499209936107,506.7179366584695,488.65725290001933,469.20287038139435
hm104/x60y3_buy_hot_f28_curvature,hm104,1218,-0.055367699117099,-0.9804480828588283,-0.8916546332930575,-1.0000000000000002,-1.0000000000000002,-0.9878787878787879,0.42979087125982635,0.5702091287401738,-0.0006858216796851824,20.265911210239082,20.893082659274384,18.863049072350236,15.227168666352958,9.942990251116745,6.706541454197815,0.2155087814088337,-8.18200970245485,-19.247671583273302,-42.63421673021734,-0.009781210830190824,-0.00720590309749536,-0.004228468693501379,-0.001899915646601412,-0.00038627347816016963,0.00015709664861964022,-0.0005993460108776359,-0.0029688602506146517,-0.008262627124673658,-0.019506368953918427,467.0830683456301,472.1152688143522,483.17544506710703,491.5216333514357,498.214485401388,510.8551780046036,522.5865660265728,538.3574623927631,565.902628077979,613.0970145584238
hm105/x15y10_ba_cold_f04_corr_f09,hm105,1218,0.011073048935781595,-0.705257980334114,-0.8115341186214944,-0.680772312639081,-0.8115341186214944,0.07878787878787878,0.47566208898793,0.47566208898793,-0.0002750650403916202,67.08788964029708,-5.930870850244604,-2.3939717692397453,-1.1174057509113535,1.6657539726364132,6.479650474217569,7.6734334818457635,8.816959294308772,6.67615409628745,-3.4892538145023955,0.0005527651043670311,0.0028477048126103097,0.0012639014236261136,0.000609752955365515,0.00012374330401070902,7.752249681521597e-05,0.0005351943066599431,0.0016374809018058524,0.00172861389508313,0.0019714347758294005,818.791322255697,521.8630156824223,523.4866807723982,525.6500867191814,533.4301786330997,529.500252141156,521.2933360860834,506.1603822821658,506.7637607951249,534.6117389663669
hm105/x15y10_ba_cold_f11_corr_f28,hm105,1218,-0.044585822737241994,-0.5246229285783783,-0.34910406633645863,-0.5216529747420077,-0.5216529747420077,-0.9030303030303031,0.376453389785032,0.623546610214968,-0.0006080539057566906,22.63688103551631,13.799103407799956,11.687990522414887,13.352260113848036,16.970450557138193,10.819284532221584,5.678161257772771,1.4470303692786508,-8.44890987504182,-2.3917577977951456,-0.005730288774519167,-0.005232715838713462,-0.003188665680897913,-0.0019128901279687326,-0.0004910197296959017,0.00028984409549272347,7.221860153893966e-05,-0.0018538112059174948,-0.0067771433195653015,-0.019153296851239014,550.2046245356613,466.7118739541759,470.11532810758996,480.81717393758584,529.5440311407758,515.6896571412286,525.2619838314358,557.467129332318,601.6201667434603,818.5839505696478
hm105/x15y10_ba_cold_f12_corr_f35,hm105,1218,-0.004676494446730826,0.7586209991681154,0.473395527546088,0.8501609906578947,0.473395527546088,0.17575757575757575,0.412311579184888,0.5876884208151121,0.0002619752381660058,-5.907183228420675,-0.4946711035951328,10.264779974459284,7.4294938014017395,4.484778615842231,4.241101786305975,1.1306096643217582,-1.234058219853505,-1.2144675418169526,66.37135044831473,0.0006731120538931081,-0.0003939263859494636,-0.0017562108881575792,-0.0005097652661863798,-4.939774813619431e-05,3.0611865874798443e-06,-0.00035663738657112584,-0.0011580427253196474,-0.0015991498825371723,0.00020848735748014305,516.936870323779,508.0509381882979,522.8048250727086,524.3689948558301,525.1286900731714,526.3061638536441,526.7301690430144,526.7180474035163,530.2585624131107,817.8730488096836
hm105/x15y10_ba_cold_f13_corr_f20,hm105,1218,0.0348091474627514,0.4358483843226888,0.2195031254250832,0.34235124995006777,0.2195031254250832,0.8545454545454545,0.5003688593053975,0.5003688593053975,0.00033781113429882383,3.0768934035429356,-3.661381083767134,-1.4043860027283248,0.1779828013388942,6.866972154959359,17.119452585615104,9.915339104309504,13.869274743380092,15.025384905566364,24.61992226618501,0.010873818533549216,0.0038095862793015535,0.0016334088029949238,0.0007962627551559236,0.000135306866398911,6.907418674847416e-05,0.0006604002142606174,0.002289959821969432,0.00493608615416881,0.009267432713904724,761.1336472538463,575.9250846974148,556.7817250385523,553.7416917808536,560.496598773086,583.5869729669669,512.788105618488,488.6171436586706,459.00789825420884,478.83842980264853
hm105/x15y10_ba_cold_f22_corr_f24,hm105,1218,0.02606623103372393,1.0,1.0,0.9999999999999999,0.9999999999999999,1.0,0.5548810541283387,0.5548810541283387,0.0009249201756944077,-35.15938724890834,-6.08140394491853,-0.8260739589438618,3.56249437441057,5.070516502192063,7.003230231769047,7.719202653851444,10.261105791080675,11.41436357845291,82.78272972690516,0.010173195778207378,0.0026024149805746214,0.0010542483765244351,0.00016782037451688422,-4.7242438751630445e-05,0.00014745846969841506,0.0006181923306973948,0.0015107793440912636,0.0024218914483376394,0.006492552194133154,604.923510692838,529.4095146962622,530.6089171717414,530.0714415800388,516.2060721463145,510.4012383438724,505.4755149830985,501.29551398496017,497.708936159207,792.8486534232645
hm105/x15y10_ba_cold_f22_std,hm105,1218,0.014815012188262493,0.441509837415295,-0.5853783562747131,1.0,-0.5853783562747131,0.3696969696969697,0.34280901278197484,0.34280901278197484,1.919221282396116e-05,13.075484088107416,-0.24192677149948666,5.062932245865577,1.9151075272824554,-1.9037129646723083,0.6177001182628965,2.1015217670231836,6.830751284802532,13.014777137998381,45.14627386247188,0.003969352319592566,0.0012945510467542033,-0.0008840746432010369,0.00026400642665376387,0.0004283052892804085,-0.00028437182913777624,-0.000342376026612701,0.0010716656787370749,0.0037648281417047534,0.00551393357166727,636.3235286482419,517.2675771215944,496.81418755944645,539.9339270672971,562.8423380655487,544.3913504232002,520.4743978862266,497.05241097950113,492.65014724897185,728.5697593497747
hm105/x15y10_ba_hot_f28_mean,hm105,1218,-0.060020019341773985,-0.8075899201488957,-0.2913392403699383,-1.0,-1.0,-0.9636363636363636,0.4580309559561809,0.5419690440438191,-0.0006669979602728839,12.659158829760873,17.832670520109783,15.569315844697464,10.43925791500105,8.40536900034216,2.138613399126694,-1.6023618157114055,-10.889362412227186,-19.981646056364006,-30.76970826630236,-0.012601214943032617,-0.00795919568538003,-0.00452735535417008,-0.0017096663923811869,-0.0003880887472927069,1.4817675903514765e-05,-0.0009719450208600513,-0.0038259321123465554,-0.009060186532550606,-0.018324254269390834,468.94849709365946,455.8516958308633,465.6896843724236,473.20694883998374,486.00919556390653,501.14486166472744,522.2567879536153,545.1945689108459,578.2574069012247,652.0794935667905
hm105/x15y10_ba_hot_f28_p75,hm105,1218,-0.05961077270054874,-0.7580702943167525,-0.14201229862524242,-1.0,-1.0,-0.9272727272727272,0.44628394278824046,0.5537160572117594,-0.0006801080702528651,11.076117577852026,18.38202531808929,15.5233918126867,11.716135284594495,8.65760097190859,3.6212221384480006,-2.0459322733010574,-8.725312370652505,-19.69023168160249,-34.70901339853152,-0.011867485234639215,-0.00779756726871753,-0.004424131281733288,-0.001828288770544708,-0.00038233680670523044,7.33600706348643e-05,-0.0007940402657700069,-0.0033585478191189705,-0.00874748253684782,-0.019804144716854013,471.06248180841584,458.4844803093906,466.50587074350426,475.13135982977866,485.5797658984886,499.24952446671574,516.9304157254949,542.9017629969228,572.5649262268147,660.4514590037406
hm105/x15y10_ba_hot_f28_p95,hm105,1218,-0.06258813226304426,-0.8500097999651816,-0.3040258135220122,-1.0,-1.0,-0.9636363636363636,0.4309546521486637,0.5690453478513362,-0.0007401721897051841,13.665452475269797,18.771589533959162,17.24338549210259,13.095045686435556,9.204374741686275,4.8961078463500805,0.2500331732679638,-9.943522334404534,-19.217620175739437,-44.2085491440867,-0.01179238455826063,-0.007719330114428706,-0.0046853711011619415,-0.002018682322414476,-0.0004378980232445367,0.00012910605980516278,-0.00043807684280157,-0.0033211054306398285,-0.008717932511976124,-0.022846285228216443,472.6024017626209,462.8389859527262,467.94255788084735,475.2328388630406,484.9417927740132,501.2027810032193,516.1117545402343,536.7541213891491,572.2600038083227,661.648211854257
hm105/x15y10_ba_hot_f28_trend,hm105,1217,-0.002569818431188564,0.02200474914513427,0.9999999999999999,-0.9999999999999999,-0.9999999999999999,-0.04242424242424243,-1.3073182916375217,2.3073182916375217,-6.93690062349608e-05,-11.519012220989797,0.5919555795269069,5.072934674581857,6.905055742807601,7.776942323492209,7.724132196293799,5.166532849419638,1.921260980891246,-2.8381474762314234,-10.688091152134875,0.004601362152398687,0.0005743612856982379,-0.0007332042273954201,-0.0008241047880245166,-0.00034953115212062717,0.0003440701999807753,0.0007465822056898677,0.00036957804198285227,-0.0012812037257513818,-0.005948359417412073,557.5877515754772,536.612957219276,523.2847002723555,512.1905837368546,513.0960062082872,506.3115664774335,503.83445795750663,507.5278036597712,514.0949808883083,540.2075130666327
hm105/x15y10_buy_cold_f22_corr_f28,hm105,1218,-0.00811681938479261,0.33181858100593864,1.0,-0.7200960964813886,-0.7200960964813886,-0.030303030303030304,-0.1582822126568477,1.1582822126568477,9.842923827719531e-05,-16.610508455484354,0.8807355494394744,5.505975719957454,8.99320541418581,9.81127157717232,9.38341604448353,7.842752739204128,3.9395203887845422,-4.585090544052457,-2.3120550267609565,0.004667169091735163,-0.000320545039575231,-0.0013666205498183948,-0.0012393582930609122,-0.00044031747969501203,0.0003946644785433857,0.0007629379298010203,-0.00018355126890661847,-0.003190502091422157,-0.0072991254006710676,510.1436158381594,492.0236347130115,487.02299457199587,487.28609504750864,489.97270569202834,494.71433314393465,506.2278348735626,522.3991027501503,543.4652230445396,625.6857809954236
hm105/x15y10_buy_cold_f23_corr_f28,hm105,1218,-0.004679733043084038,-0.4550111935888204,1.0,-1.0,-1.0,-0.3575757575757576,-0.4700086691827175,1.4700086691827172,-0.0002364150663312348,-0.5547449003157773,3.357991091334068,6.20311087522509,7.347283724448301,7.699744641975831,8.917219135488839,6.035428407324074,2.958222387615513,-2.7767429170646856,-16.371031806987297,0.003452055208304961,0.00035384801604717035,-0.0007270640065306581,-0.0007105115890163015,-0.0002799296597959436,0.00034343070023084334,0.0006985192593634849,0.0006732191775284875,-0.0007125895541206388,-0.007534295528764205,563.8402802279992,522.4935987098904,512.727217424488,503.15448455070964,500.92371535016775,502.1115896475762,501.7066686903283,504.5428400988891,511.7169802265985,552.4362796575904
hm105/x15y10_buy_cold_f28_autocorr1_abs,hm105,1218,-0.06993194816408045,-0.9999999999999998,-1.0,-1.0000000000000002,-1.0000000000000002,-1.0,0.43918969566443283,0.5608103043355671,-0.0010125746441852265,25.88729669270227,22.0542068871821,19.60956992557199,17.415031063223676,12.784072673951378,9.311345028967327,2.8217617071184358,-9.888236697512703,-24.199495560387955,-53.05348301691835,-0.013968648930278061,-0.008681301605050182,-0.004954612631166324,-0.0022026252376357216,-0.00046149027745583224,0.00016371819821979201,-0.0006278299623524874,-0.004143950255538421,-0.01026887216092549,-0.023773760657712414,408.16008995478165,423.15064696704053,440.756294332361,463.5666035301054,481.66913047248653,504.94146700108195,531.306912124251,563.4967109722104,604.6512880251489,689.5329956689997
hm105/x15y10_buy_cold_f28_corr_f31,hm105,1218,-0.03724085986669645,-0.7799463030611362,0.5731776723333346,-1.0,-1.0,-0.806060606060606,0.3437889774764771,0.6562110225235229,-0.00045414479718339717,6.2209646082843495,10.751651621467012,11.198567921842372,10.597314968247648,9.848083313614358,7.605222794344902,4.884932099404173,-0.8037354779817433,-8.441739572983806,-29.063725960609197,-0.0027286747111195096,-0.004406960191044856,-0.003235942798914782,-0.0017995756191224277,-0.0004757138382648148,0.00032403630608851774,0.00023236187402278543,-0.001554994141491283,-0.005572446968904779,-0.017568804980761864,495.76180652082405,471.7314490642194,471.3707880032179,472.177660056597,484.77141792019256,493.3796302532369,510.71599298030645,536.2031597674437,569.2239044582689,645.9131399749701
hm105/x15y10_buy_hot_f38_std,hm105,1217,0.033959546699674624,1.0,1.0,1.0,1.0,1.0,0.48402559554108476,0.48402559554108476,0.00040274508720498676,-16.581344790553512,-11.483869716613848,-6.669596016786661,-0.3937922969716862,1.4724150329558188,6.065773040981174,10.609614115040719,11.595731418506631,15.520727788496476,17.9273296835076,0.008158795541745655,0.004782656833688322,0.0023816688696975306,0.0007640649691870135,0.00015516467061110425,5.346610875061335e-05,0.0007447123156148326,0.0020350412619484326,0.005047838448391763,0.00943339259283432,582.6493430232779,541.5393586579161,534.8959879352033,530.0712720530463,522.4105513673214,516.1541982471146,510.8403392735239,496.4989401012259,475.397764429058,451.37805799459136
hm105/x60y3_ba_cold_f00_corr_f09,hm105,1218,0.019062441681175775,-0.07356271338694984,-0.40996778024672176,1.0,-0.40996778024672176,0.45454545454545453,0.5242389860465595,0.5242389860465595,0.0002305934432116889,20.415301848046727,-8.172581182785274,-2.3056641557628956,0.47040815435368144,3.790651111627363,5.707542602207615,7.076127045502975,11.140105845653702,12.954707700512973,16.49750138885968,0.005768745098604621,0.0026656525704577003,0.0010328042193613071,0.0003941610244387951,1.1026112790557145e-05,0.00010434656040623939,0.0004438747881968199,0.0012458651179098113,0.0023422161501720734,0.004823156595626161,822.9097651191145,545.849344242468,529.7437255821483,520.8964777066843,512.4754404399162,500.89692122514526,496.73564922165326,501.0910162551034,495.5908358708796,481.5460221019119
hm105/x60y3_ba_cold_f00_corr_f12,hm105,1218,0.023814201806762077,-0.1578745433150805,-0.49451507633807085,1.0,-0.49451507633807085,0.45454545454545453,0.5186740590345127,0.5186740590345127,0.00011482832477204311,30.001135580811095,-10.489021560438852,-4.566653829971483,0.6167232150368386,3.2058312487772485,4.785823999938874,7.688165654035771,8.118225372198312,9.241578179318862,18.959585173927,0.006138839034184346,0.0040001302389202865,0.001669639889164012,0.0004879265944500398,-4.285516240030794e-06,8.210733791500523e-05,0.0007862378543227957,0.0015337133765411714,0.003017540709695756,0.005987523963036633,819.22590982455,558.7485571942688,535.564920321185,527.7925093935689,514.6442308037678,506.0372866929794,494.03386910325753,485.77078116204575,474.61357164295055,496.65520602192163
hm105/x60y3_ba_cold_f02_corr_f08,hm105,1218,-0.02271941753476797,-0.022605678846596738,-0.9098117682583811,0.4206266013379767,-0.9098117682583811,-0.5515151515151515,0.46386507157816753,0.5361349284218325,-0.00028418834748947545,19.45570825293964,10.370614489380669,9.201577829389029,9.803808804149062,7.305191107507056,2.385727149207459,1.587761020964413,-2.214465044855899,-8.500833533372843,18.19307015373036,-0.00552465812843785,-0.002626157105953034,-0.0013896388357727183,-0.0007242490224120106,-0.00014221610025392226,-2.444565925036479e-05,-0.0003390320804250123,-0.0013431184456627193,-0.0031224602451064886,-0.0071992535640043815,491.0739164039815,471.1855340630108,483.9190233477293,492.6231361740448,500.5412014702381,507.4164158394831,523.7513209298253,532.939581441538,557.6834177056351,837.0023003777225
hm105/x60y3_ba_cold_f02_corr_f12,hm105,1218,-0.02345215826330917,0.2395582755289129,-1.0,0.545375559089569,-1.0,-0.45454545454545453,0.48188792820722504,0.518112071792775,-5.8678321955380754e-05,14.57696271239498,10.511899919741412,8.753005348160976,7.986493485854609,5.327195954342022,2.188176098613541,1.4684051762562067,-3.5504884070487894,-9.226313055040567,29.574224202095962,-0.00575358458652233,-0.0031085681805601904,-0.0016036617943474833,-0.00070794964958542,-9.927137148081458e-05,-4.719400131909524e-05,-0.0004035639716266236,-0.0016142594378066163,-0.003749319978634137,-0.006306106969471048,474.23418551348357,474.615407270737,486.8382666343049,497.0382852148668,504.87913843163574,516.9424121554412,528.2610547856851,541.3653726519534,562.3777722527267,824.0227303440913
hm105/x60y3_ba_cold_f08_p25,hm105,1218,0.026780594298585477,-0.4068270348196872,-0.686782458671948,-0.03139366275576907,-0.686782458671948,0.3333333333333333,0.45947683162340447,0.45947683162340447,-0.0001874228591171265,34.07443518648053,-5.64457813260548,-4.789201010443122,-0.508883601915089,1.730819703565511,3.6879260410990513,7.82517438442522,11.20543012216172,17.14378582636999,2.815685775999078,0.0044229091115054915,0.004288017611303475,0.002675523427055526,0.0008628354555577535,0.00014189347336456465,-9.93660730399967e-06,0.0005722288720180755,0.0019257143474870231,0.005082344413408291,0.007006487053306424,744.7440577235774,556.3830038350685,541.9084760621597,530.4774235877932,520.7945476099076,517.265107310977,511.453403756758,505.72535185209114,496.82902997417267,522.7464395838338
hm105/x60y3_ba_cold_f09_p25,hm105,1217,0.028209273999642483,-0.3636135825581742,-0.7089327605753987,0.15543144587397434,-0.7089327605753987,0.38181818181818183,0.450468118440979,0.450468118440979,-0.00027815943284821484,38.30615034305309,-8.121168255564752,-6.766856130128461,-2.170810635593942,-0.2136181341450244,5.245149698852246,8.823004409884767,11.824506699147765,17.843849817288962,8.634765210069377,0.004383417370909745,0.004419388073181232,0.002737427372243529,0.0010770308624479111,0.00021541685876430463,8.445932422238166e-06,0.0006617139236843418,0.0020960485156181663,0.005110665171585762,0.007777879351633456,765.919168771761,544.5975001521466,531.6287242223389,528.1513632183767,519.3201476665245,516.2439742851037,505.96584372610823,500.8590038796966,488.756480024489,539.495343542861
hm105/x60y3_ba_cold_f10_corr_f12,hm105,1218,0.023684875174977766,-0.15781213344775746,-0.511378770045983,1.0,-0.511378770045983,0.45454545454545453,0.5119790898066066,0.5119790898066066,0.00012701534076258407,30.63892038440458,-11.168733098036098,-4.497225675604516,0.7388273757183726,2.347473078037151,4.4545542372018065,7.288292540546844,8.38295014256255,10.136918195159051,19.24198507874045,0.005789445511941648,0.004069332141726596,0.0017202284077880694,0.00047851200253557646,3.613571721201164e-06,6.111277544815673e-05,0.0007221202110878059,0.0015577799959738594,0.003229189797805706,0.005926525418186538,816.0264817376425,557.822613141956,536.4646451933708,527.4472624330309,513.7319800028521,507.8623000201303,493.8561711381411,487.7054626775264,475.94582128269616,497.6976697683081
hm105/x60y3_ba_cold_f12_corr_f15,hm105,1218,0.03168166392204229,0.11523966655318856,-0.37431716272720694,1.0,-0.37431716272720694,0.5636363636363636,0.48910851148434986,0.48910851148434986,0.0003436392422294217,14.865256798987613,-5.307063376795689,-2.1487457025169108,0.23882904863954008,3.87675158547484,5.707597085549322,6.613810465216373,10.701435119034217,12.918383399669047,20.120129475309227,0.007663344702399239,0.0047027335798426615,0.002128108544600388,0.0007562514457991609,7.725633136161234e-05,5.381831399490517e-05,0.0005838123958089682,0.00205391845127958,0.004442346400130577,0.008876434514595712,733.0146371160515,584.3469806148825,555.183848062342,544.4657916717421,533.9693793529642,522.8700425607364,509.656156648581,501.4748451450616,482.1813527067074,489.81626081182304
hm105/x60y3_ba_cold_f21_corr_f28,hm105,1218,-0.007741161543314549,0.5992066873121068,0.9416826808873434,0.3880959474931142,0.3880959474931142,0.3939393939393939,-0.030050749380710208,1.0300507493807105,0.0001325753043380125,-7.593606680608474,2.6802128189320817,7.906709451362891,9.459944745698321,8.947751167251432,9.589179721456341,8.655407916152436,6.3531641502775,0.49814769765767697,21.121029110300462,0.004113662193270979,-0.0009007170345167423,-0.0016078562722743129,-0.0010505162785349978,-0.0003179609152464551,0.0002547377075951453,0.0004752066855956243,-0.00011264791290095675,-0.002612429334808585,-0.006115215685832266,574.7751506470164,498.16622842776263,498.3658179541545,501.98712052947644,507.78860810691293,518.5945707501114,530.2410058495559,539.7335496761302,559.2833886738306,733.223797815438
hm105/x60y3_ba_cold_f22_corr_f28,hm105,1218,-0.0066907741341284055,0.6492298126006913,0.9999999999999998,0.497072261330779,0.497072261330779,0.3696969696969697,-0.18094093142085457,1.1809409314208548,0.00020842285114804207,-12.254931397230134,0.6405738162600291,7.194300094666145,9.889258866188644,11.11229427424553,9.652291551987302,8.51383014744408,4.243636763646081,0.08565922041463125,28.562791811757492,0.004458877820653753,-9.80844724335773e-05,-0.0015295317892664326,-0.0011756611428756778,-0.0004072532875061966,0.00032065561055422706,0.0005582525389733669,-0.0004799960118459156,-0.002697251179311603,-0.005849205072218373,557.9240908887041,498.1978247643599,496.3955146490276,498.73425021040924,504.3643490410826,510.45245380696804,525.1743360121017,535.5555855750309,559.2442065917229,758.585523476412
hm105/x60y3_ba_cold_f25_p95,hm105,1218,0.008752504221319941,-0.7016251117738038,-0.7744668837123504,-0.338800768225772,-0.7744668837123504,0.18787878787878787,0.47173949638069185,0.47173949638069185,-0.0003269346558700301,57.88312065726576,-4.894954659320279,-3.4116857420879856,-0.8926293101249108,3.0840812362775343,2.625126738372583,3.697689779697188,4.275184939672713,7.446212145703101,-2.315554863155267,0.0011241157974115749,0.0019313719114068208,0.000994271894485313,0.00025184274843984645,-1.847242839868362e-05,-9.360060429756985e-06,0.00013055268398125865,0.0004881948261465456,0.0021626092783336532,0.002024312225813397,811.4024728023157,519.4122993865064,512.4410558518791,511.06405743490154,514.4584876880026,515.7435503538184,514.3302475166427,509.5558382279515,508.23175201279895,512.5012042150067
hm105/x60y3_ba_cold_f27_corr_f28,hm105,1218,0.0272281420441739,0.9051564310786522,1.0,0.8233772002631066,0.8233772002631066,0.9151515151515152,0.5853966921662143,0.5853966921662143,0.0004750791676946399,-7.252810473529429,-3.1315952259751647,-0.15043706035215582,2.772074184688063,4.821942222884223,11.124123457341842,10.704159663332813,9.241971474878618,10.827003412610075,28.67249243460606,0.010761088913874907,0.0034402879019375734,0.0013532799460665354,0.0001884653877298093,-8.196763640312811e-05,0.00022879133430066595,0.0010602589324527447,0.001926145563553971,0.003071586684367075,0.004805125848599098,644.9457433497864,552.6521609440598,535.6971891095233,524.6054111150654,518.3617999320192,540.3787368030522,512.5080066705601,510.67212484115083,518.3282658231408,622.5515627473579
hm105/x60y3_ba_cold_f28_autocorr1,hm105,1218,-0.07745284407879575,-0.9999999999999998,-0.9999999999999999,-1.0,-1.0,-1.0,0.4354926905488311,0.5645073094511688,-0.000953047888696478,42.26685617770416,26.794105664258474,22.98249218998643,19.372944326074023,15.943668296064835,11.85661479859678,4.334190411932493,-7.159715786860428,-25.04028472029504,-43.8873497588244,-0.015163166766948755,-0.009618579533415463,-0.005549949576941294,-0.0024457490230075083,-0.0005376571689505788,0.00018115657463047414,-0.0006930283626752982,-0.004115963806262151,-0.01163156941696564,-0.026925289109563162,526.1768657522639,439.29753627182833,447.27999666232995,467.1117517265214,483.18643585758167,509.5982812233681,537.1027690027338,574.7673883433872,626.4556425607117,791.0374623508443
hm105/x60y3_ba_cold_f28_autocorr1_abs,hm105,1218,-0.07745284407879575,-0.9999999999999998,-0.9999999999999999,-1.0,-1.0,-1.0,0.4354926905488311,0.5645073094511688,-0.000953047888696478,42.26685617770416,26.794105664258474,22.98249218998643,19.372944326074023,15.943668296064835,11.85661479859678,4.334190411932493,-7.159715786860428,-25.04028472029504,-43.8873497588244,-0.015163166766948755,-0.009618579533415463,-0.005549949576941294,-0.0024457490230075083,-0.0005376571689505788,0.00018115657463047414,-0.0006930283626752982,-0.004115963806262151,-0.01163156941696564,-0.026925289109563162,526.1768657522639,439.29753627182833,447.27999666232995,467.1117517265214,483.18643585758167,509.5982812233681,537.1027690027338,574.7673883433872,626.4556425607117,791.0374623508443
hm105/x60y3_buy_cold_f01_corr_f28,hm105,1218,-0.04040768194415726,-1.0,-1.0,-1.0000000000000002,-1.0000000000000002,-1.0,0.4396815330059044,0.5603184669940956,-0.00046542741510770773,16.359430168764778,15.946945333813577,11.846684494196108,10.361867919577898,7.64434356549173,5.033208796700525,1.6694839197265947,-1.886572554419781,-12.445448391809498,-31.80564679830895,-0.008048089388076874,-0.005423062464037249,-0.0026623309602192996,-0.0012040309519418542,-0.0002243579387692454,8.743508475022651e-05,-0.00036586928293125633,-0.0017796838441142618,-0.005693282364526626,-0.01462898241918308,460.0021729045155,461.75399372475454,475.2135426611983,487.6004249606571,499.12197062971995,511.34992992548854,526.1088709521188,545.4180890938737,569.172559090985,628.3626941128207
hm105/x60y3_buy_cold_f04_corr_f28,hm105,1218,-0.025061792007656,-1.0000000000000002,-1.0,-1.0000000000000002,-1.0000000000000002,-1.0,0.4688267313983795,0.5311732686016206,-0.00029896543841673444,13.401182234382059,12.281730695801123,9.97987041887542,7.855344227589087,4.468061682524506,3.2090720639916928,0.35001150574974965,-2.115102787865183,-7.9649807997188065,-18.715089346619887,-0.005597286859418093,-0.0034198389291856513,-0.0018392618151785755,-0.000682569317029999,-7.051811982906466e-05,-1.782155808026025e-05,-0.00037887195950045546,-0.001200581596604095,-0.0034462938057628957,-0.00810978260865016,487.733022752644,486.28477061070976,494.54510956078275,503.88171917981657,510.5875028225002,516.7519204044664,525.0988615392756,534.4678863062293,545.5007411651707,577.2950794233013
hm105/x60y3_buy_cold_f05_corr_f20,hm105,1218,0.009421353295745255,1.0,1.0000000000000002,0.9999999999999999,0.9999999999999999,1.0,0.52392580840738,0.52392580840738,0.0001485770256512317,-6.708030421310247,-2.6440159148131728,-1.0829836501283483,-0.3257711792957603,1.865024653010717,2.52112513244602,4.521978088008445,5.554356603837825,9.135652196179976,9.965974589766374,0.002836896514469671,0.0011900249231996125,0.0005847940008123622,0.00023295293407126733,1.3578430936870399e-05,3.053771943596604e-05,0.00030068284054237087,0.0005917602294312408,0.0017900707715836311,0.0017014779056110337,491.3793300917792,490.18285135113666,499.97451121322536,506.38039778773384,513.864307960027,518.8094897382607,526.9982531219932,532.4242430006877,539.7099607927156,563.0692204355563
hm105/x60y3_buy_cold_f08_lz_complexity,hm105,1218,0.02043475311462276,1.0,1.0,1.0,1.0,1.0,0.4625674593361656,0.4625674593361656,9.801470446197541e-05,-6.993247018720561,-1.827621630467033,-1.8147562597183926,0.5027442918821968,0.7361379052953467,3.021938540912818,3.787127446092703,5.902078059380383,9.100452262325698,10.397694579720833,0.004941571582884157,0.0024351858154489643,0.0013623791198194238,0.0005426129436122459,0.00012536395580749562,-2.9200723577817792e-05,0.00026466240277514677,0.0012220659311841322,0.0037943645011264807,0.005677732881080557,543.7461508332827,537.4393047645838,530.3024581184524,527.4875867829654,521.7261707034384,517.5360598071693,507.6989671041263,498.195270984587,478.1336845787032,523.8082903381545
hm105/x60y3_buy_cold_f13_corr_f22,hm105,1218,0.03565165028733801,0.8696840526883233,0.9999999999999999,0.31178434943701205,0.31178434943701205,0.9636363636363636,0.5452387091099491,0.5452387091099491,0.00047664082458778994,-22.936614621619313,-8.801263748905278,-5.231532618737688,-0.30490574529012754,5.114560236722666,8.75412859902192,10.272478152392694,11.28951781979221,13.60931948224137,11.062088030870248,0.011732838776478733,0.0045929001180629305,0.002212059286490174,0.0006482224318686509,-7.243860500363967e-06,0.00022208313773421347,0.00109718996796866,0.0026697922135767898,0.004953185927683845,0.007053981463386499,646.061825474408,578.9306200255992,551.8013029023434,533.2700698954645,518.5482074122218,498.0319065715134,481.08018267821603,460.6525063189402,444.95031669668344,422.60114664185784
hm105/x60y3_buy_cold_f20_corr_f36,hm105,1218,0.023301228437271553,0.9972025642849888,1.0,1.0,1.0,0.9878787878787879,0.509565950025195,0.509565950025195,0.000410701448936121,-11.395992473754452,-5.767506909295148,-2.6833247364005457,-0.7454479784970165,2.553145379852026,2.5180782390354266,5.648336200532654,8.00964638626911,11.079439346120786,13.604791320350802,0.006812035042559164,0.0030836092489504763,0.0013104326023289086,0.00044012104639387406,1.8035191156083373e-05,2.6551064586929863e-05,0.0005483622397115379,0.0015027503698193951,0.0031164800649059934,0.006032150117923063,576.0035118263028,541.5087365029178,530.2740970197686,524.5628107352522,515.7880322836794,510.5609903423329,504.1202531914386,499.4214581884982,497.83684754610033,492.19742200015423
hm105/x60y3_buy_cold_f21_corr_f36,hm105,1218,0.022974196736174363,1.0,1.0,1.0,1.0,1.0,0.5087900874418808,0.5087900874418808,0.0002835279234454605,-9.891016343590847,-6.611743462778371,-4.244807681086039,-1.7603736613966876,1.8276255239617711,5.691344464519332,5.853837496922937,7.960163833433041,11.404698571872457,12.591256205356556,0.0059043595186275616,0.0031163856535376564,0.0018620277000640077,0.0005974510013190276,6.45634957948305e-05,0.00012658817667472397,0.0006266326321782645,0.0015372023150088628,0.003530663096133824,0.005324795223390118,574.5777167769033,540.217326437618,535.5464184348444,527.5285115462231,520.254678686794,512.4847443107172,502.48457215254894,495.5433170627506,491.15029898615063,490.87846997843127
hm105/x60y3_buy_cold_f22_corr_f28,hm105,1218,-0.011649898411206264,0.17825561330869458,1.0,-1.0,-1.0,-0.11515151515151516,0.07575457612107361,0.9242454238789264,3.261845490038661e-05,-11.847566393247968,1.1668378174050826,6.891772537329694,9.65774467533688,10.102011916123454,7.653203724715996,6.246233122635076,1.196251724956046,-3.065875764414358,-5.206162780636212,0.0029955653424771802,-0.00046441261495423997,-0.0017116215355788187,-0.0012484533290166241,-0.0004560819761467023,0.00033724365676440695,0.00050853930035901,-0.0006343634299134645,-0.0033297640478588885,-0.0076791682322385375,498.36391491328305,492.71393078470874,489.5336912934101,491.2438985038258,491.9929641864373,494.40024506984827,510.02359439692066,528.1360321342003,556.8712277968635,607.7502175279916
hm105/x60y3_buy_cold_f22_period_ratio,hm105,1218,-0.006516735508095342,-0.4181645056395654,1.0,-1.0,-1.0,-0.28484848484848485,-0.13459846486204438,1.1345984648620444,-0.00014226731354769485,-0.548663717721882,2.1029035258035966,5.58936517051556,6.882718399207396,9.844989888404355,9.563665040976483,7.9431343174884095,1.6709278018420282,-4.785625781376524,-15.488477682740147,0.002284110836694008,0.0001845954049382385,-0.0006003350764817935,-0.0006550342266267312,-0.00035534330522568364,0.00032224827295603405,0.0007695620892588382,-2.054012932146506e-06,-0.002124281136751448,-0.006197937040376941,525.7959341615842,512.3387398421671,502.9259872577225,498.8701332825001,498.2386821833999,503.24333177178335,508.9081454561385,520.6786486505771,540.6595968651075,558.8537612249658
hm105/x60y3_buy_cold_f23_corr_f28,hm105,1218,-0.004081193395618647,-0.3719165606830515,0.9999999999999998,-1.0,-1.0,-0.2606060606060606,-0.798644324598346,1.7986443245983461,-0.0002847263841672829,-3.38622330383686,4.25611071444468,6.764077446600125,7.576693883830042,7.89559606073374,8.582874202620717,6.357931890180831,3.348684592954136,-1.063070509443616,-17.561109315551732,0.004449903283305856,0.0003784399514538423,-0.0006728725162927782,-0.0007828505856704801,-0.00034059330057596894,0.000361168538006707,0.0008259699613973987,0.0009064931411232594,-0.0004440840263217869,-0.008478041457877408,575.1834448933653,528.8661464603024,517.6478940551528,504.8050133887217,498.96809097814196,498.31982201250025,494.86423255706484,498.852828001637,509.4544257028827,549.4122415551209
hm105/x60y3_buy_cold_f23_period_diff,hm105,1217,0.019227495333259022,0.5292866134263206,-0.21258865120728082,0.9999999999999998,-0.21258865120728082,0.806060606060606,0.3545293434432469,0.3545293434432469,0.00031344301633348985,1.5350934876215654,-2.8031893035015494,-1.2369616029157184,-1.6027518775443426,-0.11432414008426106,1.1935384678531409,2.5742656684688576,6.4967363895640995,10.59408174399588,12.113942414799823,0.0025074601251550096,0.0018095749556303346,0.0013094865704943197,0.0008335650450936999,0.00024549985339745615,-0.0001785829752366813,-0.0002585110785622265,0.0007537404622174717,0.0036531683055966825,0.008238651053139433,589.4044345351629,516.8804785906069,523.7641490833931,525.5139890993103,526.7923780954574,523.7616307138529,517.2833357348492,504.4138511183674,480.53209387175673,459.2369214179599
hm105/x60y3_buy_cold_f28_corr_f33,hm105,1218,0.047569422233534886,0.7533210212144046,0.7962823609283538,0.6948331948916527,0.6948331948916527,0.9757575757575757,0.47964339827766483,0.47964339827766483,0.0001847037789919586,-20.86167447266868,-23.955459720802423,-18.83390015894943,-7.714887850188553,3.324023268731565,4.8285286310283775,10.367223344580857,21.842048293153336,29.11179424166773,24.739419068505075,0.007611755071836497,0.008127377184087974,0.0052453635455744045,0.0017239164310166456,1.9355153451800552e-05,6.883620059727809e-05,0.0008400919862337832,0.004302487490233407,0.008914338546503506,0.010531196845007576,512.2831687138629,537.3766877945989,550.4794931725336,538.8522450363301,523.2646863226232,526.2926106865557,529.2126012061614,498.79667644135617,480.3548977714817,487.72603189188766
hm105/x60y3_buy_cold_f28_lz_complexity,hm105,1218,0.04663124026411294,1.0,1.0,1.0,1.0,1.0,0.5608619977359748,0.5608619977359748,0.0005966789568911372,-37.14939516819798,-11.001362582610925,-2.609298483992447,2.112170196783174,6.379495199770684,7.736421305002414,12.536222971666588,13.799140332865614,15.418065049319061,15.861822264212133,0.01757643982524485,0.005750090657510078,0.0020934211444852704,0.0004809942045957142,-8.190981216826151e-05,0.0002159568442372895,0.0014708432281014452,0.0033223100024540922,0.006729034965731746,0.00847738024702961,621.829717621534,564.7700554219392,538.3128516982072,523.6425993612543,508.28654495674704,495.1531559401922,481.63506125539095,463.9060765855079,442.83592341988816,508.9780945481423
hm105/x60y3_buy_cold_f28_p25,hm105,1218,-0.06283295991767872,-1.0,-1.0,-1.0,-1.0,-1.0,0.46225874003457706,0.5377412599654231,-0.0008035942289851738,27.07931149787935,22.601729150480953,17.762547808124758,12.975837477825026,8.571108865809489,2.983006453126621,-2.831342458492018,-10.648206865152476,-20.352944099505006,-35.435089666733234,-0.014159806467314387,-0.008064838319661306,-0.00425235775892609,-0.0018297412949511594,-0.0003668725875465617,9.436222633916112e-06,-0.0009993386157090016,-0.003878871509501667,-0.00919455824750829,-0.019292417110209,446.4777433510627,463.6357779896088,467.75019049594806,474.3855480398104,483.7787548901217,499.26647700426054,518.6784444637802,542.8870474330321,577.3055663169486,646.0539627650169
hm105/x60y3_buy_cold_f28_p95,hm105,1218,-0.06437648862631397,-1.0,-1.0,-1.0,-1.0,-1.0,0.4429695500619756,0.5570304499380244,-0.0008008459538401607,27.899540640090827,23.2369006892735,18.35519470488332,14.065913385003961,11.103675125710941,4.363677677605762,-2.3129563156337554,-10.174844611010029,-22.52211229110949,-41.31179642228013,-0.013740141630299652,-0.007669431818862195,-0.004332687438958453,-0.001962952717427738,-0.00045686022397864397,0.0001263069259716561,-0.0007436973984555425,-0.0035504320368614623,-0.009458116842128016,-0.02178762949147382,450.2149374371793,468.6192420668702,468.94992094365347,475.90500210567376,482.4018297736904,492.3143812404817,508.889150299897,533.7553132908376,568.3204554438316,665.8224100637822
hm105/x60y3_buy_cold_f28_trend,hm105,1218,0.008895642407871138,-0.004541487722000181,1.0,-1.0,-1.0,-0.01818181818181818,1.204346548472071,1.204346548472071,-7.297451076515242e-05,-12.97740348527789,0.5454998592675524,6.7852565701868635,7.463984965489187,9.09670183604256,9.25163889750893,8.46092930050992,4.932703291676165,2.412674134353777,-13.180230467634448,0.009953510874226995,0.0024420915490907047,-0.00043913422985728895,-0.0007420316015645428,-0.00041311376136805324,0.00047019581375648393,0.0013476186170104636,0.0017189218448133738,0.0012794261352043915,-0.006648868322676256,634.3917358769115,551.6099242748828,524.4284665756143,505.17735001951814,491.80444758772705,483.2043938765337,479.71576013023105,478.4213546985509,486.4543974643671,528.7310600572356
