factor,folder,nd,nbad,nmir_bad,ic,resid_mean,max_mirror_dev,lambda,lambda_short,lambda_long,ssm,gamma,share,share_ic,r1,r2,r3,r4,r5,r6,r7,r8,r9,r10,c1,c2,c3,c4,c5,c6,c7,c8,c9,c10,gsd1,gsd2,gsd3,gsd4,gsd5,gsd6,gsd7,gsd8,gsd9,gsd10
hm100/microcapm_active_buy_volume_ratio_capm_abs_residual_mean_corr_microcapm_price_log_return_3s_capm_cooks_distance_mean,hm100,2424,0,0,0.021624659183228083,0.00010899192985033054,0.0,0.5424835347974964,-0.16049906257283988,1.0,-0.16049906257283988,0.8181818181818182,0.3321342599215599,0.3321342599215599,14.333392651505228,6.235905675456653,9.063158586612944,9.984804705112007,12.09359925439509,12.138759249822717,14.425874120277614,16.707025802769245,19.631817754613984,33.53599492637297,9.13404181788441e-05,0.0037985916298711384,0.001999900712491337,0.001027412875095473,0.00022884458428235757,-0.000185502990645455,-0.00015288176465496942,0.0004589824452128359,0.0027281083492600895,0.011520870994286064,564.7459902774062,595.16902918459,591.1406136300744,585.8807419230119,580.974331526201,575.5460835595069,571.9607035564278,562.9399586358114,541.1077014739207,484.4167741509564
hm100/microcapm_active_buy_volume_ratio_capm_abs_residual_mean_corr_microcapm_price_log_return_3s_rolling_alpha_mean,hm100,2424,0,0,0.02602899400661178,0.0002192982209974397,0.0,0.3654375778080583,1.0,-0.8777652940354236,-0.8777652940354236,0.40606060606060607,0.8322580947653268,0.8322580947653268,-20.24893370037743,1.3943084152740317,14.619296747057186,22.404068815346843,24.96812765614918,26.58816397924872,28.049287250191806,24.646224427162874,20.134420880160455,5.6035624715061925,0.016919923822346892,0.005899130377897002,0.0003412128001625292,-0.0011202498031199959,-0.0005596889562783016,0.0006758194457875389,0.0021313414452030855,0.0027270673474831773,0.0019341302175024382,-0.0031389909113699603,660.4442986348708,617.7920752394813,571.4476216476791,547.4226259330236,530.5457964700688,522.4459800788309,523.4545626093122,529.3002280914259,548.7726728449485,578.1420175844901
hm100/microcapm_active_buy_volume_ratio_capm_abs_residual_mean_curvature,hm100,2419,5,0,0.056870005857846004,0.0006756603045899155,0.0,0.9961008815185091,1.0000000000000002,0.9325580438212439,0.9325580438212439,0.9636363636363636,0.6161707845709645,0.6161707845709645,-49.683748159110635,-8.077288510724465,9.603544850545601,17.675565317179025,24.378400875336606,30.01135156217993,33.13959462929213,33.22562480133485,33.06072064274256,34.57179755954142,0.024070778252779364,0.008680335987622124,0.00211961129293884,8.394842032621111e-05,-0.0003293599656648558,0.0006641927420829088,0.0024061770061308057,0.0037725926080999805,0.005690388688715572,0.009035680520225116,694.557514809865,617.3482944187792,578.6138691793354,558.1919987362296,543.216387033154,537.9182662648672,540.9798257772848,535.7198423285773,521.6443645519194,534.6318024468795
hm100/microcapm_active_buy_volume_ratio_capm_residual_zscore_mean_corr_microcapm_large_trade_direction_v2_capm_residual_mean,hm100,2424,0,0,0.08305688682468962,0.0008431685960264159,0.0,1.0000000000000002,0.9999999999999999,1.0,0.9999999999999999,1.0,0.5544130784838835,0.5544130784838835,-47.544615479824195,-17.970233661757586,-0.5746365136497145,12.841646475707421,23.305605128035495,29.301377814916012,33.68699491435182,36.85310909891951,38.65143391022988,39.57959736134256,0.02566212302393371,0.013037843700037919,0.005681402250932902,0.0013457497337786225,-0.00014675809192345518,0.0006006297069172524,0.002900246255234412,0.006428426566692748,0.010606168699549211,0.01609788638350982,780.0915286772571,666.3127415328762,612.2939890925542,571.6719778576957,543.2477865004711,514.8879176283714,491.60856989647687,471.88505128620636,454.9960152109618,442.3849204185749
hm100/microcapm_active_buy_volume_ratio_capm_residual_zscore_mean_max_range_product,hm100,2387,37,0,-0.07684499053357331,-0.000780716645988469,0.0,-1.0,-1.0,-1.0,-1.0,-1.0,0.46716662457352337,0.5328333754264766,53.25246254466346,43.487252090823056,39.88961737371188,34.22513237334608,27.30234177075482,20.942406277976556,11.541187720958447,0.2511328499998369,-16.474943550876255,-42.67176084735113,-0.015783282422402997,-0.01095402888785662,-0.006150084292112575,-0.0023129899700970436,-0.00033430451022983663,-4.417212609662387e-05,-0.0014444850172974368,-0.004953159361774008,-0.011555171455467833,-0.022532595844250016,564.7753981351187,477.91093151610966,496.1876419282486,516.8259717576371,534.1631836566997,552.0544174158586,566.9971745228235,592.6719803680776,632.9431881494427,699.3753999342324
hm100/microcapm_active_buy_volume_ratio_capm_residual_zscore_mean_std,hm100,2424,0,0,0.0599009718192626,0.0006687054065030574,0.0,0.9999999999999999,1.0,1.0,1.0,1.0,0.5245288378986774,0.5245288378986774,-34.353213974046916,-12.162189052160695,1.2374392510190866,9.567622975399344,17.695660968690397,24.310790432542035,30.54926666416951,35.278701209480985,37.30914214508559,38.67975543149942,0.017484173709522082,0.00854920438071134,0.003757088751837668,0.0012119546645216093,6.66103609969187e-05,0.00024832685228806157,0.0016974847115625838,0.00454382109881142,0.008131560598658879,0.013542041283848954,732.9679385730642,628.3386988729611,588.740073441933,567.122239292613,551.8197277443048,539.5922203137452,525.4920805485589,505.3295739594428,485.432535715688,467.4739846702721
hm100/microcapm_active_buy_volume_ratio_rolling_alpha_mean_period_ratio,hm100,2422,0,0,-0.042251340387854185,-0.00016586309288521114,0.0,-0.2322233897535629,-1.0,0.05101952557913025,-1.0,-0.8424242424242424,0.5426418170282107,0.45735818297178926,33.553684312944924,33.389883416427125,33.27547162522539,29.622569295153504,24.573322611949692,8.34390522099057,-12.812408562981327,-24.080509300067074,-8.56273799166093,11.830337851872615,-0.008408052854272867,-0.006752422265674241,-0.0048424667622215525,-0.00240684298197342,-0.0004275550056994121,-0.0003374915916157728,-0.0035086788109299893,-0.007635241677231158,-0.006474217943804581,-0.0012925074015460226,503.06453103079207,497.3406240547253,497.2774660283771,506.41908338214756,542.4816633337501,589.6921531232372,642.9847326366189,664.1902658369632,620.8590636949584,572.426491005838
hm100/microcapm_active_buy_volume_ratio_rolling_beta_mean_p5,hm100,2424,0,0,0.04583424833614023,0.0003155600618492765,0.0,0.6661377165561109,0.3040812949736081,1.0,0.3040812949736081,0.9272727272727272,0.42082415567799153,0.42082415567799153,2.493010882239259,-6.858906719164745,-4.396984148558988,1.4582055762057609,10.665641375375847,16.731655823065097,23.688468882022804,29.35891548906331,35.389421651643374,39.81178179675713,0.004787392041161897,0.0069893086664805214,0.004851024176759783,0.0021637227388843446,0.00036391593731163784,-6.600299818830577e-05,0.0008752749516334842,0.0032242878833970423,0.007473177888579114,0.014856586988271435,609.1283840846144,622.1597690649412,624.3644805102042,611.2361339798504,594.1436248164381,572.5574578211738,547.5577815730189,518.7293431670699,487.7995894764479,439.3609803517399
hm100/microcapm_active_buy_volume_ratio_rolling_residual_std_mean_autocorr1,hm100,2424,0,0,-0.08544399631575839,-0.001335937167970354,0.0,-1.0,-1.0,-1.0,-1.0,-1.0,0.40319049426226644,0.5968095057377336,41.9929109901195,41.79907420932495,38.406443844013566,34.4126734850294,30.378762296395916,24.111753397938127,17.05588176297101,7.532565792852515,-12.806145475632485,-76.35641017784525,-0.014958162950961106,-0.00965294835317141,-0.0057534322279585905,-0.002817270459316683,-0.00072975594782873,0.000392343502033316,-3.6218248958512556e-05,-0.0029887192198244177,-0.011407683760556786,-0.03615621148124493,463.3658173473041,486.20975148278234,496.03733615228134,502.7442518471068,509.8837391618323,523.1363789258025,544.4782001724171,583.4306882297876,645.2895150164302,810.111796267676
hm100/microcapm_active_buy_volume_ratio_rolling_residual_std_mean_corr_microcapm_large_trade_direction_v2_capm_abs_residual_mean,hm100,2424,0,0,-0.07019385865537958,-0.0007029985154743546,0.0,-0.9999999999999998,-1.0,-1.0,-1.0,-1.0,0.4092037488282135,0.5907962511717865,39.05316755498241,37.30436271018947,34.70858615477485,32.65238776682133,28.933763449127078,24.879119863362646,17.940023881875117,7.811419246895063,-12.11001815329682,-63.25937880573789,-0.012255110448596356,-0.008367868872284264,-0.004876717633267713,-0.0023666855299636527,-0.000569537994434254,0.00031610515866934086,-0.00017348134271438586,-0.0027939652526149028,-0.010286683633772017,-0.02811691459092689,535.6101086261276,498.7519525064887,506.4591287566921,516.4934243943127,526.2629315896104,541.907749000969,558.08813766993,587.9302532198366,636.9751256236714,715.8001448205587
hm100/microcapm_book_imbalance10_innovation_capm_abs_residual_mean_corr_microcapm_price_log_return_3s_capm_leverage_mean,hm100,2424,0,0,-0.03712352974856827,-0.0005587437060064038,0.0,-0.783542533587388,0.09879089218972092,-1.0,-1.0,-0.8666666666666667,0.39165625658272807,0.608343743417272,20.65405086957737,24.360479530432396,25.119204016556875,23.372289791927397,21.456963355090913,18.97669867880615,16.45226386898835,11.244429806059049,5.6673778476247865,-11.672276030793036,-0.004238099363606389,-0.004842251328437355,-0.0033142174161204818,-0.0015818773597441403,-0.0003443817562697769,0.00017007336021285309,-0.00022415839478750872,-0.001852834332355233,-0.0051714055118795834,-0.015165633939574192,502.52958725070295,490.16194327654114,501.243162066067,517.7615248332141,535.3308690296755,552.8201760199108,576.2908510716253,596.4818020910991,623.5053092364628,672.6941466805798
hm100/microcapm_book_imbalance10_innovation_capm_abs_residual_mean_corr_microcapm_price_log_return_3s_rolling_alpha_mean,hm100,2424,0,0,-0.033006181558053266,-0.0002728318357355192,0.0,-0.48139730276095877,0.8190465894720202,-1.0000000000000002,-1.0000000000000002,-0.5757575757575758,0.2538104408773116,0.7461895591226884,10.723085281979323,24.220742041056443,26.172736163912933,26.373044497820484,24.816232533179043,22.7094770930552,20.860191501252284,14.418649748857703,3.6800940857948197,-18.331326486158247,0.0017815188816894428,-0.0037611760493077677,-0.003518839149060881,-0.002178180856383481,-0.000631388751349986,0.0004577070099840169,0.0007085874268865324,-0.0008261738218986519,-0.005648754383217827,-0.019116650029659066,557.7570879110621,523.9086080931113,512.2007993745252,512.1142698435131,518.5068653470146,531.4236884626114,550.3394719011204,574.6337555727471,612.5241619481403,669.070077448813
hm100/microcapm_book_imbalance10_innovation_capm_abs_residual_mean_curvature,hm100,2423,1,0,-0.01875046709977455,-0.00023836050680639182,0.0,-0.9733952462144715,-0.8104249967323828,-1.0000000000000002,-1.0000000000000002,-0.9878787878787879,0.24413424238243356,0.7558657576175666,25.87385895218058,24.557106278426826,23.241882803694438,21.144548887794258,21.63976905572599,17.871583963225685,16.97231745087065,14.108206280392718,7.217794303323381,-10.363646659052183,0.0016245373763121504,-0.0025677876294257565,-0.0020882513836463297,-0.0011071029088714059,-0.00038083457234579454,0.0002220503531118158,0.0004500839821510234,-0.00014976308418155053,-0.002660870348517479,-0.011854168377554842,662.2258287892338,555.1192929358201,540.6035655805997,537.2332809996607,538.5610195761307,541.9090658400594,550.4246604596503,560.3039990483071,574.3866987898945,626.2345606126012
hm100/microcapm_book_imbalance10_innovation_capm_abs_residual_mean_lz_complexity,hm100,2423,1,0,0.046862762460724135,0.0006458678191532491,0.0,1.0,1.0000000000000002,1.0,1.0,1.0,0.566373899768664,0.566373899768664,-8.94244514708018,3.2046861746223008,12.16804127924667,15.602295079745964,18.421001176708216,21.769680528050706,22.245610056253938,24.676080039173062,25.188360906431434,28.239439687556857,0.017641771901686306,0.006098170047191704,0.0020812634677698436,0.00042504254830219123,-7.020511160603713e-05,0.0003146810468123294,0.001405568572526025,0.0034962156923177105,0.006029565239353334,0.008794821237217533,742.1066776212687,602.7622433949307,583.6056391210849,565.263001867693,554.1877731637335,541.5364296482162,528.5845895777995,514.7924568032781,498.85549704022236,530.0292069529962
hm100/microcapm_book_imbalance10_innovation_capm_abs_residual_mean_mean,hm100,2424,0,0,-0.06691385764535852,-0.000690785620384181,0.0,-0.824051100800787,0.15741408668205883,-1.0,-1.0,-0.8787878787878788,0.4235550908049778,0.5764449091950221,25.556424984219444,31.802474996572364,30.498339113695586,30.243708266630637,27.255412873477933,24.021848649681868,17.484384793614137,7.853545093123199,-6.1974443483741934,-32.949930119583506,-0.010988467692678626,-0.008727395535138524,-0.005213346971313184,-0.002540944250537362,-0.0005789648352549115,0.00023850212216709537,-0.0008166093016270333,-0.004315053373008302,-0.010871937760250609,-0.022408854427332925,382.67658765163844,422.9034968354889,447.62382683874523,471.94924753671154,492.55694372937137,522.760824097133,561.3825778824329,607.6121176552559,667.1192540604646,804.2033970200335
hm100/microcapm_book_imbalance10_innovation_capm_cooks_distance_mean_corr_microcapm_price_log_return_3s_rolling_alpha_mean,hm100,2424,0,0,-0.03384025695628159,-0.00047077633622627496,0.0,-0.6821828751306809,0.7541797430587354,-1.0,-1.0,-0.7333333333333333,0.2928111485931161,0.7071888514068838,16.536704378979444,24.29360353779919,25.424389070354472,24.199511823261318,24.17892209749045,23.08410797018611,19.33943718281474,14.399465779571738,5.789173347335452,-21.617478146648583,-0.0007980395347252027,-0.0036423289315077358,-0.0030771048830503175,-0.0017225216950454226,-0.0005309609039854393,0.00042536068231977854,0.0005348605791781927,-0.0006680877822753207,-0.004615619253139347,-0.01927503889782448,574.20471331529,532.5245033541778,523.6330222349029,519.093021542467,524.5520229787952,533.0400382107474,546.137727184383,566.8590446859354,596.0463640727837,669.1510091980683
hm100/microcapm_book_imbalance10_innovation_capm_cooks_distance_mean_p25,hm100,2424,0,0,-0.07991057061539643,-0.0008317293657950971,0.0,-0.9271665190444576,-0.46234698790668266,-1.0,-1.0,-0.9636363636363636,0.45074119267644047,0.5492588073235596,33.290791584357535,36.20671205230883,34.74512397372578,32.51639370486574,28.275783707497617,23.135203803197903,15.85747615772597,3.4172825458672746,-10.94449326891508,-40.9482477863167,-0.014816326318100297,-0.011083825270472298,-0.0064366246792351076,-0.00279144741301233,-0.0005158675394961465,5.2640586380702184e-05,-0.0014016548480717227,-0.005503924982055267,-0.012212298927681116,-0.0243695118578577,384.17196167002294,411.8495114580273,438.3958578805414,469.34031174290465,498.50029840087427,534.644268448349,572.6811114084007,615.0920567454476,668.2668322706784,792.5920696525143
hm100/microcapm_book_imbalance10_innovation_capm_residual_rank_mean_lz_complexity,hm100,2423,1,0,-0.04120683675303256,-0.0002658155205630041,0.0,-0.9449272973800383,-1.0,-0.721361047786941,-1.0,-0.9878787878787879,0.5739728321983625,0.4260271678016375,45.602819457070765,33.059072438817886,26.327947147104435,18.994331860042383,13.864383331123785,9.552780745738158,6.195616330462776,4.151978435862786,1.909534371525215,3.1467566056143403,-0.012004051546966018,-0.007929045800265678,-0.0032141826613509474,-0.00052170986860904,0.00016995596729784583,-0.00039358130745128145,-0.0016807816734558982,-0.0033071822319349345,-0.004999460592286565,-0.0070609815174470306,583.5681511008551,493.49374010614645,524.6475639885057,549.7308399849925,570.893886216004,582.5495915053202,588.1161392194265,587.9067469344283,582.1806958862267,609.7624517444724
hm100/microcapm_book_imbalance10_innovation_rolling_alpha_mean_corr_microcapm_price_log_return_3s_capm_residual_mean,hm100,2424,0,0,-0.0514232978449571,-0.0010666053243022617,0.0,-0.9082519376235266,0.25122378151114544,-1.0000000000000002,-1.0000000000000002,-0.7696969696969697,0.3503526954961119,0.6496473045038879,24.47883425500195,26.328602829246638,27.640668597023478,28.22414829516456,25.98282094390594,25.614314351585506,22.444137684522097,17.563942213548128,6.982015465426749,-49.67398479915975,-0.005242740151077296,-0.005669657317696381,-0.004042919356302437,-0.002152125046427753,-0.000535161089376444,0.0003810790721234244,0.00043266064628174136,-0.0008967587037461386,-0.005543821032915851,-0.02708724954151767,509.14944789131295,472.2864960561968,479.17756430310357,494.7736289781238,511.7354678548621,531.2332332299212,551.7090990929955,576.8244540630404,619.6279517416361,767.7188552142077
hm100/microcapm_book_imbalance10_innovation_rolling_alpha_mean_corr_microcapm_price_log_return_3s_capm_residual_zscore_mean,hm100,2424,0,0,-0.05328132400615294,-0.0010941483776155752,0.0,-0.9461124419433815,0.6779343364624567,-1.0,-1.0,-0.7090909090909091,0.3540654088936018,0.6459345911063982,25.609916586303488,26.262023314981658,27.33014108461524,27.810586928852118,27.388186398212415,25.85961194215896,22.842971555191795,18.391555061865837,5.755160880368221,-51.66512302538028,-0.006009043811436942,-0.005848137591526685,-0.0039977299122280156,-0.0020700658066695687,-0.0005526965560590792,0.00039753181993101687,0.0004685928977719716,-0.0008111121286461944,-0.005902723179312359,-0.02786179136036151,502.9413638211133,466.5713828346952,475.81829129075203,494.97399516800414,512.7506299374859,530.5152684739654,550.823655669729,578.2000462126879,620.9401731478197,772.8390418313767
hm100/microcapm_book_imbalance10_innovation_rolling_residual_std_mean_corr_microcapm_large_trade_direction_v2_rolling_residual_std_mean,hm100,2424,0,0,0.0709199112645006,0.0006140854112656213,0.0,1.0,1.0,1.0,1.0,1.0,0.5531015298405457,0.5531015298405457,-41.23014556645507,-14.210999361897402,3.004780650089111,13.968704330671377,19.76843298497653,25.73345556026224,30.226970420709968,32.797227893411275,37.360843664011036,40.79656399156766,0.02266276275799453,0.01137863029508417,0.004153918132221845,0.0007934711004511638,-0.00010252244962450444,0.0004568283182575304,0.0022986850546669268,0.005012630565644893,0.009034544046866846,0.014616878031671473,734.0080398732955,656.2598760609325,609.8466564366064,573.1619307746075,548.4021476906016,527.0433659285633,508.21531110807916,489.5224920888339,476.12359943771077,461.2974438464456
hm100/microcapm_large_trade_direction_v2_capm_abs_residual_mean_corr_microcapm_price_log_return_3s_rolling_alpha_mean,hm100,2424,0,0,0.02434722108427356,0.00019401949211349354,0.0,0.44497397249596526,1.0000000000000002,-1.0,-1.0,0.4303030303030303,0.7680697160740886,0.7680697160740886,-16.382019887037732,0.9236797594118642,14.43145249961378,21.446629149624304,23.34535840767312,25.80819287597005,25.172995201586975,24.98498201291723,18.82506924380971,9.602595657527681,0.013738550448596018,0.005513166745749045,0.0005491667670283021,-0.0008362159320533524,-0.0004133253401494914,0.0005569604093484971,0.001604641864480284,0.002412281097288546,0.0014058083955606876,-0.00037783286368857973,640.7713955116398,612.6796454857997,576.5833051571738,553.8146703411912,540.5871412874772,533.2836568240057,531.1233563815537,538.364722537479,552.0366601925946,560.7294984034025
hm100/microcapm_large_trade_direction_v2_capm_abs_residual_mean_p5,hm100,2424,0,0,0.07536471859504221,0.0007496843819675919,0.0,0.9853019888362338,0.9999999999999999,0.8834304693310129,0.8834304693310129,0.9878787878787879,0.5606897864454752,0.5606897864454752,-49.87001625487189,-16.791500881775768,0.7834325150729022,13.03188831390715,22.802171263490838,28.59405924674799,34.157155602333354,37.8509843745204,39.25501760948968,38.59518814773745,0.02361943532526129,0.012115644265360378,0.005085283293641747,0.001170833582834022,-0.00015530886854680723,0.0005584976264980765,0.002777127130111281,0.006031194992664501,0.010071953197404766,0.013340373667845363,732.5006214251895,661.8148792152931,610.1157131026226,570.7933747309016,539.2441729886999,513.7766996081052,493.49956028950396,478.23188872279235,462.50358682513746,497.23310968940524
hm100/microcapm_large_trade_direction_v2_capm_residual_mean_corr_microcapm_large_trade_direction_v2_capm_residual_rank_mean,hm100,2424,0,0,0.043169178328448916,0.0006525397113267202,0.0,1.0,1.0000000000000002,1.0,1.0,1.0,0.476361147205526,0.476361147205526,-25.502549081078655,-5.503379807671628,4.924317390409005,10.905690579411113,16.62543921229535,19.707128934925272,24.250378649527576,28.98382451951127,33.437263950113724,40.27527935837478,0.01144799390484848,0.005004903911630898,0.002563591922612237,0.0010838244626963595,0.00015296054518714098,-1.353544519364874e-06,0.0006337655543608164,0.002436559741025562,0.005856556657302022,0.013337835461978085,703.5967839287708,601.2363598911094,586.7954679865414,576.7833790866923,564.9291342523981,554.765366624295,542.9531180537961,529.2082254658953,508.3890940596852,468.1842021708028
hm100/microcapm_large_trade_direction_v2_rolling_alpha_mean_corr_microcapm_large_trade_direction_v2_capm_abs_residual_mean,hm100,2424,0,0,0.017030221122706225,4.073730978176272e-05,0.0,0.044505142362317306,-0.040851263655489856,-0.019875309095732145,-0.040851263655489856,0.7090909090909091,0.4458246312756836,0.4458246312756836,16.1806247112814,2.9449290356744484,8.744911222826767,12.776467857425583,15.14167724090198,17.66246849190516,19.47245191094666,18.83586919986017,18.679910341785483,17.589061546349264,0.001167862096870971,0.0039271033247812595,0.0018446889077638885,0.0005511691408813562,8.350688616377216e-05,4.059473554951119e-05,0.0004333380134953419,0.0009702468240906869,0.001995549339263134,0.00597542454406455,622.2718653787012,583.6680032590491,577.8614908403691,572.03322798787,568.7749089324129,564.3595639785925,560.3265706662582,553.1405906216586,546.8253308361687,528.6264373462391
hm100/microcapm_large_trade_direction_v2_rolling_alpha_mean_mean,hm100,2424,0,0,0.013262815895265298,7.895091813566715e-05,0.0,-0.09223178156619957,-1.0,1.0,-1.0,0.06666666666666667,-0.11673493844682432,-0.11673493844682432,32.4945243904953,19.413670559693465,9.543413762576549,3.060833586150797,1.7468362179808388,4.020923843103395,8.816969582037116,17.074609238962555,24.822954944962742,27.301644807507103,-0.005956364653329979,-0.0005550920338685513,0.002186021127928101,0.0020614137886792233,0.0007250041039947345,-0.0005864848691444966,-0.0009310288855090926,0.0006124790853041618,0.004632410385991988,0.010995506927083553,573.6877982101205,558.966579129306,584.1793986916858,597.8382371407172,603.925267089181,597.5195263577759,578.387225720935,554.8868034790461,520.0042500074835,484.14304865108915
hm100/microcapm_large_trade_direction_v2_rolling_beta_mean_mean,hm100,2424,0,0,0.07768044111283413,0.0004686722955458747,0.0,1.0000000000000002,1.0,1.0,1.0,1.0,0.5431224688903358,0.5431224688903358,-49.823511225265406,-21.935800905415757,0.7406693747493762,14.951717454949733,21.039819103081044,29.00307165903262,32.99713398337154,37.677945619879885,40.03444324609699,43.71996958676164,0.022807149250931698,0.013282487405376436,0.004914361615711098,0.0009890907209672574,-5.76424855509511e-05,0.0004834296683904564,0.00238106221258395,0.005579088545067764,0.009974586043491947,0.01685815584031878,753.0946769625048,669.5869071253703,613.1828075186583,580.1517804193248,551.0006177045865,527.5839060377235,505.152678541995,485.28728547766497,458.6086570787437,427.6835027858458
hm100/microcapm_large_trade_direction_v2_rolling_corr_market_mean_mean,hm100,2424,0,0,0.07455726678982029,0.0004956788832327135,0.0,1.0000000000000002,1.0000000000000002,1.0,1.0,1.0,0.5471746853735007,0.5471746853735007,-47.442516336587616,-20.82957905962163,2.105325062939675,15.089811475084794,21.738977056484458,28.789178070222153,33.16854758870497,37.434201587344035,38.25874736313168,40.08731221777525,0.022062287934590058,0.012976299518204164,0.004641160797603861,0.0009353328836164246,-9.045507296551833e-05,0.00047340343276331933,0.0023679330243532672,0.005489457131936239,0.00937677791943801,0.01582939033704789,750.3372621902779,667.4832464335522,613.5910750991327,579.0574840314852,552.8512108682285,530.0752638185835,507.7383005736693,488.0117860222509,461.063076478619,422.85254858163324
hm100/microcapm_large_trade_direction_v2_rolling_residual_std_mean_corr_microcapm_price_log_return_3s_rolling_residual_std_mean,hm100,2424,0,0,0.0780430097162398,0.0006553626713284062,0.0,1.0,1.0,1.0,1.0,1.0,0.5566882616391545,0.5566882616391545,-41.50362105768123,-17.409602454339765,1.3792161995871088,13.439369295884157,21.65417887678337,26.85543929237629,31.914786716401846,35.199836769983904,36.856178549960745,39.83885132815944,0.025112170501292514,0.012724195936057666,0.004548288888755889,0.0008625752338809784,-0.0001664358542108378,0.0005220558618147344,0.0025221090624904267,0.0056230406542997135,0.009662546733163413,0.015977100027366943,730.1320551553782,671.9237372208672,618.5289988643964,580.6867221419894,550.0690011135947,527.5827195702542,505.8118784737934,486.08069100198026,460.77569574106127,434.42262450889
hm100/microcapm_large_trade_direction_v2_rolling_residual_std_mean_lz_complexity,hm100,2395,29,0,0.06754572313183006,0.00016013021572915017,0.0,0.8736027823412761,0.8129870172127373,1.0,0.8129870172127373,0.9878787878787879,0.5061234200596941,0.5061234200596941,-22.394201051318554,-27.241407741523098,0.2143149229277856,12.57606121312742,19.749569398734085,27.595760677356257,34.4021570708839,39.3525589211942,43.3631462737909,44.60938224873952,0.013680851789021073,0.013477616346083526,0.005287710970579247,0.0015351124246623525,0.00012413521910114645,0.00024138415181209299,0.0019816295554035837,0.005261618640046613,0.010128016569460548,0.015667517249930832,711.7842035219227,677.7992521466867,609.6625895480597,575.3759577200833,554.4528277384873,539.2700343563462,522.4531769815491,502.8007035773473,481.64948657156486,458.9510327449012
hm100/microcapm_microprice_pressure_bps_capm_abs_residual_mean_corr_microcapm_order_gap_magnitude_rolling_residual_std_mean,hm100,2424,0,0,-0.03397351293927849,-7.866670675101654e-05,0.0,-0.5270196248100892,-1.0,-0.06339327538597925,-1.0,-0.9272727272727272,0.6245879048103475,0.3754120951896524,33.925089523631335,29.629952868125528,25.74875691099489,20.826632625880787,16.398025823015306,10.066666247363333,5.405681034059694,0.483640276129449,-2.874715974697401,8.523687509265645,-0.01246005600504478,-0.005950802885526173,-0.0024164640800816727,-0.0004625026563074122,0.00011951463471676943,-0.00040402160992731467,-0.0019076440775712689,-0.004073230843487706,-0.006174068569882724,-0.0001655701394152384,465.3984496662625,499.2169953436229,526.5535318073186,548.6233172131699,569.6321988349106,588.6010982410055,605.2964617634728,620.7620669127241,630.4293468769283,578.9221014538862
hm100/microcapm_microprice_pressure_bps_capm_abs_residual_mean_kurt,hm100,2424,0,0,-0.0550250875348036,-0.0007828884021129078,0.0,-0.7847121602500691,0.8681576261081183,-1.0,-1.0,-0.5878787878787879,0.35683877702270417,0.6431612229772957,21.52434039979677,27.282737379921034,29.914983086554574,30.669828316828863,30.024399461934557,28.161988988122086,22.310788557336256,13.380585181388172,-2.533900616181996,-45.14524565997474,-0.005635638169895344,-0.005914458740042416,-0.004571508096521256,-0.0025469497628461614,-0.0006871652322261276,0.0004370227841217193,0.00011100688480680576,-0.002197285560930893,-0.008373403234054439,-0.024863820005102507,441.36629585624996,455.3414892804513,472.94415094778697,494.0913162443368,516.9695538379867,539.3702752757885,566.7930886133864,600.8589431360415,650.4894391372563,744.0644451518109
hm100/microcapm_microprice_pressure_bps_rolling_corr_market_mean_median,hm100,2424,0,0,0.03741566534395835,0.00012290150668806864,0.0,0.6905645227809879,0.45308867297202693,1.0,0.45308867297202693,0.9636363636363636,0.4496219193303874,0.4496219193303874,2.596396432950343,-4.342628490358784,0.24181670349854129,8.454707833157666,14.093666424804603,19.6637378701197,23.63299854687797,27.44822249303763,30.336172355414238,33.56792224373368,0.004369410244300874,0.006658241751725372,0.004035545681347445,0.001480576536697935,0.0002238698395766749,4.1696054495979766e-05,0.0009089138415340886,0.00288063907515747,0.005912510801777495,0.010781360010656884,609.6957846252745,640.623753740367,625.2533894628043,603.05086717495,576.8860357547135,553.7443831244366,527.0283367238246,500.39703578399207,472.7999638152406,438.1625010967483
hm100/microcapm_microprice_pressure_bps_rolling_corr_market_mean_p75,hm100,2424,0,0,0.06776208598738186,0.000740299921075159,0.0,0.9515687656324819,0.9999999999999999,0.6215009381389837,0.6215009381389837,0.9636363636363636,0.55832202317224,0.55832202317224,-35.937035711484555,-7.626802458939256,5.779068064190315,13.838082497516886,22.291402420643298,26.961051607923693,30.406897035546777,32.88710092489185,34.443556183803864,32.696951605460626,0.02242517187980868,0.010063002629199543,0.0040036404680112,0.0010348532466666165,-0.00010692903052875505,0.000468785882199495,0.0023378356218712506,0.005201212582813873,0.008940013861440312,0.012654198924824285,774.4326617678929,667.3807721699785,609.5797314493659,570.3429773523096,540.4202906441628,509.9871234047267,484.0742324100707,460.0406250216049,435.5824725430233,404.0682639989714
hm100/microcapm_near3_depth_share_rolling_residual_std_mean_corr_microcapm_price_log_return_3s_capm_abs_residual_mean,hm100,2424,0,0,-0.03775100199920012,-0.0006004380943651298,0.0,-0.8573701216192653,-0.07016546341180926,-1.0,-1.0,-0.9151515151515152,0.3720635030134839,0.6279364969865162,22.136556105728626,25.11364063239388,23.646529687310704,23.84985595971181,21.656567486731472,19.81934129511672,16.57831309595391,13.464038406133126,5.415962949369335,-16.09932019945735,-0.003982668381762982,-0.004795974344213435,-0.002998749020068116,-0.0016442559274526755,-0.0004007212718619741,0.00022424718113424807,-2.7706833511754893e-07,-0.0013470595922353236,-0.005216533607363258,-0.01698857187267631,569.4079036922874,515.6958220935196,517.2234033726862,522.4323668793754,527.8027933537272,541.3351046649318,552.7719832756729,574.8720377728382,598.8080264407951,661.8144410173734
hm100/microcapm_observable_ratio_innovation_capm_abs_residual_mean_lz_complexity,hm100,2416,8,0,0.049150830992876225,0.0006515540426255357,0.0,1.0,1.0,1.0,1.0,1.0,0.5710231656425244,0.5710231656425244,-12.808674249574272,-1.4021373559235228,9.426510073640014,16.14185819292745,18.99081707427119,21.33013235596609,23.82988702045869,26.172547385906434,27.20702491215211,31.255294688411272,0.018054183057234607,0.007079454915498055,0.002329953390412463,0.0003502640296635203,-0.00011964473730307213,0.0003255299360585103,0.0016027129868697704,0.0036512853683530358,0.006323493995950262,0.008902044007513382,770.7700281792971,621.9729791827767,589.2738513242474,568.944402206676,548.3532990156767,531.7101061785423,513.4225119293253,500.26408951150995,482.4120828281334,518.0701274212324
hm100/microcapm_observable_ratio_innovation_capm_residual_rank_mean_corr_microcapm_book_imbalance10_innovation_capm_residual_rank_mean,hm100,2417,0,0,-0.046678496448226754,-0.00041582067158930615,0.0,-0.7034830194746732,-0.043485653742927795,-1.0,-1.0,-0.9272727272727272,0.4390183953069141,0.5609816046930859,23.9766840727794,33.24164251283785,29.953367425104236,26.515699398018935,23.134265396585878,19.001897858933287,13.55334437484818,6.911458525190805,-3.1035215447340017,-19.98532395234255,-0.007961580530300057,-0.006827160132177372,-0.0036893995894123734,-0.0015199695338359146,-0.00031205589633770246,5.8663917749048466e-05,-0.0006346172230233271,-0.0026029658303922927,-0.006776985176614496,-0.015996605782292967,502.4880638628274,516.0612885422366,530.2987991428355,541.1649425376272,549.93350634311,559.3116332976768,568.7460789193618,579.6868429092569,591.8909618468748,629.1958700851867
hm100/microcapm_observable_ratio_innovation_capm_residual_rank_mean_lz_complexity,hm100,2416,8,0,-0.0452249002297226,-0.00035544100847518926,0.0,-0.9466818202087047,-1.0,-0.7856187003275333,-1.0,-0.9878787878787879,0.5514763606148155,0.4485236393851844,44.804600160834035,33.35159717872812,27.266117982779882,20.257997345786162,14.167835624494904,10.283322579743404,6.214317513306851,2.55157825174642,0.0803951601845258,1.3053581605539004,-0.011993715288964422,-0.00841743660636422,-0.003601734647460303,-0.0008261420221999478,9.458249090042179e-05,-0.00036061249957765497,-0.0017145207424567122,-0.0035739935089583214,-0.005835570501675511,-0.00864031589449088,588.4219022549039,486.85916857206917,517.7863685412395,544.9965430221961,567.181524258752,583.582563691728,592.0235452235296,589.1192185849735,584.6513339682194,615.1539971266977
hm100/microcapm_observable_ratio_level_capm_cooks_distance_mean_corr_microcapm_price_log_return_3s_rolling_alpha_mean,hm100,2417,0,0,-0.022976447155778002,-0.000313783065126874,0.0,-1.0000000000000002,-1.0,-1.0,-1.0,-1.0,0.4256830859823705,0.5743169140176294,22.699596012759717,22.488155999918924,21.27016017356328,19.86964054118847,17.64122846739466,16.41447871062971,14.43789775280076,12.58789061396297,7.785687139958543,-2.000998423330708,-0.004312648560231529,-0.0028726921925597477,-0.0015987609267244143,-0.000723046731561495,-0.00013996437561302494,5.878592542550506e-05,-0.00012360324506731704,-0.0008604199730138375,-0.002943771409911793,-0.009146542601393444,540.5972543847942,542.4486827719727,551.8156535366128,555.7325103526401,558.8267465235209,560.2205088997688,562.5649384371876,564.838257848241,571.2725761676965,595.2429407102763
hm100/microcapm_order_gap_signed_vw_capm_abs_residual_mean_corr_microcapm_price_log_return_3s_capm_abs_residual_mean,hm100,2424,0,0,-0.02712931917239872,-0.00017046613133998818,0.0,-0.695804270919887,-1.0,-0.2301489159107313,-1.0,-0.9636363636363636,0.595187895609099,0.40481210439090093,31.658284668860276,23.65886041875319,20.13248915884057,17.55210224621681,14.791797802273358,11.611849320269163,10.12275442263229,6.413474060915611,3.557075296344005,8.59790932400481,-0.010406046971431226,-0.003972880406825268,-0.001454225817360238,-0.00028627629037882756,7.384647645284541e-05,-0.00024200076050142258,-0.001037502418764275,-0.002614756871373134,-0.004640889754684969,-0.002378120226192225,499.7603431589571,530.8841014383727,543.979272732065,554.7925370214267,562.7997305751991,573.2619677692692,581.5944663841709,593.5573387839664,607.3614751998797,600.9475275736299
hm100/microcapm_order_gap_signed_vw_rolling_beta_mean_corr_microcapm_order_gap_magnitude_rolling_beta_mean,hm100,2424,0,0,0.031427817059064424,0.00035392153705677003,0.0,1.0,1.0,1.0,1.0,1.0,0.523858750713302,0.523858750713302,-5.129665006262382,2.121744189459925,8.48418733372165,13.808253438251725,17.895616237216196,21.19367911878292,21.920465109726088,23.798994023967275,25.397986956565408,29.45308173382807,0.00850576481780106,0.005015809967575065,0.0022080060819491118,0.0005596629509352579,-1.0911730305908671e-05,0.00017046801735865017,0.000847291373920669,0.0019910741637176013,0.0037715063185179676,0.008015223560538152,676.9931627605534,637.2029403822661,608.7382134190441,588.5770071158515,573.9953057627305,559.7341183254171,544.2846954723599,533.1048115997256,519.6949427909574,503.2663927850055
hm100/microcapm_order_gap_signed_vw_rolling_beta_mean_p25,hm100,2424,0,0,0.05248718736011259,0.00023627734341305926,0.0,0.5440544947754723,0.3226955396439172,1.0,0.3226955396439172,0.9636363636363636,0.417824348865746,0.417824348865746,1.9553621653690874,-13.433801197767096,-3.909374603564315,4.61019867019183,16.61941553222517,22.008598818806824,27.56061488433914,30.68052193510784,34.60066326855397,38.68143316556571,0.003934222079638773,0.009211066001482448,0.005723818682229566,0.0025482109570705977,0.00041438473494879037,-6.975581983957898e-05,0.0010193766445159753,0.0038151787903621024,0.008864178345830961,0.01679022960045992,632.3791337673017,669.9322351162182,660.8641643107892,634.6497615041992,608.0923294747397,571.0113169409765,533.8626875774867,489.2650024964362,443.37563044061494,406.9137906638287
hm100/microcapm_order_gap_signed_vw_rolling_corr_market_mean_cv,hm100,2424,0,0,-0.05750608157652426,-0.0007219229310791511,0.0,-1.0,-1.0,-1.0,-1.0,-1.0,0.47330337229258235,0.5266966277074177,42.24502963148373,32.465657303219636,30.266965288377776,26.911608557778713,24.49669994379002,18.031179895481177,13.590164962994223,5.3456417231483355,-6.979777983613929,-27.541895394560495,-0.014535780085688987,-0.006978996848221546,-0.0035893046371821675,-0.0014906512058163468,-0.0002814010027771437,-4.07557698367904e-05,-0.0008091746331060725,-0.003436307843375191,-0.008393288768936637,-0.01722849785050427,466.92994543377233,475.40290214195295,500.52698086822977,517.3520367586809,539.6145303030117,556.2551886380336,578.6475988300042,612.3150110697619,660.911335591696,774.938364497435
hm100/microcapm_order_gap_signed_vw_rolling_corr_market_mean_mean,hm100,2424,0,0,0.050136304962566935,0.00030778698831015723,0.0,1.0000000000000002,1.0,1.0,1.0,1.0,0.4974471163787982,0.4974471163787982,-10.284825466298482,-5.639882998991457,3.229547653236724,11.010857994388365,17.496486496712524,23.9140972762206,25.8921574924307,27.399136722160755,30.468598184194303,35.89883621242909,0.011450107660674074,0.007996018561579972,0.003960179533367858,0.0012573868759451284,0.00012335994815611487,0.0002024230264273015,0.0012561359785470886,0.0032671202419702386,0.006930427929555067,0.013385358218033928,756.3381192463478,670.8040515310895,624.7989285493364,591.9000527953131,568.2947630494052,544.9131936669726,520.1015950438464,492.8397111877972,464.4171711784497,441.54416695407207
hm100/microcapm_price_log_return_3s_capm_residual_mean_mean,hm100,2424,0,0,-0.019290058775664035,-0.00012214607988049263,0.0,-0.25591904274350735,1.0,-1.0,-1.0,-0.1393939393939394,-0.1132630596118145,1.1132630596118145,-3.338940729104982,20.895014543909625,23.865894085499793,25.337199098660548,26.196297668857138,26.87307855598628,24.954637127861172,22.376548830596995,12.610427859060897,-24.121171424262247,0.009333450477825314,-0.0014948269826009328,-0.00275134125114593,-0.0021178378129523244,-0.0007984279928295437,0.0007703260906261057,0.0018350770397473966,0.0015284063180756745,-0.0028104488278469946,-0.02266228975468228,648.4776243212722,530.6410066141862,499.8388904487085,487.2771891941905,479.9062339561886,485.77073696915966,495.33246857915657,521.4015800806392,567.411331479583,771.7281599932247
hm100/microcapm_price_log_return_3s_capm_residual_mean_period_diff,hm100,2422,0,0,-0.014549433741663311,-0.00013051584670971847,0.0,-0.27655730160756403,0.8226980169213975,-1.0,-1.0,-0.4909090909090909,-0.2861488043344149,1.286148804334415,-1.7767070979518254,26.71262529612825,31.107283950818452,29.50621403562175,27.90851115885935,24.762059916289548,23.224452813859223,18.709389490247865,10.033392173401454,-26.91845737269697,0.012399179382689819,-0.001672480360840029,-0.00346513735597243,-0.0023499110016519937,-0.0007856945487882825,0.0006593379955037002,0.0015059596817251478,0.0011045708752383183,-0.0026093764061523644,-0.01920536615670553,702.2232344299794,556.3495638306257,513.8777786676388,492.698729141566,482.48317231875745,480.50903438791556,490.33948760233966,505.34536713785195,540.2598694230938,664.9725041750306
hm100/microcapm_price_log_return_3s_capm_residual_mean_period_ratio,hm100,2422,0,0,-0.024199339138351775,-0.0002798477444818702,0.0,-0.9880504331454829,-0.9588838684840623,-1.0,-1.0,-0.9878787878787879,0.5145110213738074,0.4854889786261926,27.859404280481478,28.048297513912804,27.103235800380613,23.873077773494984,19.048912255818035,15.324859711972042,11.405109086383684,10.061814756611401,3.9203498655188835,-3.377885469401106,-0.005659720034828528,-0.003893444554634551,-0.002203138243139304,-0.0005978314800251863,4.729236482553692e-05,-0.00018609531896974187,-0.00065001435629872,-0.001012593063272496,-0.002802579905272345,-0.006961366802254633,536.7993314239882,537.3890900252247,543.0106201816175,551.5121229485701,557.7918755728012,561.4085738031505,552.4584168609774,545.575255734097,546.0898760917387,563.1334414708489
hm100/microcapm_price_log_return_3s_capm_residual_mean_trend,hm100,2423,1,0,-0.015359284030512569,-0.00020170998819978763,0.0,-0.285475400699621,0.9545273796195402,-1.0,-1.0,-0.503030303030303,-0.06186713279243202,1.061867132792432,6.247732130310555,22.071161328591884,28.0343566381603,27.31674417055512,36.37490503367059,22.909809879888734,18.711603996534567,13.706251762020928,5.3085490168134175,-18.399221863692915,0.0070756475626604755,-0.0008746987388605057,-0.0026459897144344873,-0.001963708662592675,-0.0006534948006859271,0.0005422351614764161,0.0009480845438074498,0.00017225117717067443,-0.0030521705956693818,-0.014705729975184736,660.7676141055864,574.9252419964636,543.8188645126329,520.7636907349973,600.0881913996608,514.7183117616686,512.8017447048288,530.6493270248644,554.7619862447903,639.5725433030009
hm100/microcapm_price_log_return_3s_capm_residual_zscore_mean_corr_microcapm_price_log_return_3s_capm_abs_residual_mean,hm100,2424,0,0,-0.020796036341527668,-0.00020708268012495286,0.0,-0.16926604725314945,0.6951008633420617,-1.0,-1.0,-0.47878787878787876,0.3380583392403488,0.6619416607596512,9.86831653928041,18.862922612266907,20.048948634927168,21.441063626295552,19.359464429516926,18.351007191618816,18.048649966692665,14.046683513219135,10.480721856888378,5.152310533260384,-0.0010224651236026,-0.0022746353863823776,-0.0020194336285403905,-0.0013360564538635986,-0.000307676889081349,0.00014786924362285438,3.1495807081183605e-05,-0.0012449003321112451,-0.0034738993021512818,-0.009089251596373955,560.4696145868346,532.6941628955472,513.2980175101084,511.58056401787104,519.2516625708632,541.3448525036933,562.3391080231504,582.8384144649991,599.9312429487663,648.7564760470427
hm100/microcapm_price_log_return_3s_capm_residual_zscore_mean_mean,hm100,2424,0,0,-0.01841917629153316,-9.639689696004937e-05,0.0,-0.27858743066299024,0.9906682422741495,-1.0,-1.0,-0.15151515151515152,-0.10426502980244927,1.1042650298024492,-1.685001248544801,20.96601427022052,23.72824587643309,25.12455297074019,24.99887644694805,26.055097724887137,24.895818696569247,21.013042103232223,13.758714051259334,-23.206818663890754,0.00862229076160143,-0.0013978995340177124,-0.002570954155734847,-0.002031927213127215,-0.0007110847190827967,0.0007293506066252771,0.0017707329122823106,0.0015028403062772866,-0.0022706488962335666,-0.02196547946316319,650.4209645504933,534.3946821196979,502.80391173437164,489.25974253092386,484.14582975514054,487.23911182195934,498.71080456918077,517.5750534251778,565.1052288365743,764.8710865498256
hm100/microcapm_price_log_return_3s_capm_residual_zscore_mean_period_diff,hm100,2422,0,0,-0.015229878658398751,-0.00017520314899694873,0.0,-0.29827605678891267,0.8038176895521534,-1.0,-1.0,-0.5272727272727272,-0.21293099448197547,1.2129309944819755,-0.4505165545090669,27.336552510871602,30.06743165899271,29.412965834633884,26.748314862805305,25.59353756583696,22.044045419119378,18.837215601638032,10.076167675010012,-26.39454580554839,0.011587152775066197,-0.0021006127569872415,-0.0033022346491074547,-0.002261831587063118,-0.0007168667540880191,0.0006546484409622732,0.0013290858928020138,0.0009544790298558772,-0.002460859799117632,-0.018737636101724686,697.9524712543372,554.3350495059253,513.588978849412,494.97446651993994,485.1396235346639,484.91235963373526,492.7902196928262,507.2581706192126,539.8953264092146,664.9325731369659
hm100/microcapm_price_log_return_3s_rolling_alpha_mean_corr_microcapm_price_log_return_3s_capm_residual_zscore_mean,hm100,2424,0,0,-0.05706870579245337,-0.0008664975146648967,0.0,-0.8598525835343143,-0.008897215188998515,-1.0,-1.0,-0.9272727272727272,0.40931594887795114,0.5906840511220489,26.61696063687605,31.87315241528852,30.505872084020027,29.32705402341808,26.522590062917672,22.106743218754943,17.929362133227617,10.862614852042904,-2.259739592214961,-37.88012670438616,-0.008578170034447849,-0.007432272361555613,-0.004460471181035279,-0.0020794973949531397,-0.0004540492382673824,0.00017367919860546385,-0.0002897401730147023,-0.00246840748108342,-0.007523797243564573,-0.023089482368472063,445.19815156850274,461.3202966687827,484.7877249547402,509.3329760492488,530.4807965414777,552.1674433229297,572.4123567375304,601.1839485597052,634.0191897867396,722.1863762897996
hm100/microcapm_price_log_return_3s_rolling_alpha_mean_p95,hm100,2424,0,0,-0.0643655270508259,-0.0009672844564355636,0.0,-0.6826205528529161,1.0,-1.0,-1.0,-0.4909090909090909,0.36633429650183535,0.6336657034981648,15.336303934921276,25.222454097469097,29.139261313460295,29.733210819504965,30.231537456724382,28.93803726552977,24.680922042863198,17.43276357272914,3.6251594130964206,-48.73711123373293,-0.007933860233570234,-0.007099888592639794,-0.004928195261918028,-0.0025576588827453117,-0.0007053476293952377,0.0004692710400905753,0.00025187651860552983,-0.0020410868417765804,-0.008509110418042453,-0.030344242292998612,399.7564184798334,429.07525476062096,452.31069389110047,473.9670607964926,497.1925146765058,523.7194004647879,553.6828615000074,592.4342846026053,652.985967804456,853.5602088358243
hm100/microcapm_spread_bps_capm_cooks_distance_mean_corr_microcapm_price_log_return_3s_rolling_alpha_mean,hm100,2424,0,0,-0.014882764276171002,-0.0001978221689416431,0.0,-0.6231063372428137,0.011628838909261831,-1.0,-1.0,-0.8787878787878788,0.4629263219803383,0.5370736780196617,17.577993079082113,21.16551349523623,20.413199220502626,19.2248525101712,17.6604713466019,16.378540160373493,15.523296158364344,11.866997189754573,10.097230781826998,5.715725669540826,-0.0029558307882576727,-0.002181229647246565,-0.0011764258245030757,-0.00041505798336187964,-6.95019948246921e-05,-9.161941603670606e-07,-0.0002499617011027291,-0.0010066996706865055,-0.0019473022965295933,-0.004682016006556275,537.1625186608024,544.548211039411,552.434578319294,557.8162816288639,559.6831673965563,563.5685544481505,570.1707768923224,568.4600272824802,567.5072842490325,580.6243067832598
hm100/microcapm_spread_bps_capm_cooks_distance_mean_cv,hm100,2424,0,0,-0.0022981829206303608,-0.00047714158502836244,0.0,-0.15257167280940817,1.0,-0.9577035965489261,-0.9577035965489261,0.23636363636363636,-2.6086631995078617,3.60866319950786,-0.8205084674463944,6.275396664512853,13.290513948939504,20.67657343714073,26.35120602270279,27.643455915456688,28.505182966338587,27.267756800422404,17.8205341414925,-11.380150279700366,0.003037151028522715,0.002032837306507331,0.000558358653513797,-0.0004946269953032542,-0.0003832364762729334,0.0004439570955746443,0.001541605675831834,0.0020030341232565056,0.000218391699874878,-0.010778513447107545,483.2849910195808,525.250136597866,541.3173335339608,548.4540956414555,552.4979769381348,556.2567005974443,558.5922197347273,570.2131158537312,586.1268157043974,650.3892951935526
hm100/microcapm_spread_bps_capm_leverage_mean_corr_microcapm_price_log_return_3s_capm_abs_residual_mean,hm100,2424,0,0,-0.005063187147096765,-0.0002247437201484328,0.0,-0.3100317099840034,0.9810909471282441,-1.0,-1.0,-0.3090909090909091,-0.6241845775645662,1.624184577564566,6.465382405047034,18.368011434530214,21.198786432189088,22.308515979082262,22.157296949567243,21.88877197034552,20.375757101693004,17.593039174867975,13.038241003626277,-7.772587265556923,0.005564300962838688,-9.785127384211888e-05,-0.0011434431902882787,-0.0009553907958934876,-0.0003475339362950031,0.00035838505122259937,0.0008906926205429402,0.0009075788322061047,-0.00045463335590284585,-0.009560548341536934,581.5150632991598,553.2196359363812,542.3320582379242,536.4749172937661,535.4453080745302,537.3752677958572,541.3232832269906,551.6624835649579,571.6655897022106,645.1204832539688
hm100/microcapm_spread_bps_capm_residual_mean_autocorr1,hm100,2424,0,0,0.06254161792538131,0.0007651452097087012,0.0,0.9467568788126203,0.9999999999999999,0.7825639745117033,0.7825639745117033,0.9878787878787879,0.546976725814184,0.546976725814184,-20.685542328869715,-6.177793455370133,3.0311105689652678,10.8874277516377,16.70917206493972,23.30944148694634,27.01942129807781,31.097776663952335,36.02476497502443,34.473757863033946,0.020652828657162378,0.008755902885411657,0.003535323173005088,0.0008764787011312199,-3.024063834244022e-05,0.0003750434313732883,0.0018495240125121057,0.004421687157628146,0.008536123471485827,0.012803801864305383,716.8284748956821,629.5009492888526,590.4142378392122,564.4576192007194,543.3671385376032,530.277471468144,514.5992677503654,500.31172950548387,479.1341587787166,449.2629023687542
hm100/microcapm_spread_bps_capm_residual_mean_corr_microcapm_microprice_pressure_bps_capm_abs_residual_mean,hm100,2424,0,0,-0.03580535156253907,-0.0009612240496687665,0.0,-0.9274424296995621,0.23872510080636153,-0.9999999999999998,-0.9999999999999998,-0.5636363636363636,0.36877569286086403,0.631224307139136,20.165030266764383,21.348672168325056,21.274510450045643,21.18102924630431,20.621249377985695,21.25633080860935,20.663926839598403,20.62370595696382,14.787380870336122,-26.329392828385313,-0.005842048885380309,-0.003436690996450606,-0.0022526359195325857,-0.0010448178774758615,-0.0002734735868516766,0.0002552594842181712,0.0004952684158448585,-7.213752030763327e-05,-0.003143191598010529,-0.01952965902892412,428.79810802059393,462.1508855845273,481.3883551560575,505.6751621256681,521.7498271742617,535.9561189293613,548.2881734438567,573.5653735444071,618.1591564865681,785.79889700814
hm100/microcapm_spread_bps_capm_residual_mean_max_range_product,hm100,2423,1,0,-0.0019791139566274333,-3.139375069859242e-05,0.0,-0.40634840506809417,-0.2652558114323273,-0.6560335952480656,-0.6560335952480656,-0.01818181818181818,-0.6239287708410522,1.6239287708410521,20.350749550283147,12.205308908710263,13.708609205102972,15.4079518560981,16.935431561095893,17.14748430764714,18.430620445604482,18.604204831570062,17.926020867232733,11.590792785578216,0.0017794412294999506,7.501594594818815e-05,-0.0002547788475302021,-0.0002362312706525284,-0.0001482083832379394,0.00015317422818437383,0.00046438388410593296,0.0005670243859456696,-0.00024314498804368,-0.004104396390148616,687.950869537661,544.4837289499201,545.2907813482866,547.847654043938,547.1685697330055,546.1232502380548,550.6616608991098,554.9444411225015,567.3889191373827,599.011190486616
hm100/microcapm_spread_bps_capm_residual_zscore_mean_corr_microcapm_spread_bps_capm_residual_rank_mean,hm100,2424,0,0,0.015084395828954471,0.0003499050150473227,0.0,1.0,1.0,1.0,1.0,1.0,0.43725503245012587,0.43725503245012587,1.9681656196547355,13.144969143322163,14.681494407590094,15.112227418467882,15.360275681288059,15.664204662449091,15.749426789146035,18.774360355174153,21.337849253755923,23.869906053621655,0.004960433833597987,0.00080444971648355,0.00030761546607825934,0.0002594053354061624,0.00011082590740509271,-6.29851419078081e-05,-0.00021326081269003192,0.00045115833347351584,0.002116231752124207,0.0060006164239362145,624.7729052258418,587.9844397713204,580.8819895995234,573.7487924781296,568.740406211437,557.10163170619,550.3543168833347,533.7990918593887,513.206362289861,476.00528958843995
hm100/microcapm_spread_bps_capm_residual_zscore_mean_entropy_1d,hm100,2423,1,0,0.03202084573584601,0.0006537464896042924,0.0,1.0000000000000002,1.0,1.0,1.0,1.0,0.5919447584908334,0.5919447584908334,-1.4304842518814254,2.796801267941363,9.96672087092052,13.997573601729918,16.322477651591676,19.224020634366042,20.899535065264427,23.619064208488346,27.07583597716016,29.87794518110937,0.014010419652559404,0.004218179082625721,0.0007819579950681721,-0.00025221306818093013,-0.00019075367419781465,0.00024957651439379925,0.0007259294994895234,0.0014929069046630673,0.003277783108017605,0.00705331323180317,706.8920915735488,564.9066057293772,547.3465727377037,542.65217289643,543.9146965807525,555.4264892329746,563.39869177985,563.0233349230534,551.9630757045537,527.1375635776014
hm100/microcapm_spread_bps_capm_residual_zscore_mean_skew,hm100,2424,0,0,-0.032757663527936916,-0.0005849582441199428,0.0,-0.8846492380750434,-0.6512348287056822,-0.9999999999999999,-0.9999999999999999,-0.9878787878787879,0.4657711729404914,0.5342288270595088,28.376161539675078,31.283861066294932,28.33484499519787,24.899019472818807,17.517306590836757,14.303143547310702,11.663979453892678,10.302570647766403,5.128807609822283,-16.223356102850232,-0.006951961625245754,-0.0047105141739706745,-0.00240589096172098,-0.000899434681818731,-1.7317233956075054e-05,-8.360701665819025e-05,-0.000371129815898234,-0.0009660924057813755,-0.0029220459214503495,-0.012844711447316692,513.9497843337278,536.348523361395,548.7425428230429,560.3591237898474,569.6919060029305,574.6034694396095,571.7648628406051,563.7656652857557,557.2236852937032,579.2688906233052
hm101/ask_buy_chg_vs_mkt_tot_p95,hm101,2417,0,0,0.0478637033847574,0.00016504695261980727,0.0,1.0,1.0000000000000002,1.0,1.0,1.0,0.511551533456971,0.511551533456971,-19.403567350449787,-11.733278192492628,2.2161491038771204,10.904674285222088,16.874581332095612,22.65408800341952,27.241268149367833,31.131000767776374,34.511406499372455,36.603104182051894,0.01067506023502264,0.008642626051817653,0.003798927296201815,0.001195533707273361,8.817355138175086e-05,0.00023518210119269524,0.0014529249944968013,0.0037277224187895397,0.006870576541806886,0.01101192953415449,683.3410056133037,644.0219811706303,603.3621284383353,572.7227812115374,550.0905312563664,529.8618353819573,515.3090520427778,498.62297224249124,484.4196243080487,469.3507258235238
hm101/ask_obs_drop_vs_mkt_drop_mean,hm101,2417,0,0,0.057185928426715764,0.00033792818569390094,0.0,1.0000000000000002,1.0000000000000002,1.0,1.0,1.0,0.5392109218726878,0.5392109218726878,-23.427706098000552,-14.094786338296768,-4.0184693387443025,7.904195649979859,17.08028648013856,24.579771645584085,29.508480567261483,34.03824592160789,37.65039338673606,41.74892324082747,0.014503322103768384,0.009935043911337161,0.0049239953616458864,0.0013064016536579078,-1.570041382920915e-05,0.00042359009765495563,0.0021446104895007914,0.00478199353677427,0.007879983988209646,0.010964759512301983,572.4581310081946,611.206930476644,611.3957884280027,596.4710229448341,570.6094621406928,541.4748096555338,519.8270153845517,506.3124114819267,503.4356238895481,537.809796173649
hm101/ask_obs_drop_vs_mkt_drop_median,hm101,2417,0,0,0.05546844150140807,0.0003060044833210055,0.0,1.0,1.0,1.0,1.0,1.0,0.5317017714701463,0.5317017714701463,-22.428029250314854,-13.66674098519636,-2.15105267051975,6.3124454471262155,16.079457967185096,24.822044150658886,30.29262924851114,33.27850294215366,36.99045724658008,41.438997680077044,0.01336708075255506,0.009621981007523674,0.004691275947805483,0.0016104266837461238,3.920108949692288e-05,0.00041987644158083816,0.002183065389480222,0.004535898435833887,0.007745614096177126,0.01094801717388771,570.1183905369812,609.1028038905889,614.7747180067225,602.9468644806099,575.5670234552941,544.116348677007,522.1951295201617,508.73103035399055,501.26127924879285,521.5820255696879
hm101/ask_obs_drop_vs_mkt_drop_p25,hm101,2417,0,0,0.0478887971474384,0.0001684374113856745,0.0,0.912396690135019,0.78820484760436,1.0,0.78820484760436,0.9878787878787879,0.4721567230083044,0.4721567230083044,-7.744117814783547,-10.178460530117894,-6.7943066100561005,1.5919720531072137,10.374906225696733,20.902462667120005,27.67578809182702,34.3134689984194,37.84824204520734,42.963697667270935,0.007182211496776217,0.007567757013113281,0.005263808993389584,0.002205340655632028,0.00031237051484098356,0.00016927806802748125,0.0016783333997467298,0.004640479235944201,0.007821181650690862,0.010879598707891376,546.9821599900558,583.6855926152896,601.8893357880871,602.0198273777825,586.7755281422135,563.0879441428904,532.9284648216158,514.6153492303507,508.0981000186711,538.9054190226419
hm101/ask_obs_pre_rank_autocorr1_abs,hm101,2417,0,0,-0.03590764497453711,-0.00033653242291000417,0.0,-1.0,-1.0,-1.0,-1.0,-1.0,0.4854604325510752,0.5145395674489248,31.864585880631232,28.47808068649601,26.502007998888264,23.04392932014128,19.585600073129694,15.293256424851576,10.16995821278378,4.852673243544991,-1.0283039061650938,-8.131344998014125,-0.008138443499776413,-0.005106229196934905,-0.0028127704249775298,-0.0010494621647629823,-0.0001614623991840382,-5.2578057065610264e-05,-0.0009488950173506643,-0.0027512472783595685,-0.005475193993280061,-0.009074830519935323,519.5230745155487,522.9600397410023,537.8527585318817,549.5141308206386,560.9183783539703,573.9776957128332,582.7776721328378,588.1959867929459,586.7246512312317,568.941477956889
hm101/ask_post15_buy_vs_event_stk_corr_pre15_ret_vs_event_stk,hm101,2417,0,0,-0.02095503034755356,-6.515528488747142e-05,0.0,-0.33187272059969625,-1.0,0.35832923442788195,-1.0,-0.806060606060606,0.7478593364375744,0.2521406635624255,33.10219152040524,28.161431412363317,22.332902471195798,18.42959153838256,13.286838889365217,8.552848053929305,4.551683726457726,0.9284570743887158,4.197286221887589,17.068249812155646,-0.010322696629220989,-0.004367079781557107,-0.0011970251605745647,1.5583547504985837e-05,0.00024852992121840434,-0.0004399316653809571,-0.0017369001839367627,-0.0033357945739506544,-0.0031291133408007793,0.0033745528040323696,479.6197007798381,519.071566905431,546.7756058538645,567.6470615668709,582.2880508535238,593.0333988554552,597.2069177117361,596.2966421513196,578.661659618677,526.4728910638437
hm101/ask_post15_vol_rank_autocorr1,hm101,2417,0,0,-0.04451338978510602,-0.0006828193929933707,0.0,-1.0,-1.0,-1.0,-1.0,-1.0,0.4656711922873238,0.5343288077126761,33.17461763367869,29.261082828557623,26.961546530199005,25.30688665013972,20.986430178200003,18.378879587669463,13.518988810300161,8.91067927346577,0.31033367702511416,-26.200232284916044,-0.010493519387531477,-0.005680066079959116,-0.002935759833325328,-0.0011499657275274335,-0.00015132294478522538,-5.190506374623221e-06,-0.0006707327272788978,-0.0020409788927969272,-0.00516169059398323,-0.015541343698550408,465.40675351879855,486.7010518767352,508.18466659257615,528.7394214179102,544.6570816339519,560.82417521308,576.6927576207414,592.9955724959092,616.6278308160229,677.6992748088217
hm101/ask_post15_vol_rank_autocorr1_abs,hm101,2417,0,0,-0.03767573624768778,-0.0005952243287735969,0.0,-1.0,-1.0,-1.0,-1.0,-1.0,0.42283743900039744,0.5771625609996026,28.655334474225388,28.222242466426,27.59360881203315,24.217168045755038,22.85968636268271,19.346472606108087,14.26599714991155,9.480985974103083,0.3912503141878914,-24.422311635475314,-0.0064677218967976536,-0.004746010734486309,-0.0029533069530379703,-0.0012313912534668008,-0.00028059785882865603,9.737962630396415e-05,-0.0003726574052599454,-0.001713515678272786,-0.0048418158341621415,-0.014570873930905896,497.65802158906956,500.63105147552704,511.17149876237414,523.1836582263631,539.0831413431606,554.5178200972617,570.5377189731172,589.3349267222129,613.0876403619792,673.5415014390774
hm101/ask_pre15_depth_vs_mkt_mean_max_range_product,hm101,2417,0,0,0.048733595000122865,0.00041403914002117055,0.0,0.4538660671330381,1.0,-0.7388230921860908,-0.7388230921860908,0.47878787878787876,0.7035202741751562,0.7035202741751562,-34.163649152474214,-6.882425653593857,11.992334115809403,22.44783319225668,27.48304553583985,31.811301924296135,34.129331160772836,35.756381306556435,18.842335825663405,9.491443920632879,0.021695746448173205,0.009980808621294099,0.0029247256797308233,-0.00012346635524333212,-0.00048402720723424484,0.000874307065281764,0.003527345776695213,0.00713522847844142,0.0034737586376384424,-0.0006848712846756421,737.2337930761576,639.7310187574177,590.37753247893,550.5019956955041,517.5176361305925,491.88277418712676,467.93202152666504,454.9631425473125,514.8849334331148,498.83108726101506
hm101/ask_pre15_obs_vs_mkt_mean_p5,hm101,2417,0,0,0.07022636035477546,0.0006991571889390383,0.0,0.9908411593473093,0.9999999999999999,0.9126096099499675,0.9126096099499675,0.9878787878787879,0.5648927903894099,0.5648927903894099,-44.56729160687587,-11.214637128305938,6.898928750252652,15.397634030317853,22.443101433508392,27.13503148115174,31.48702240343195,33.439635327483494,35.16267606035576,34.79587930930418,0.023475606804039213,0.01104853328552255,0.003985738757361602,0.0009178066952761757,-0.00015226973787871783,0.0005254593324729785,0.0024678782824841443,0.005311605240395249,0.009207380404790329,0.012739464101373024,719.7878325542724,661.5237354242237,613.7046045941653,574.2039902820148,542.7546484290707,513.2264139047722,494.3773935634771,472.40103837709506,444.516403356277,423.5208968988273
hm101/ask_pre15_ret_vs_event_stk_corr_post15_ret_vs_event_stk,hm101,2416,1,0,-0.04758115600321343,-0.0006622255971004902,0.0,-1.0000000000000002,-1.0,-1.0,-1.0,-1.0,0.4353350131537388,0.5646649868462612,30.700348703722632,30.553242632850964,28.086581139659767,26.34334171215798,24.401914193336737,20.071533541241745,16.289144637009514,9.508564343715788,-1.3981225966915272,-37.958999683144384,-0.009551776811836466,-0.006009878016750283,-0.0032050738495482843,-0.0013716008293696803,-0.000287123677999795,8.211830040609066e-05,-0.00034737642912294707,-0.0019552817605101597,-0.005846480002431874,-0.018426457328949493,470.9850770305008,490.66937888670157,510.385081609296,526.935916092339,542.3674033723805,554.97611912238,569.9130850635745,586.5063683539273,616.5775967733723,690.8932289327578
hm101/ask_pre15_vol_vs_mkt_mean_corr_post15_vol_rank,hm101,2417,0,0,-0.030798801516871685,-0.0004081168551569603,0.0,-1.0000000000000002,-1.0,-1.0,-1.0,-1.0,0.4731305724188406,0.5268694275811594,29.53703728823628,26.464853549253245,24.819473690308975,23.293791059270358,19.26837097458635,17.249979933882134,15.345102734613132,9.019011129390474,-1.5678855798823506,-12.859985532134951,-0.007897387795439869,-0.003775159537975868,-0.0018810350153703132,-0.0007387587981403074,-8.642088327123526e-05,-9.131294585063195e-07,-0.00026241381123830393,-0.0015647075304649663,-0.004716584872064407,-0.009467303288291005,483.4505251195157,508.62174879630004,526.7200973692612,541.9825674591341,552.6116235744486,563.6566185159464,576.4487477173158,590.6505045744184,610.9410551148416,627.5618923185059
hm101/bid_buy_chg_vs_mkt_tot_corr_pre15_ret_vs_event_stk,hm101,2417,0,0,-0.036001683240751585,-5.773140219707954e-05,0.0,-0.3682974376063288,-1.0,-0.039858930091797605,-1.0,-0.9272727272727272,0.6130675809512895,0.3869324190487105,36.54529661615599,32.88742915559619,29.51862334503015,25.072763865187923,19.927431306052988,13.038530038980822,2.7983709896366142,-5.640472423098905,-10.468398848913388,11.236437451031957,-0.012483524271497175,-0.006190896203199258,-0.0027431206557585693,-0.0006646790007229751,4.614852768576309e-05,-0.000338945809750614,-0.0021547089107467002,-0.004943746688215385,-0.007351932223750806,0.0008814533974012977,458.72356767091725,497.5946340398019,528.1741125102924,554.114637419993,574.1778048210874,592.2410918781153,606.5786917915804,620.5104060294951,613.9678381400715,536.4403945662418
hm101/bid_buy_chg_vs_mkt_tot_iqr,hm101,2417,0,0,0.03909448880210533,6.484566081733064e-05,0.0,0.44009357674099586,0.11325863021749964,1.0,0.11325863021749964,0.9272727272727272,0.399376824643821,0.399376824643821,6.955361709728932,-13.517851982992804,-3.54449896417245,4.978384272894175,12.185225158090585,19.4255572780611,24.91953630514452,30.022907699932727,34.47755972237086,39.13977491566457,0.00022005813136606424,0.008250166382743387,0.0048142258781095374,0.001934892755633298,0.0003681917968967867,-6.196934892567961e-05,0.0007243370845916144,0.002887602941919512,0.006756751212593475,0.013135386306359966,575.7886324414801,631.1041274681689,621.8379282926998,600.0112738446192,580.7742314033482,564.0650679809668,540.6721716236036,518.9346034497582,488.08577273851785,450.6357596089246
hm101/bid_obs_pre_rank_corr_obs_post_rank,hm101,2417,0,0,-0.029947190654554465,-0.0002183649063326504,0.0,-1.0000000000000002,-1.0,-1.0,-1.0,-1.0,0.5077670305112609,0.4922329694887391,32.60823751075622,28.9257121313257,26.444830525863594,22.931645133177412,19.946984672515207,15.955331314747703,11.69555202141566,6.093348906289131,-1.3211503559163638,-7.941294460866666,-0.008180074206870657,-0.004055510990594089,-0.002043289896829435,-0.00071946285148825,-9.697962497884282e-05,-8.78559525288606e-05,-0.0007509196830174012,-0.002318571879627611,-0.00498900874209555,-0.006487151920191057,509.5977415780576,536.8616694964011,546.6840294776937,556.4940144486784,562.0846125088595,569.4711745532874,575.9245505924829,582.783655615426,589.3352089323025,570.8536102439024
hm101/bid_post15_buy_rank_entropy_1d,hm101,2417,0,0,-0.0772856352910222,-0.000770012390431526,0.0,-0.9848044133041524,-0.8822132177524199,-1.0,-1.0,-0.9878787878787879,0.4471190821106887,0.5528809178893114,36.5118286174098,37.07652637000062,35.48649940578377,32.46675229650792,28.052750071167505,23.077375661304643,14.631145295655404,2.1453495777559644,-17.765069088862678,-36.68269161606608,-0.01440018464771353,-0.010320575797103224,-0.00614263864447248,-0.002813545135931809,-0.0005346508532186739,0.00010844280181228271,-0.0012953084120766955,-0.005381863509387658,-0.01290028247912395,-0.022835016223374995,441.73727032731875,440.8358834611797,462.26557379571125,481.0444332505434,506.1750925431638,538.373520351981,573.9456933851592,614.4229251025262,668.161071482355,740.2308557082363
hm101/bid_post15_buy_rank_p25,hm101,2417,0,0,-0.06008032260854493,-0.00010707133987933676,0.0,-0.6853683848339425,-0.9519446745309759,-0.5902749889746238,-0.9519446745309759,-0.9757575757575757,0.48389295683442457,0.5161070431655754,35.56119771140153,35.80954474962874,32.986409261456636,30.591196439404214,25.722011807715297,19.37631164129956,8.578885886781805,-3.134801075278589,-20.35705544392035,-10.119986773448526,-0.013202088837486045,-0.008605393339530731,-0.00472376723487347,-0.0021151595632730702,-0.0003742249122051754,-2.5658682489095536e-05,-0.00175415152281387,-0.005512527155445642,-0.01204121255500914,-0.011619067465539338,430.6592528636103,458.8696649558285,479.16932167147735,498.96094153791614,521.9206780622175,546.8327871432557,580.2517267259964,621.3661213720202,669.5859416863295,705.5589514011953
hm101/bid_post15_buy_vs_mkt_tot_p25,hm101,2417,0,0,-0.05659066374259405,-0.00013479684136395847,0.0,-0.6684027664756041,-1.0,-0.5507228267340373,-1.0,-0.9878787878787879,0.48439781429392686,0.5156021857060732,36.00550104669735,34.5167393464813,32.804056346988546,29.285231191390515,24.62198083816218,18.76719300197245,8.523554943006712,-2.6243825982396665,-18.895145515880678,-7.98357015490941,-0.012434054558489107,-0.008042776347197505,-0.004564657682762464,-0.0019635773388344503,-0.00034203260374118344,-3.56144095187512e-05,-0.0015871713643729854,-0.005193124634024443,-0.011443454817366229,-0.010849403144922979,441.8390619088749,463.2963355096355,483.4852780263878,501.24128954676627,521.5104443310303,548.7728069862007,578.7314024785255,617.1708825320427,664.2253515161892,703.1128847810801
hm101/bid_post15_depth_vs_mkt_mean_trend,hm101,2417,0,0,-0.011790529390180606,-0.00018263589563448392,0.0,-0.6392948414255908,-1.0,1.0,-1.0,-0.40606060606060607,0.7735389130504364,0.2264610869495633,27.84910017999617,22.65968665383556,18.094073895826558,12.743494861953163,10.833722517584262,10.315530180678804,11.574104667356531,12.783737438656496,14.038203309254959,14.173560467335049,-0.0067917435884917955,-0.00261285061520397,-0.00034086401761503125,0.000500381293443088,0.000265919611291282,-0.00026850620538966546,-0.0006238543784527407,-0.0008261572530952562,-0.0006584838087343823,-0.0002517345322976306,514.0481527228816,539.957784215,565.0823703617357,582.397601781646,594.064010071189,591.5245206588726,580.9800237364744,568.9893415512141,544.7421396996292,495.0801582782956
hm101/bid_post15_imb_vs_event_stk_corr_post15_ret_vs_event_stk,hm101,2417,0,0,-0.027493607188025834,-0.0002139029843857267,0.0,-1.0,-1.0,-1.0,-1.0,-1.0,0.5276088507101915,0.47239114928980847,29.667685025099285,27.377710558972854,26.320344199348515,22.392306588685976,19.611947893267295,16.878596725022245,12.306844845473096,6.816777992336961,-2.9204086657276633,-3.092361499778722,-0.007827218916553639,-0.003982217222217031,-0.0019724699074704136,-0.0005635694441609205,-4.753789219453493e-05,-0.00010280166708401762,-0.0008372212178854799,-0.00229091536025273,-0.004951878772731668,-0.004703873803089675,490.4905110031823,516.1498882681132,537.7534679060998,554.4013087138212,564.0682689255035,575.8805304404211,586.058021349896,594.4601264747862,598.6100510015493,578.5290878192428
hm101/bid_post15_imb_vs_mkt_mean_corr_post15_ret_vs_event_stk,hm101,2417,0,0,-0.028356137804592493,-0.0001847535363699708,0.0,-1.0,-1.0,-1.0,-1.0,-1.0,0.5198095886063873,0.48019041139361285,29.243722715646125,27.16818106128266,25.664524681361183,22.700937346365578,20.40599963549339,16.634236099601658,13.128247181740068,6.839764325231334,-2.7356537279950732,-3.6866583784165403,-0.00792328465977134,-0.00411280236156682,-0.001957642769264395,-0.0005656720193082867,-8.435385702637433e-05,-9.795773746532512e-05,-0.0007638835266996541,-0.002403578077541975,-0.00505661778644977,-0.005205591473128618,486.56959873693205,514.1292782275171,535.3822900842159,552.6492096477223,562.1620583390661,575.2578607291769,585.784938637148,596.8601223328926,602.0574435123577,583.6835928363603
hm101/bid_post15_mkt_drop_rate_corr_pre15_buy_rank,hm101,2417,0,0,0.027780912922791213,0.00016055605714371355,0.0,0.6692243460314665,0.1269494678793693,1.0,0.1269494678793693,0.9272727272727272,0.37333880624527105,0.37333880624527105,8.558384086374339,2.6258057018771135,3.868668880304519,6.980567249102644,10.283685523933073,15.582026970450594,20.89611210405227,24.92993898202327,29.123073058893038,32.56393493035063,0.0014870504194319535,0.003976314526680621,0.0029631755735557283,0.001517772357403221,0.00036743818321769697,-0.00013878758131166596,0.0003401796832710687,0.0018959642362437654,0.0049528203715266715,0.01025842909562846,564.296154185214,595.7889566060512,603.3238359224057,600.9218481640883,588.9564748623652,573.7636038490219,557.1288334525448,531.3870426628905,501.93341566070706,465.0570370075456
hm101/bid_post15_obs_vs_mkt_mean_p5,hm101,2417,0,0,0.06179538264822871,0.0006631091741235246,0.0,0.8092696773793251,0.9999999999999999,-0.6166188619895157,-0.6166188619895157,0.7818181818181819,0.5791274571567181,0.5791274571567181,-36.70889926873172,-7.095347124986068,7.235124858802907,17.74444416608995,24.838832091772776,30.311346591251542,31.587393391940708,32.02981252883012,30.41844757819167,24.783487206742798,0.020372105638146235,0.010013923183936305,0.00424670397993719,0.0009527092313929338,-0.00018206394614493217,0.0006298375169358727,0.002560937399151468,0.0050447706528913006,0.007759233492384541,0.00973411632547446,758.0167263225517,662.5203404769354,615.5688210700256,574.9705309205087,539.2938328692605,506.68459410927426,483.01136609905063,463.0616634601331,437.02932184004567,395.80171374189433
hm101/bid_post15_other_cnt_corr_pre15_buy_rank,hm101,2417,0,0,0.027790661563876492,0.00016091333864660362,0.0,0.6690908489935722,0.1284789642914182,1.0,0.1284789642914182,0.9272727272727272,0.37338630797315125,0.37338630797315125,8.558766626117924,2.626042525664754,3.8388940892925123,6.985428000467762,10.307961921750083,15.565632366601786,20.911919163785782,24.930499482064317,29.141258635332672,32.550435597156635,0.0014871869513136148,0.003975976996408042,0.0029678629390115494,0.001518157682224965,0.0003673851110881691,-0.0001392257012771348,0.0003427131659310978,0.0018968662848821525,0.004959735838554832,0.010253088957092666,564.3197956054036,595.7747791792407,603.3232648828283,600.9428512254099,589.0069094443147,573.7439438632485,557.1068129736103,531.3779833871974,501.9081677217076,465.05474792792893
hm101/bid_post15_other_cnt_mean,hm101,2417,0,0,0.0265194092958065,0.00012573646304677374,0.0,0.7163414085897927,0.3986107409896079,1.0,0.3986107409896079,0.9515151515151515,0.43711768133145096,0.43711768133145096,6.723128095742622,3.591557605485082,2.070560586608916,6.95735969889692,12.890725386627771,18.119724082921927,22.829670480325454,24.77034928270139,26.926272714457923,30.2219880913649,0.0025433786292371526,0.003963069793302074,0.0032918606683049667,0.001502476092558124,0.00023635588707452342,6.097948693768216e-05,0.0008515062391398358,0.002324254265292125,0.004582302009271983,0.007037489761641259,565.4781493277422,608.7719992301303,615.0068118624915,607.1928446490482,582.8922252563295,552.5075728763675,531.0571536222282,509.8797608328171,489.5526947159946,515.7840825905649
hm101/bid_post15_ret_vs_event_stk_std,hm101,2417,0,0,-0.04504837313565637,-0.0010811342103391028,0.0,-0.8168134693949888,1.0,-1.0000000000000002,-1.0000000000000002,-0.28484848484848485,0.3863664907353047,0.6136335092646953,18.8051545160555,19.577177363974858,20.822210603669635,23.211269434982473,24.29425348415678,24.15363004798774,23.2534132671856,19.267495486522584,12.1000339937122,-30.14571493028804,-0.008099686319744583,-0.004461850111737451,-0.0026430239346695457,-0.0014022361003519796,-0.0003806713443919997,0.0002750739173404869,0.0003211435139894691,-0.0009532142956187561,-0.004694151457476346,-0.021928622792656654,413.85021903896785,451.1838778263126,475.91353288383954,497.94567202126274,517.4208976139719,538.6075236422763,561.4174347955508,589.7780968965258,635.7813749550104,804.65871224199
hm101/bid_post15_spread_vs_mkt_mean_corr_pre15_divergence,hm101,2417,0,0,-0.03378761552890906,-0.00030435086253077076,0.0,-0.872761841711404,-0.6602323244500947,-0.9999999999999999,-0.9999999999999999,-0.9878787878787879,0.5308382765203432,0.4691617234796568,25.263617965957508,26.996731412585536,24.60810925325807,21.9275850336914,18.528088945717503,15.359188819837456,11.299245939200997,7.561512431499554,2.3451018083712016,1.4878056794722527,-0.009412580847111954,-0.005308764722999317,-0.0023424012524576733,-0.0006837235467520473,-2.67281384537271e-05,-0.00016546678471714843,-0.0011152101864765368,-0.0025896221538910962,-0.004996268908438737,-0.006842498125079983,441.2612417574273,488.18146903563223,518.9459089560283,544.7940288562479,563.4993605851404,581.2842042185979,595.6347362311263,606.606800851806,615.1004174129032,618.1458410382639
hm101/bid_post15_vol_rank_autocorr1_abs,hm101,2417,0,0,-0.05675053046384608,-0.0008869230215829003,0.0,-1.0000000000000002,-1.0,-1.0,-1.0,-1.0,0.39573964667246575,0.6042603533275344,33.207934402021145,32.80924890704058,31.543533663322126,29.239896901128315,26.105881397948178,22.648808265321076,19.016498272941188,12.117007733410267,-3.1650956187300565,-48.16077122335161,-0.008842156415650147,-0.006645098128494352,-0.004152162370418513,-0.0020159650546494275,-0.00045206230183811145,0.00024247529362718916,4.8882132430741466e-05,-0.0016030819635468713,-0.006992942411286591,-0.025451496222437083,481.3395141781215,484.45547670931467,496.3245540148685,511.3346629139776,530.0166841665822,548.7619011254376,566.8805788070156,590.1227388406683,629.8444051218667,713.5231905762325
hm101/bid_post15_vol_rank_lz_complexity,hm101,2417,0,0,0.039328219012407045,0.0005142579887491113,0.0,1.0,1.0000000000000002,1.0,1.0,1.0,0.5184440458849509,0.5184440458849509,-16.16984076524047,-0.7618888866178639,7.469292683247499,13.77930462913342,18.34747503804927,21.761365784067557,24.529639033002944,26.593154018103192,29.218827862612322,31.23980383893303,0.011620759251974122,0.005313961680025979,0.0023819904517916263,0.0007654933908550248,4.0662215279283364e-05,0.0001625416509281021,0.0009891153776176646,0.002468983405736833,0.005182005790543894,0.009888447808905455,645.1588954215949,617.3036719748573,599.1273778511973,581.2077233949587,565.5215569218522,548.2976511264757,534.9974329112115,516.9867454393044,495.67515065902165,456.11454895077094
hm101/bid_post15_vol_rank_mean,hm101,2417,0,0,-0.06300499323419906,-0.0009264279128892306,0.0,-1.0000000000000002,-1.0,-1.0,-1.0,-1.0,0.4321313734317968,0.5678686265682034,36.11829520518887,34.24139199331811,31.991839789772854,28.603468577135782,23.79776212518299,18.469912274990385,14.046640111526397,5.30270227561866,-6.082051664390674,-31.475680291044785,-0.013025971347151048,-0.007376426462782954,-0.00411420078436347,-0.0018976976952964756,-0.0004117994033791543,0.00016456541881216638,-0.00034286539173578436,-0.0028181216867774533,-0.008630096831180916,-0.02362595113745469,459.2559817178673,497.0712358303925,511.39081020172887,520.6447671578007,528.6787342292895,538.3388656928985,553.0148610451917,574.13467037924,610.7315036430354,733.4441103576961
hm101/bid_post15_vol_vs_event_stk_corr_post15_obs_vs_mkt_mean,hm101,2417,0,0,0.023472868238686235,0.00039013294595432286,0.0,0.9982763070858721,1.0,0.9961232931367292,0.9961232931367292,0.9878787878787879,0.4531297624335814,0.4531297624335814,3.318425498173782,10.56974219174012,12.93741151246347,14.56528707749251,15.721889032030704,16.2418390873725,16.22178405979571,18.805037071400168,20.498693822165627,26.54815360550721,0.006333946858766376,0.002371314325041071,0.0011457344697699337,0.000505556365557556,0.00010292234037790749,-5.37179025342498e-05,3.8852394281395964e-05,0.0009610878152069262,0.0029982502978718583,0.008678788328393111,566.262561530731,565.0558875377935,572.0759975302981,576.0638874659965,576.4393471913762,576.7891968618086,569.1924373060536,557.4247006939942,535.5511141605098,500.12579088665905
hm101/bid_post15_vol_vs_mkt_mean_corr_pre15_divergence,hm101,2417,0,0,-0.05766515275672439,-0.0009184097059510449,0.0,-1.0,-1.0,-1.0,-1.0,-1.0,0.37204981339129606,0.627950186608704,33.58747633482318,28.4638131734412,28.01625257469331,27.831913878615904,27.42575535211934,25.5072437630698,23.959482797484416,15.031562469631835,-3.204550308978226,-51.31964119558188,-0.010372569705056461,-0.005226135820376281,-0.0031490923058363515,-0.0017912888865620048,-0.0005735284447729854,0.0004922400613906716,0.0008897064248055371,-0.00124340271762707,-0.008416960702964306,-0.027355710953774186,490.42280875710406,511.5792613944272,521.864780572082,523.0112687126621,518.2895744242671,517.2384827835822,532.8309941773135,565.8220370414683,628.3230471115244,725.7397746093404
hm101/bid_post15_vol_vs_mkt_mean_corr_pre15_vol_rank,hm101,2417,0,0,-0.04182035583013038,-0.0005243010602185321,0.0,-1.0,-1.0,-1.0000000000000002,-1.0000000000000002,-1.0,0.4296587680025858,0.5703412319974142,31.645920233900164,29.478487671532257,28.65512764278931,25.631470585158176,24.96253424480255,21.2172275920546,16.351596171794245,10.229059440516092,-4.451982576255647,-28.39468230170063,-0.009087733898579847,-0.004644885026910594,-0.002593121835648477,-0.0011002847992859434,-0.0003171864553827527,0.00013613257661954401,-0.00021243363362895512,-0.0015902074212133946,-0.00609055869868699,-0.015795775577194398,475.49782688090477,507.80530927209327,528.6767371007581,540.697938221831,551.341849709015,561.995897709819,575.342013041449,591.0213945795076,616.2714078022153,634.793881785273
hm101/bid_post15_vol_vs_mkt_mean_mean,hm101,2417,0,0,-0.06537967265475471,-0.0010047642427824049,0.0,-1.0,-1.0,-0.9999999999999998,-1.0,-1.0,0.4502979525711416,0.5497020474288583,37.290343058258365,34.435625293985154,30.981806487509086,27.625322564397777,25.42873894203008,18.840507322081724,12.93763149731502,5.184035800567937,-7.558959702387396,-30.15284259041779,-0.014935110872967963,-0.008072048925067396,-0.003966851391275176,-0.001634080370482656,-0.000379797895072694,9.128491062554212e-05,-0.0005663837358673631,-0.0030713620801158244,-0.008947372807267396,-0.022893185244481362,430.8504859162936,476.4580844484619,509.6108978369771,527.996567087611,539.2817679680394,548.6262137967357,560.7075637017346,580.748738891646,613.3891624215203,729.7744155425446
hm101/bid_post15_vol_vs_mkt_mean_median,hm101,2417,0,0,-0.06772776511452173,-0.0009848004918739427,0.0,-1.0,-1.0,-1.0,-1.0,-1.0,0.43784190339776846,0.5621580966022315,36.034020184801705,34.799591710625506,31.03261824283508,29.70756154550201,27.002468919126454,21.515380569171406,13.385564397507626,2.8934979463059425,-10.357619790214574,-30.99705828252779,-0.014326071420104013,-0.008201903226227982,-0.004210998445150324,-0.002011453451083305,-0.00047244012622439305,0.00021364181974334526,-0.0006262947046492542,-0.0035792616936551054,-0.009941666570713213,-0.02358651680458351,432.1051297687616,471.20104721494005,500.3789198038982,521.0098197834827,533.3227333751087,542.8883834439723,561.775504440543,588.651932476946,625.026692875016,736.6781752863168
hm101/bid_pre15_buy_rank_corr_post15_vol_vs_event_stk,hm101,2417,0,0,-0.015172849879874127,-5.906043717177127e-05,0.0,-0.2965999358424892,-1.0,0.9055284402467797,-1.0,-0.503030303030303,0.7860880743902657,0.21391192560973418,27.60082705136787,22.448506239033296,18.289125770609544,14.998025344432373,11.815184150493454,9.448140895248471,10.121702444345079,9.61997998308898,11.976083624727561,19.066357403260024,-0.008648992450641386,-0.0032151912388977332,-0.0006002411915158981,0.0003196041302500772,0.0002640511110510943,-0.0003648085928577203,-0.0011794869004823692,-0.0019372056354412485,-0.001668154241760715,0.0019166355675935148,471.84536511462903,517.7155049609323,551.680434227623,575.6970798228555,586.2010445787054,592.8218580086086,597.6692500165582,590.6675223393718,573.3547065927338,535.2564629325437
hm101/bid_pre15_buy_rank_std,hm101,2417,0,0,0.07279057249011654,0.0006635183652350537,0.0,0.9999999999999998,1.0,1.0,1.0,1.0,0.5455633805336467,0.5455633805336467,-40.93101807873142,-14.843682967839774,3.4271131662388727,13.51136623586393,21.067019830859966,28.308151844643106,33.288103259117634,35.484046122398674,37.643278542387996,38.52433558869776,0.022315854263759274,0.01144482583577791,0.004443306543508981,0.0011953311013334416,-4.943826807584797e-05,0.00045558579976404253,0.0023509693352744745,0.0054562083803823234,0.009511554204026832,0.015002856929130273,736.7803905777683,649.574703409047,603.2993149837922,570.4524479994185,544.8188334905066,524.1460236200926,504.7298964966892,480.39268145976075,457.2589265945516,432.5313493640398
hm101/bid_pre15_buy_share_corr_vol_chg_vs_mkt,hm101,2417,0,0,-0.030124965205995224,-0.00023100933335205224,0.0,-0.7642055912727033,-0.9996772529302509,-0.5511602616814133,-0.9996772529302509,-0.9515151515151515,0.5744154900091715,0.42558450999082836,28.036834303302268,28.0384932384532,25.78398156301272,22.668700697119643,17.760057905214175,14.223281115986998,7.760443274299604,2.9183816027890725,2.374999850054353,5.8033880020056445,-0.008825993207562157,-0.00524914526202973,-0.002429843645013167,-0.0007218358548524814,5.5266658560652574e-05,-0.0002452128976810858,-0.0015337234731698467,-0.0033360925573817863,-0.004250291714347201,-0.0033570839191663744,461.7528706330206,491.60707768954313,520.9242294560603,545.5800046993539,568.5978198935641,587.8020902164008,602.3945546449879,608.5600541525462,600.3293364587967,588.6074173181431
hm101/bid_pre15_buy_share_mean,hm101,2417,0,0,-0.04737577085883134,-0.0006683021469071128,0.0,-0.9672269291516845,-0.8766203900423025,-1.0,-1.0,-0.9878787878787879,0.4407099833308706,0.5592900166691294,32.61783496519755,33.48890949100797,28.342717046845877,23.9959331999254,20.239749302037225,16.774719796528338,12.674131586455324,7.164524221980435,-1.4740712017237703,-18.797959579131735,-0.010078370262679208,-0.005954390165141135,-0.0030159695295297094,-0.001249322110551351,-0.0002863956895579479,0.00010383870420819553,-0.000340774816793731,-0.002090747397427036,-0.006518411408799075,-0.017276926035653374,485.2770978188024,516.5664074853069,525.137702341753,531.7437353090344,537.5305004263146,545.6305907955763,554.502244196185,570.2704374384164,599.0468372266644,680.9995064898249
hm101/bid_pre15_buy_vs_mkt_tot_p75,hm101,2417,0,0,0.046024991475058216,7.5634172453170665e-06,0.0,0.8144130439542079,0.7181871752321536,1.0,0.7181871752321536,0.9878787878787879,0.4787307401012911,0.4787307401012911,-8.907734015142434,-14.075589346319681,-2.060786649950269,9.066520289001534,17.432354838969054,23.808357637476163,27.739213361264483,31.026932285516978,34.67425372963355,36.44856559398057,0.005271107593978655,0.009878355120657512,0.00504646674273221,0.0016896414735646365,0.0001443864607416967,0.00020351241824419154,0.0013920532318604849,0.003727615166566056,0.007251028434801218,0.011413261414666295,583.2277542926815,656.9340045616555,624.5767452676239,592.5550256256287,563.1884858276752,544.3028377866069,525.0826807736274,506.4755863204635,489.29272840775354,474.43720265197373
hm101/bid_pre15_concentration_autocorr1,hm101,2417,0,0,-0.061833152872965716,-0.0009704818100795952,0.0,-1.0,-1.0,-1.0,-1.0,-1.0,0.4385797527918425,0.5614202472081574,36.35665215078723,33.8950706710895,30.561203926950807,28.232848529189955,24.857384599287872,21.023667778540343,16.788093201267554,10.96451828751558,-2.118282465137255,-45.19441872719335,-0.012868977660073944,-0.007863432324873446,-0.0039995452055267946,-0.0016286150058746637,-0.0003325650326629962,9.913075395338186e-05,-0.00044077931137513545,-0.002205391105654163,-0.007206722727618901,-0.02441577344317951,442.042847723083,464.7639803984437,494.1628204536658,521.2051972262581,540.7334271753742,560.3809272198763,580.6821123602615,598.9026982822861,631.338849956817,706.7298699172994
hm101/bid_pre15_imb_rank_corr_pre15_ret_vs_event_stk,hm101,2417,0,0,-0.028696717990835056,-0.00027937059954511037,0.0,-0.8597567519034754,-1.0,-0.7454069419799796,-1.0,-0.9878787878787879,0.5488923680411748,0.45110763195882514,30.973443634281804,27.299429120141095,25.519495961421576,20.432984809758967,18.851653174589224,15.521084751532795,11.219166944961444,5.188874670462013,-1.0178679054031043,1.3945795485992594,-0.009014174138610035,-0.004210865361131135,-0.001935724184456236,-0.00042282123980847433,-1.448017904797166e-05,-0.00016473265534668424,-0.000945322549065632,-0.0024829400845284796,-0.004594928949050969,-0.004631358050244348,477.67407432827014,513.926267552432,536.7204944580418,552.6823568548107,566.0469661153857,580.4233247098442,588.1773716451185,595.0399155782002,599.3627390578728,582.3540408294928
hm101/bid_pre15_imb_vs_mkt_mean_corr_post15_ret_vs_event_stk,hm101,2417,0,0,-0.03157604884936039,-0.0001996568263750756,0.0,-1.0,-1.0,-1.0000000000000002,-1.0000000000000002,-1.0,0.5397543644212759,0.460245635578724,32.634407217937785,29.91989323208203,26.353649340817743,23.89836495373843,19.955634523569,16.519346291728034,10.061561522107796,2.5750438093236174,-2.247268013781579,-4.311470108690158,-0.009398068954983045,-0.004859419217218127,-0.0020031024962177697,-0.0006472111950896453,-2.7742670690637122e-05,-0.00015011651872607072,-0.001089128383989318,-0.0028303482911011227,-0.0048142157086543645,-0.005557038586315201,478.8990157363458,511.87733269030826,536.3558489289022,556.4347584584943,570.0894692737891,582.633706629675,590.8639782569448,594.7588453201492,596.1217694198348,573.9861935103634
hm101/bid_pre15_imb_vs_mkt_mean_corr_pre15_ret_vs_event_stk,hm101,2417,0,0,-0.02887558665392341,-0.00026734675103126567,0.0,-0.8920292434642855,-1.0,-0.7984901908935036,-1.0,-0.9878787878787879,0.5514329054972679,0.4485670945027322,31.0644248244111,27.569680830757644,25.37313337573703,20.870552097989346,18.944550336166145,15.454546551759703,10.188836746793159,5.587436205032486,-0.7482795862222581,1.0671478309428064,-0.009101319861157533,-0.004335863413180965,-0.0018743210337476732,-0.000463947045488704,-7.34972398226684e-08,-0.000161966812062887,-0.0010334450571054725,-0.002431223621628341,-0.004610637817307087,-0.004595441743973669,477.7554994091367,512.8979633769299,538.1231462694959,552.5277852282389,568.5427771062655,580.6511541021246,587.17410240427,596.3102128799158,599.7362765684879,578.8150327815686
hm101/bid_pre15_other_avg_dropmag_corr_pre15_buy_vs_mkt_tot,hm101,2417,0,0,0.019476769292053362,0.00015675966387906803,0.0,0.45501434593720796,-0.44300877962563423,1.0,-0.44300877962563423,0.7818181818181819,0.25140023414480966,0.25140023414480966,15.515921250185379,7.707613895924294,5.673073131645317,6.460663467769328,9.472343145045704,13.487974575386842,16.58600782505296,21.261253624395383,27.30600790783554,31.951719386995656,-0.001757372268078799,0.0020696687691212183,0.0025363023616418656,0.0015977593934507054,0.00041069668806799863,-0.0002610618442273189,-0.00022353178722057254,0.001062911094578816,0.004170950532578545,0.009713686688261813,531.7642828336288,575.071250345389,597.1207700709209,601.3024412772094,596.7463309207403,586.9779058758069,567.7132726709066,543.1638332347168,511.74861621604134,474.2473169565159
hm101/bid_pre15_ret_vs_event_stk_corr_post15_ret_vs_event_stk,hm101,2417,0,0,-0.05681688251683174,-0.0007333165276690787,0.0,-1.0000000000000002,-1.0,-1.0,-1.0,-1.0,0.42945981609572054,0.5705401839042794,33.146704437638455,33.0894417810499,31.209521525481133,29.649430857697634,26.91055551622086,22.648029187416416,18.235131622832576,8.886049852090771,-5.410532431706747,-43.03532386295847,-0.01096434076147428,-0.007077236992943343,-0.003910280022188694,-0.0017602684165671661,-0.0003735117425244889,0.00013452878364399867,-0.0003170265299019292,-0.002519747004965212,-0.007687530100142655,-0.02160815320209882,458.9252586648907,483.75120550337846,505.5713388685678,525.4032379089754,543.191071676605,557.987374103723,574.9341033412551,594.6607791990176,627.080490591923,687.1119756044405
hm101/bid_pre15_ret_vs_event_stk_skew,hm101,2417,0,0,-0.02054793405983519,-0.00023670539886425825,0.0,-0.798520316173941,-0.1941917670812026,-0.9530766186988047,-0.9530766186988047,-0.8787878787878788,0.4304462983406791,0.569553701659321,18.547681120603997,19.742181224449677,20.238876419941352,19.84361886092818,17.732558638004992,16.186318784877297,16.524095832251,13.96939186081808,10.16355441006508,2.4649117908424727,-0.00353924190325371,-0.002458839198836776,-0.001656825161126396,-0.0009154570442595295,-0.00017252988438961567,-3.0749698551596075e-06,-0.0002371504922370426,-0.001251363081191758,-0.0032400150081786684,-0.0068367319176422334,534.7721916354039,540.0550078234529,538.2207249214039,536.8400264986917,545.7355904716032,561.8763058627638,575.2318231167867,584.9132167688227,591.6811785394946,595.0425615269061
hm101/bid_pre15_ret_vs_event_stk_std,hm101,2417,0,0,-0.03954723690931785,-0.0010133247384455507,0.0,-0.6553510362861078,1.0,-1.0,-1.0,-0.15151515151515152,0.363341260309856,0.636658739690144,13.844775139328066,17.415386310509263,21.453693559944526,23.04214122957529,24.41562009308621,23.528233527197006,23.134401522812684,21.507707226937296,13.382380121867829,-26.356211512215047,-0.0060110645392643085,-0.003603672772948917,-0.002601532523870317,-0.00138817105925241,-0.00039651931749808323,0.0002817894308962126,0.0003493266832743318,-0.00043787040419864833,-0.003999553350729906,-0.02072664431728025,417.7348442363745,457.6661565267569,483.1535768932363,501.75666973738737,521.0486837668864,539.0939829198599,561.5883872213786,587.8952012686601,632.0765360643856,792.2940990620747
hm101/bid_pre15_spread_vs_mkt_mean_corr_pre15_divergence,hm101,2417,0,0,-0.024725771305573845,-0.00016822244035702175,0.0,-0.8552443864856203,-0.7400489248803945,-1.0,-1.0,-0.9878787878787879,0.591394177392603,0.40860582260739703,23.35277944072272,24.592153277595404,22.59986482068614,19.576352980149746,16.296087906898446,11.19475000188617,10.983232017616539,9.352933804820182,8.726867287770093,8.70785492265265,-0.007984121102644319,-0.004381989569662718,-0.0018196093136744647,-0.0004191047308166882,8.16333068746556e-05,-0.0003061606465399418,-0.0011574406038456432,-0.0021966217392384415,-0.0030572898773136557,-0.0033168445883555715,451.8669720854954,494.93125198473814,525.9542798013539,550.4396860099382,572.2232232334204,585.8508922854938,598.5786731384036,601.8326451378894,602.8241221190314,595.5917046213201
hm101/bid_pre15_spread_vs_mkt_mean_skew,hm101,2417,0,0,-0.02815044998752574,-0.0003415963225909293,0.0,-0.5272856978155869,0.5405952158943129,-1.0,-1.0,-0.7454545454545455,0.4455297984039091,0.554470201596091,16.085547488804032,22.85234013201151,26.274465774915917,25.185200526452526,23.236135032869246,19.666929121928273,14.832841026374975,9.487291019792936,4.465249631185231,-6.64476070645178,-0.0038191324141614823,-0.004367707692812478,-0.002879867597407385,-0.0011328120317748538,-0.00019015323102599053,-4.072779422639518e-06,-0.0006832788930799836,-0.00218129700220756,-0.004133353450309249,-0.008417178572733133,451.5970986359414,486.5625467254333,525.4421688062532,546.9891626717989,564.1154487335552,579.674547698392,593.0779660980603,602.052720601576,606.6762090754344,613.3656747494138
hm101/bid_pre15_vol_rank_corr_post15_vol_rank,hm101,2417,0,0,-0.05027978395443751,-0.0006133531720445135,0.0,-1.0000000000000002,-1.0,-1.0,-1.0,-1.0,0.4399391402316582,0.5600608597683417,34.61149048631946,31.744171926078373,30.283962795054315,27.453800709188485,24.47672889278146,21.28815310464699,17.01455289704902,9.877915025169495,-4.91422435703519,-36.52295954281612,-0.011020425697844586,-0.005959021667415893,-0.003274990059663273,-0.0013184269623562888,-0.00027734246950113093,0.00010495413659389364,-0.00027293396463766103,-0.0019865087312680965,-0.006781108782364093,-0.018880626583935942,461.8084670919946,491.0248344929004,514.6333736409705,531.3977473374756,546.3199763562756,562.1169146884104,574.1282165298242,594.4445287174509,625.6651725867615,666.9872736998208
hm101/bid_pre15_vol_rank_corr_pre15_volat_vs_mkt_mean,hm101,2417,0,0,-0.02625750652050243,-0.00012648545603048564,0.0,-0.5550993938218324,-1.0,-0.05467553704305954,-1.0,-0.9272727272727272,0.5996986546698901,0.4003013453301098,29.736557826691925,23.449999133253602,20.21528226413327,17.662650522571102,14.236024304459894,13.28922126489431,9.796495365972596,8.631542605305402,5.5782435435178215,12.489730173586077,-0.00979824000869788,-0.003982719849787226,-0.0016765566087769655,-0.000332622912407236,0.00011940120215488652,-0.00023497128533195416,-0.0011626656797889155,-0.0024586218395965093,-0.004341552259718893,-0.0022624718225213083,468.9702530245464,509.5757135081797,531.6856678614845,554.1077385253809,569.9368890827463,585.7258326499247,595.2553219701628,603.9199587600293,601.5080528508494,568.5656985270117
hm101/bid_pre15_vol_share_p75,hm101,2417,0,0,-0.05012102296690912,-0.0006933570927257848,0.0,-0.9697358733252422,-0.8808884747216573,-1.0,-1.0,-0.9878787878787879,0.44250211834579073,0.5574978816542093,33.03260002429731,33.85159351552582,28.67720257270026,24.64473931634389,20.9188784409432,16.00634099713624,13.270961287509055,6.494913833998626,-2.4197024122565103,-19.45246765991817,-0.010710223133124067,-0.006298261052624832,-0.003215497351668688,-0.001354961632875414,-0.0002929036839210899,8.96033875218287e-05,-0.0003321682096018231,-0.002284740151857352,-0.0069561353224627705,-0.018072378723569163,478.3396599819454,511.66917216830933,521.2130297709656,530.4663268373201,536.3936106347603,544.4906227194937,555.7722217052327,572.3970526079811,603.3893195180196,689.8511352426127
hm101/bid_pre15_vol_vs_mkt_mean_corr_post15_divergence,hm101,2417,0,0,-0.058137587608291214,-0.0009312951170247724,0.0,-0.994373754306381,-0.9096087316960976,-1.0,-1.0,-0.9878787878787879,0.3647594630846857,0.6352405369153145,31.959221275399372,29.04762897832317,27.86289045657119,28.102494563276093,27.136941608379523,26.377552110160295,23.735750012487642,16.60140477002985,-2.789923604164599,-52.73527950034972,-0.009850619710133464,-0.005372228061391966,-0.003243915615446082,-0.0018154448845162457,-0.0005843282626921241,0.0005478226860736697,0.000917501674270622,-0.0009585648182353551,-0.008515285723824192,-0.028331229775371426,491.55292239256397,512.6167255526551,518.3906242349838,520.5598721187141,516.5561999455279,515.1975084778923,529.5372947798651,565.3655523596059,629.546999046964,733.1626805486577
hm101/bid_pre15_vol_vs_mkt_mean_corr_post15_vol_rank,hm101,2417,0,0,-0.046673480343845934,-0.0005402118219883476,0.0,-0.9999999999999999,-1.0,-1.0,-1.0,-1.0,0.4374138231825151,0.562586176817485,33.68511524212328,30.864678221591436,28.191629277138052,26.517393319579142,23.9815038432532,21.5274229231331,15.312814520385455,8.807554713901043,-5.442652982958537,-28.122989648892585,-0.010199448221729556,-0.005548491913165308,-0.0028379954038987736,-0.0012928954261941137,-0.0003004983950635299,0.00014361527964415995,-0.0002822640151616471,-0.0020845058776800263,-0.007027311308007649,-0.016703473240601098,470.9128048224653,497.7840040140084,519.2814759353189,535.4826922425323,547.1560949281895,562.5528583260038,575.7711467188446,597.6629456625856,628.3378905655125,641.6378727609579
hm101/bid_pre15_volat_vs_mkt_mean_std,hm101,2417,0,0,-0.021084509806912205,-0.0006681414185636333,0.0,-0.4459954669469108,1.0,-0.9892941421709431,-0.9892941421709431,0.12727272727272726,0.3714740239944015,0.6285259760055985,10.823368345049635,14.729903374631943,17.764999702318363,19.24600948449588,20.779030509751237,21.46948457115929,21.62115850983746,19.418242466013837,15.784027775057389,-6.561924298676157,-0.003732320640666477,-0.001878647035515682,-0.001191034293198968,-0.0005851300693328663,-0.00019701848185793195,0.00015427615891365278,0.0003177882182895204,-0.0003423197754272996,-0.0020609592131249324,-0.010901003256427554,439.15903979471966,481.80521981209296,505.5882525590747,522.5394292495012,537.6951654980529,553.4577239301323,568.6592124394589,589.750397939328,621.6268598127086,722.7130350289151
hm102/imb10_late30_bot20_A5_inertia_area,hm102,2423,0,0,-0.0726778098491936,-0.0005940589673048482,0.0,-0.9074548861670056,-0.6363069987418731,-1.0,-1.0,-0.9878787878787879,0.4636159321300163,0.5363840678699838,39.15490085892541,42.77150264835144,37.603041729411174,34.22858794558804,26.49989225379218,19.881632899134303,11.42433845619421,0.5215604608130013,-12.02246424247793,-31.77057168536163,-0.014076199231043994,-0.01078107774855854,-0.005733992961065921,-0.0024551154890845137,-0.000372789926781807,-2.439145858165749e-05,-0.0014906202266978215,-0.0050080464072125895,-0.011090268136095493,-0.02105124929676652,473.16573347792024,464.7563856054662,483.358034628612,503.0221743752438,519.9319847016226,539.0554338341517,564.2903050034919,589.3149510056751,624.4470988910024,661.8395003043254
hm102/imb10_mid3h_all_D2_dr_skew,hm102,2425,0,0,-0.0181293563615454,-0.00037027414420044133,0.0,-0.8493773620524538,-1.0,-0.8020018894455068,-1.0,-0.8303030303030303,0.510443160259318,0.489556839740682,25.524889091742168,22.02456431349275,19.266126800714186,16.979429352194995,14.75633193079293,15.096629502246875,15.461400644952537,17.1709391206694,12.751806483890007,-1.7075736147520268,-0.005933390409714563,-0.00255117327649445,-0.0006986266963177379,3.122324179205926e-05,8.696509040806267e-05,-9.107621858547522e-05,-0.00010066703805245385,0.0003283005120283343,-0.0008320747378931589,-0.007998562684515601,484.5349266668342,515.0708843267342,539.1918744132885,553.4878677098292,557.5704971302089,557.5269206027076,552.4256645440148,550.3426586766242,570.5061497327216,669.6054075842028
hm102/imb1_aft2h_mid60_B4_dr_std,hm102,2424,0,0,0.06890134792793985,0.00012108489278093937,0.0,0.8623602624659416,0.8994864133152753,0.7232842081835027,0.7232842081835027,0.9757575757575757,0.5126228999817073,0.5126228999817073,-20.614069544895923,-22.777278537438804,-4.624800592114825,9.19943386644178,18.102628607702243,26.058162819833612,32.05849869318008,38.37816460567178,42.7427164518606,40.06359977019741,0.014437169151887278,0.01310651637116549,0.005869474965429645,0.0017192059438317783,0.00012597146627353603,0.0003311443259453008,0.002117694117809092,0.005807767839155744,0.01096014738921588,0.014305171464445047,604.1538461877853,647.3220857485996,603.3461665529452,572.2575918839934,548.7922206329023,528.260005571822,508.79671321959955,488.5404569440626,467.45606776725236,491.1151506170528
hm102/imb1_late30_mid60_A5_inertia_area,hm102,2423,0,0,-0.06918928035198178,-0.0006283114446121637,0.0,-0.970951184195952,-0.8527072459695837,-1.0,-1.0,-0.9878787878787879,0.4643574883312335,0.5356425116687665,37.1312249076008,38.126651260058296,34.889027222278756,30.13825426630352,25.605779964201922,20.74519166666483,13.585114905318445,5.241522153403595,-7.847022212417931,-29.4126509060066,-0.01372790355596676,-0.010100736520463763,-0.005500303955998521,-0.002164268444669774,-0.0003435868422831736,-1.1562928985785701e-05,-0.0013991060652582654,-0.004545305803975261,-0.010440649381631813,-0.020327545408136596,464.13801193801953,445.6202482388303,463.6195986270493,483.5680123155781,510.3171173487005,536.4749663524158,568.2374629834235,603.051426338922,640.6209650552712,687.6058954420574
hm102/min_imb10_A1_half_life_corr_min_imb10_E2_dfa_alpha,hm102,2425,0,0,-0.031511986521729575,-0.0003626498692710134,0.0,-0.9740406460191886,-1.0,-0.9483279507504387,-1.0,-0.9878787878787879,0.5028221637685812,0.4971778362314187,36.17549349873035,30.487330497590033,27.826332462134243,24.53429709887115,19.837534180148214,15.70327502751765,9.28864386844717,2.067801997638267,-4.431336296729119,-3.897341684802249,-0.008377986845680975,-0.0041801666764798295,-0.002158387380679838,-0.0008571519655316641,-8.888398717287807e-05,-5.142233276490788e-05,-0.0008541072049145831,-0.002519363555145252,-0.00491113960663973,-0.007150727097448897,529.6958562453908,543.236179691446,550.6302129979408,556.0728897781472,558.4145512673491,561.1084490961326,563.6614036624487,564.2258128827376,564.414667570322,621.7775041271668
hm102/min_imb10_A1_half_life_corr_min_totimb_A5_inertia_area,hm102,2425,0,0,-0.02152195544764909,-0.00011993888728300427,0.0,-0.4360131117112006,-1.0,0.11638551600571552,-1.0,-0.8181818181818182,0.6542371480398131,0.3457628519601869,36.74291139479114,29.373781722818443,24.702237063830854,19.563869980670532,14.3875449954145,11.507619198429166,5.152720014397983,1.5483592353534588,0.12459695044392471,14.50625478449969,-0.008368876253198222,-0.004009794234954788,-0.0015632440421561688,-0.00018917012839862654,0.0001290903819530475,-0.0002727078342195079,-0.0014383511400387933,-0.002833825516545362,-0.003610250358235941,0.0007551125654282751,531.1815171117029,540.7171343341339,552.4968536180785,562.5797375444877,567.2679871429414,571.8069648958348,573.7223854573141,572.2094113894968,558.8009434287133,589.3343200489802
hm102/min_imb10_A1_half_life_corr_min_totimb_D1_jump_runs_z,hm102,2425,0,0,0.032392509501295914,0.00035979346874116526,0.0,1.0,1.0,1.0,1.0,1.0,0.49443700199443386,0.49443700199443386,-3.2973957042493227,-0.30636774743509143,6.4836476459868715,11.029459604438388,14.458922811744712,18.29269655488032,21.58692675361051,25.974821296192236,28.791869516628225,34.65705632193168,0.008108191109856508,0.004754151861310938,0.0021320977292919123,0.0007326644218377573,0.00011105495857830304,8.024311378366001e-05,0.000700472329364055,0.0022400567998906466,0.0043441495944715955,0.00882963411416941,659.4113419371561,584.7861383589869,575.1861894560084,565.7595470334013,560.1353764111258,551.3358147793473,545.102149866992,535.21293125241,524.3207317549868,511.0553554212029
hm102/min_imb10_A1_half_life_corr_min_totimb_E2_dfa_alpha,hm102,2425,0,0,-0.035115704274295556,-0.0004432166093310642,0.0,-1.0,-1.0,-0.9999999999999998,-1.0,-1.0,0.48917716146134443,0.5108228385386555,36.72379591279488,31.92859009212593,28.356221952332437,23.89751871139497,20.2645782361577,15.858764950924112,10.18723912343467,4.384060447477504,-5.884694713860025,-8.12979021580223,-0.008960944360943496,-0.00462169811707776,-0.002356061278307052,-0.000900836730486172,-0.00012144860993625148,-5.309891404757338e-05,-0.0007355948395505209,-0.0022346834564744436,-0.0054649798302950975,-0.009223141527845967,529.3623141566902,543.3851505037129,551.4883848432482,554.3034051845195,557.6625088821236,561.3483421261719,560.9133942224586,562.5520317134027,563.1288072696647,628.631014669429
hm102/min_imb10_B2_max_drawdown_quad_coef,hm102,2425,0,0,-0.009428994502738769,-8.848090158523554e-05,0.0,-0.47639100434390147,-0.6528339834669312,0.2972784984198402,-0.6528339834669312,-0.7575757575757576,0.5742657598847588,0.4257342401152413,20.024588199790447,21.219724945985774,17.47784618425743,14.91643826735102,15.04526203332855,13.49010001943032,13.216188969970656,14.312237378126992,13.605155666955886,14.320096125100308,-0.0027648565854740195,-0.0020823515667115072,-0.0005970993548555908,2.8955403165005727e-05,5.1414962995750544e-05,-0.00010178498926646197,-0.00031881426539013045,-0.00047060900452191136,-0.0005850033401033946,-0.0025003648609912793,573.3253243126076,550.463178263525,558.0834937422403,559.0435717121734,562.0759028488344,559.3589196611836,553.9353119486067,550.3546275372669,541.5287340878416,614.0929767122294
hm102/min_imb10_C3_cold_gain_corr_min_totimb_A1_half_life,hm102,2425,0,0,-0.04618721002096569,-0.0006447641739310165,0.0,-1.0000000000000002,-1.0,-1.0,-1.0,-1.0,0.4576815491321162,0.5423184508678838,35.92860978369633,33.649705576213705,30.435314407534413,27.061425122990105,22.622263504677264,19.37421562581157,13.353123549158923,5.9384266485693,-6.184084587016234,-24.608933442387595,-0.010044764007680711,-0.006049116730031181,-0.0031838533544853746,-0.0013438954564931609,-0.0002223076178458854,3.719499221142782e-05,-0.0006529490138993247,-0.0024682532138883407,-0.006737800803591039,-0.014876700641331026,497.24165037563813,510.73327089257424,525.1889195594846,536.3879812455305,546.9894764343978,559.5456385662455,571.0236779363402,582.4830783812,599.8641430382486,669.3198908424171
hm102/min_imb10_C4_hot_cold_std_ratio_corr_min_totimb_C2_mid_deter_ratio,hm102,2425,0,0,-0.06212807427291307,-0.0008341524501447349,0.0,-0.9999999999999999,-1.0,-0.9999999999999999,-1.0,-1.0,0.39260054678846684,0.6073994532115332,30.973056388667764,30.83777146047966,29.696351865156398,28.95202095320834,27.904149228567384,23.987653352075654,17.757703949634607,10.101519779880592,-5.597630497717164,-37.04912246997402,-0.009461806566153154,-0.0070732488814257855,-0.00449162422442123,-0.002401562112432622,-0.0006357854379955327,0.0003736092577390097,-0.00012905164063463752,-0.0029039499430478267,-0.009697998209849455,-0.02487250406454694,497.83371481315913,480.99013970347147,484.4538907084163,490.4916393453897,504.0273357649147,518.8643604825035,543.1167120142707,583.6737993267659,638.7686369560754,777.9062809686466
hm102/min_imb10_D2_dr_skew_p75,hm102,2422,3,0,0.05185813113406092,0.000437195702646725,0.0,1.0000000000000002,1.0,1.0,1.0,1.0,0.5415020911561299,0.5415020911561299,-19.381018241339504,-14.536306577529587,0.9779941520736719,11.63115922444835,18.86888256875351,25.056223607589025,29.432525226449776,30.283992762243283,34.78102318888886,35.67445467736282,0.01367055808019154,0.009399068459254251,0.003889267869651899,0.000919035286620232,-3.3385630402778244e-05,0.0003655186405371883,0.0018153109410086537,0.003842675578661133,0.007121149608071539,0.01043173659782059,714.6323340533205,629.4997498761917,596.9687992819772,571.1664523974102,548.7296127674784,529.742704031395,513.4806326349708,496.4660990607364,481.2698366700691,465.22380159390997
hm102/min_imb10_F7_absD_tau_slope_p75,hm102,2422,3,0,-0.005750808857003566,2.483347621895577e-05,0.0,-0.6826261271005553,0.9086719268049192,-1.0,-1.0,-0.6121212121212121,-0.31966269385362195,1.3196626938536218,15.850264576629474,18.95579327784124,20.629125123228675,20.398162114250628,20.44621399385748,19.301789786962154,17.77997381963644,15.662579980945896,8.668548476663497,-4.913741642613077,0.003891177845798737,-0.00015464786982221377,-0.0008329332159320707,-0.0007383020176198926,-0.0003190373554516267,0.00035963107275649176,0.0008040698743307001,0.0008512931452196639,-0.0015284824498280486,-0.008108411362674272,685.8953577243157,574.6706866391561,561.2660563221945,544.1171115424801,529.8187014461917,519.2905258335508,515.8048759749142,515.9613673741869,530.5742933717099,564.568968330113
hm102/min_imb1_A5_inertia_area_iqr,hm102,2422,3,0,-0.0809604040830118,-0.0005636584395873351,0.0,-0.9646162696169069,-0.79963967221038,-1.0,-1.0,-0.9878787878787879,0.4385422185252558,0.5614577814747442,40.920319326710484,42.681667679352714,40.3659109581973,34.967983013931175,26.86120857466577,20.031434052904626,13.276236804082316,1.9581115969795533,-13.32767387897319,-55.11394608434725,-0.012684025590707719,-0.012170736744148097,-0.007010913963376389,-0.002906179885127669,-0.0004855110133182514,6.729038156722676e-05,-0.0010982983529619376,-0.004804992015240658,-0.012025660118436579,-0.027277718341674542,568.1230384078102,445.5535791506135,466.79622188706355,487.09579268095166,505.16304338351506,526.6407949006386,550.3517651687438,581.582535718013,641.1592315947318,728.5717356786013
hm102/min_imb1_A5_inertia_area_trend,hm102,2425,0,0,-0.041712539089197226,-8.519849464117617e-05,0.0,-0.917668890681181,-1.0,-0.8461664919525654,-1.0,-0.9878787878787879,0.490724770476647,0.5092752295233531,38.267937391749655,37.6004368239126,33.21441975200474,27.379972678494678,22.28611368252468,14.5422624791393,6.279149421335937,-2.7295931743363973,-10.675282232954785,-8.574007302273108,-0.007202013296545994,-0.00730625190476504,-0.004132108855498753,-0.0015627540080624623,-0.0002244390939444473,-0.00013384053090771618,-0.001435166130225189,-0.004343810770189055,-0.0075345549046381705,-0.007752401099779166,593.5168218778773,510.42787099667385,513.7567953210878,523.8595910549029,535.7727893800047,547.2733270863354,567.0533045544711,590.7683588578635,612.18745723543,589.8681660477199
hm102/min_imb1_B2_max_drawdown_corr_min_imb1_E1_hurst_rs,hm102,2425,0,0,-0.07733475101968476,-0.0009188669180319865,0.0,-0.9993218121861048,-0.994686195051369,-1.0,-1.0,-0.9878787878787879,0.4484048535714281,0.5515951464285719,35.81295284552238,35.8386276448851,33.41609053345881,31.381684435825605,26.200869325825288,22.113529710686954,15.492957048749574,6.697233146744252,-9.546210574044705,-39.8515946470368,-0.014842088927702527,-0.01053827133341444,-0.005900228000917872,-0.002540327319567151,-0.0004443377395307982,4.7365671985879123e-05,-0.001150087363276751,-0.004322150110533776,-0.010978763934191388,-0.02574699504450385,426.98793949248545,425.38045844147945,449.5527154740766,481.8803762904951,510.81127977794176,545.4818406160202,581.6158093917118,618.4614086811064,663.758830931097,768.6531899391287
hm102/min_imb1_B2_max_drawdown_corr_min_imb1_F2_posD_ratio,hm102,2425,0,0,-0.07557629456003391,-0.0009082713882609054,0.0,-0.9877894379671736,-0.9055377694208994,-1.0,-1.0,-0.9878787878787879,0.4470350196822856,0.5529649803177145,34.78865789701912,35.2468903919293,32.49451165946279,30.77696572843196,26.003203038007058,21.89634272059767,16.177371385719223,7.035785789442767,-7.51235378784073,-39.34998001150119,-0.014449855026774741,-0.010245607464383421,-0.005770332387852395,-0.0024810942229122877,-0.0004323321063080483,5.126160938863554e-05,-0.0010540856988163058,-0.004215096724058942,-0.01056370379984388,-0.025507177350211598,430.6205245616572,426.32660525652074,448.9637317283836,481.5886453128112,512.0975540803576,547.5932961773158,581.8366546961994,617.5142472490364,663.6642242039876,763.905898639637
hm102/min_imb1_C3_cold_gain_corr_min_totimb_A1_half_life,hm102,2425,0,0,-0.045472446936761675,-0.0005448624888863928,0.0,-1.0,-1.0,-0.9999999999999999,-1.0,-1.0,0.4764124873664441,0.5235875126335559,36.20684138399718,33.840527352947916,30.001989036657676,27.44479559703071,22.384803232285037,17.865549195078557,11.616659060768141,4.23295075171445,-6.6532517447671085,-19.36122941421344,-0.010814217292509583,-0.006159325880387625,-0.0030157892395893528,-0.0012282669843463483,-0.00018646286134528994,-2.2517081719911414e-05,-0.0008438110763701018,-0.0028147617292023533,-0.006658138220816793,-0.013184294081587852,487.845731917345,509.3376193502777,526.6658514221624,541.8770790403266,553.0277548240666,565.4193649885257,573.6127713497298,585.0092330047981,599.2845942061196,658.1171716719048
hm102/min_imb1_D2_dr_skew_mean,hm102,2425,0,0,0.010291526087370405,0.00017080076481205953,0.0,0.6339472106017744,0.9999999999999999,-0.3517174127038374,-0.3517174127038374,0.8424242424242424,0.6818367260943343,0.6818367260943343,4.884132139151815,5.233617535123965,11.248010763179096,15.382582956483986,17.906034007993195,20.2865160209623,21.53013838608908,22.140631824111072,20.763380793256054,18.27466246846555,0.004284195109045756,0.0020643066449201725,0.0007156805128569116,-6.05612641536839e-05,-0.00010293878303595297,0.0001834715377298455,0.0005892733672774711,0.0011418568390566338,0.001206032587107903,9.9408771753281e-05,645.8972506375021,546.6137944566483,543.0213652802366,536.243187211438,535.2301746565972,536.1419599517828,540.5382773426518,545.6401942533048,561.3682639316673,602.6538663150261
hm102/min_imb1_D3_dr_kurt_excess_std,hm102,2425,0,0,-0.026677711907957164,-0.00014571674860386244,0.0,-1.0000000000000002,-1.0,-1.0,-1.0,-1.0,0.5528619597819774,0.44713804021802267,30.72483092892203,24.403975470113718,21.51414024840085,18.590078279649664,16.31437517523027,13.89837341826773,11.309316638474845,9.293614034096331,6.292205110296717,5.264013782356729,-0.008265895685432996,-0.004255438740171119,-0.0017799240493258138,-0.00038528526784912306,1.801290205306811e-05,-0.00016800734566305104,-0.0009575535314039422,-0.0021596693870346755,-0.0038423433510091777,-0.00473589070351644,546.0793724079889,506.9164624152871,521.3711947395275,535.2607562909822,545.4047660457094,556.6589793393322,571.1830540031087,584.9047537305848,603.0712808569159,623.8444593867113
hm102/min_imb1_E2_dfa_alpha_corr_min_imb10_A1_half_life,hm102,2425,0,0,-0.028034154120018702,-0.0003137562742886441,0.0,-1.0,-1.0,-1.0,-1.0,-1.0,0.49987228948388013,0.5001277105161198,34.015151945690114,28.365350194977683,25.87153020195247,22.332492371376958,18.89216307663347,15.146758267630464,10.931021438432854,5.915378757034683,-1.4202098189424652,-2.453395625232599,-0.0076195000671366335,-0.003605386642915651,-0.0018768168092839859,-0.0006760871420502029,-7.886807516262292e-05,-6.147807649723911e-05,-0.0006574264641787034,-0.001883458694744801,-0.004227926444414622,-0.007033449429345581,536.0109813505364,545.4467595632788,551.7472664196713,555.4012986393867,556.984475713213,558.507192934806,560.6912375788191,561.9407151229267,562.5156605368494,627.1491254665959
hm102/min_imb5_A4_final_r_mean,hm102,2425,0,0,0.0736188215091463,0.0006974523961500185,0.0,0.9673287027042341,0.9481972303745012,1.0,0.9481972303745012,0.9878787878787879,0.513664952418017,0.513664952418017,-21.37756253713811,-22.478562382977923,-3.067583686907426,10.166306975872477,18.92781155831164,25.237492461637395,29.94810225448236,35.99037125907529,40.543189527648934,43.81903758022634,0.015885971169947912,0.01367022611905347,0.00607399873230069,0.0017496063350480849,7.734923933366006e-05,0.00036498976637822425,0.0022039211800591947,0.005733119939809577,0.010501341462696042,0.0166608451683693,750.394991135767,667.5067644249893,616.1220044202178,571.7256612923545,538.6692527789472,509.5814861271187,484.7367870703646,463.4519546592087,449.6664161601427,436.3233954881866
hm102/min_imb5_B1_decline_count_corr_min_totimb_F3_D_std,hm102,2425,0,0,0.013268670612427615,0.00014607582846534688,0.0,1.0,1.0000000000000002,1.0,1.0,1.0,0.7274566049015274,0.7274566049015274,-12.798640563858156,3.4272893696841775,10.514849827164234,15.964542538744523,18.98286221960873,20.59147029198487,22.740179563464004,24.727962588390472,26.12363224121716,27.404253618571104,0.0072465061866650304,0.0023424823404594786,0.0004237617557808698,-0.0002840656314645274,-0.00018256640240116534,0.000227472003624734,0.000829325583471691,0.0013041115888617995,0.0015194213555543652,-0.0003038539965900054,585.4918434664589,554.1013123364097,545.3609458131781,545.8193773485814,546.044757701087,546.3984527772225,549.892785407981,556.7044128775642,565.4412914278329,613.3639484535059
hm102/min_imb5_C3_cold_gain_std,hm102,2425,0,0,-0.0841937549162743,-0.0007976756224193746,0.0,-1.0,-1.0,-0.9999999999999999,-1.0,-1.0,0.437824018723512,0.562175981276488,43.173087090056036,40.70288470144561,37.858716013646855,32.93740659026352,28.92403392690967,22.57592307043476,14.297959888134928,4.549929380236163,-12.165870116142434,-55.32215777459053,-0.014466506458641299,-0.011737678968413367,-0.006824435480429768,-0.0028898818916730227,-0.0005943037830627191,0.00013283007627898274,-0.001230863954545122,-0.005103672799285683,-0.012368800783637814,-0.028312765250444977,533.6876562611991,439.02846579931355,453.37871854592686,473.812047942441,497.96911545241477,525.8567257770133,557.5629095647387,600.5973148885776,650.7187251230459,752.2800951010693
hm102/min_imb5_D3_dr_kurt_excess_iqr,hm102,2422,3,0,0.03202226366873926,0.0002520438310344723,0.0,0.6743071937284573,0.5625167057339214,0.9985459206180906,0.5625167057339214,0.9757575757575757,0.504862668066333,0.504862668066333,-0.5277861190610982,-7.411556772601242,2.932237177468713,10.38107151764973,17.174540080860673,21.34359728445251,24.963348549820683,27.898806915991557,28.00112821921265,27.996284408336557,0.005547799844692202,0.006258183028170578,0.0031192887507152218,0.0010447315989549043,6.95947297846582e-05,0.00017203821992885855,0.0011330618773192688,0.0028740992598677195,0.004607342524055741,0.006944080004215617,673.8163719968009,610.0422341887063,601.8267652208938,581.6405699312909,563.4801101852617,544.864475735037,526.8114750994765,507.4619262345799,487.77152235133866,458.23535798045464
hm102/min_totimb_A1_half_life_corr_min_totimb_B2_max_drawdown,hm102,2425,0,0,-0.0680949818899908,-0.0010671505376384821,0.0,-1.0,-1.0,-0.9999999999999998,-1.0,-1.0,0.4134583827637954,0.5865416172362046,40.108649273523355,38.86319352067232,36.048736592855484,33.40177591314519,29.211645641796892,23.65644591830498,18.371855503266517,7.269295024879207,-10.655742776978814,-58.74847390041024,-0.012113105407856765,-0.00802527613391901,-0.0047732594452872526,-0.002283224740331265,-0.0005183530237136635,0.00023581841099054425,-0.00019245813309172965,-0.0027389903574594216,-0.00896877414927242,-0.0276502083724112,486.8257668459466,498.151725928033,509.5367189657934,522.7331238887014,532.1734007580145,545.0270261529118,562.4862088162441,581.6950368673708,612.2085418963723,714.6079212772215
hm102/min_totimb_A1_half_life_corr_min_totimb_D1_jump_runs_z,hm102,2425,0,0,0.03717292689078707,0.0004160465409409977,0.0,1.0,1.0000000000000002,1.0,1.0,1.0,0.5320094375545003,0.5320094375545003,-15.087828069762615,-3.2180479655545025,5.771419330743918,12.241435677559918,17.481574386271618,21.68013096210617,24.234746683732496,27.824396026437192,31.522683590662236,35.23585794047714,0.011568003964974745,0.005220662781329417,0.002232133415791587,0.0005464101035791546,-1.2203024495267537e-05,0.00017923045495237512,0.0009265153210572352,0.0024223936717387567,0.0049589169867299025,0.00871481667418809,673.4113993183418,588.2438421371226,577.2944192610782,563.65995411659,556.3013526762476,549.5620823807152,539.6169353940294,531.3201167981395,518.1169068426018,506.351616665889
hm102/min_totimb_A1_half_life_std,hm102,2425,0,0,-0.07621513960591185,-0.0009295193507889959,0.0,-0.9880043116008874,-0.9188561501007655,-1.0,-1.0,-0.9878787878787879,0.451823780804309,0.548176219195691,43.043651924914904,43.66490997573992,40.22173896024208,34.58196388507644,28.973656934313368,22.061572044749692,14.490837739932154,2.88192218035436,-13.102762797100622,-59.29405682672015,-0.014884297732212306,-0.01066050182198044,-0.00578595117750331,-0.002303012141981331,-0.00038207071018966026,2.7817108867310452e-05,-0.0010684438167431842,-0.004111275318544349,-0.010201672643626331,-0.025916212001209193,506.2314305441358,482.09184474353975,505.27560701229055,524.2685971555373,544.2813052742724,558.1899819358157,577.7219912615193,590.2375836995346,616.1881845588086,652.9806130080108
hm102/min_totimb_A4_final_r_mean,hm102,2425,0,0,0.07629176762536219,0.0006654777053490317,0.0,1.0,1.0,1.0,1.0,1.0,0.5124395272785154,0.5124395272785154,-24.79796363381017,-22.199901344540706,-3.533664643295381,9.077899740456273,18.75414354975303,25.36834994234179,31.023414375462803,36.39894167532036,41.38715036193305,46.23343916088799,0.017575890906707817,0.013457468277423702,0.0058366317476352915,0.001783272874361464,0.00010063645031129561,0.0003230886848513364,0.0022588541113381746,0.0057340419764017,0.010906539494378534,0.017649865396603983,748.5329650855749,649.3050081146121,607.6030748193907,575.9272074370144,547.810349340337,520.9544023538526,495.7110965490985,472.0873433370632,452.0388662965748,437.03063555847876
hm102/min_totimb_A4_final_r_trend,hm102,2425,0,0,0.01735638675304165,0.00033777890700389414,0.0,0.6975759476165216,0.09027622080743226,0.9537340774766531,0.09027622080743226,0.9151515151515152,0.3958262911806485,0.3958262911806485,12.406699068377767,9.650088801682992,10.934303233522872,12.359193394697051,12.953802184308291,14.882380635325802,14.602682128535184,19.60927814604156,23.83998242249275,26.413891639388652,0.003168269872613038,0.0016479411926278147,0.001164559583106035,0.0005951028021092745,0.00016053897429886606,-9.815062823139158e-05,-0.00015115155717621717,0.0008443708712244914,0.0026242511928552237,0.007062875542610668,670.434423406002,554.8699446479568,560.5596633190655,560.4922834204008,558.1630567064661,556.8391554025221,550.4089802725885,545.4738137219866,531.8360143966429,520.0380775526373
hm102/min_totimb_A5_inertia_area_mean,hm102,2425,0,0,-0.08171586399441759,-0.0009543827655945666,0.0,-1.0,-1.0,-1.0,-1.0,-1.0,0.45158452303972185,0.5484154769602781,44.21283725154676,43.652287721890424,39.80507579573095,33.9303179795725,27.457520167038126,18.823787103249796,11.927817009264418,3.209925206330148,-10.238602616317031,-55.250337323870674,-0.015212258989126136,-0.011819277422503835,-0.006476779534739369,-0.002538023537211812,-0.0004242954971183603,-2.9098165427918697e-05,-0.001285356317422895,-0.004307164034529199,-0.010492145540271254,-0.02817708219047228,526.917439916001,464.62259740902357,484.3322608119744,505.81845412464867,522.8523012044062,542.6029748632359,561.2038072126567,581.7134086613396,617.8358848740263,716.5864490366392
hm102/min_totimb_B2_max_drawdown_mean,hm102,2425,0,0,-0.05461172377842366,-0.00029032909341378206,0.0,-0.9133503962781117,-0.36592677800206397,-1.0,-1.0,-0.9636363636363636,0.42843606348029767,0.5715639365197024,30.578581450578618,33.843608874607824,31.816452538784937,29.56668081778957,26.810054649844947,21.936198137794143,16.83399255482582,8.820977298819251,-4.384421009311684,-38.25298761619766,-0.00782634248791168,-0.008503962729037072,-0.004556898280645424,-0.0019937574498377375,-0.00039228355417329194,8.818295445775367e-05,-0.0007032426469750373,-0.0030814960016076432,-0.007998338728580037,-0.01935325576069973,597.6683494370212,457.9273155024758,481.60284248377155,503.07256459707673,525.7650772585508,544.4877801493091,568.6666654796072,590.7887731816108,617.4035468595445,663.112306816492
hm102/min_totimb_C2_mid_deter_ratio_corr_min_totimb_F1_absD_mean,hm102,2425,0,0,0.02567361975153814,0.00029642249379889724,0.0,1.0,1.0000000000000002,1.0,1.0,1.0,0.594810206399768,0.594810206399768,-16.685628123699416,3.858226530546046,11.101954879774777,15.373454526024554,18.705152019042146,21.10683657882094,23.116652182666073,24.987860382979065,25.700651122478355,30.425729982968512,0.010669846541616294,0.0035077447317727593,0.0009345801280654001,9.697674032188057e-05,-0.00011453220305279258,0.0002140784996383886,0.0009060863252409215,0.0018123386950394265,0.0030676417963757486,0.004282436002721271,604.2095388427725,577.7246211120677,564.9689169683547,557.9039885838806,551.6982691686114,546.6314844129074,543.3570654953796,542.4916859452684,538.6120470475818,588.6116247782765
hm102/min_totimb_C3_cold_gain_corr_min_totimb_C4_hot_cold_std_ratio,hm102,2425,0,0,-0.07372075091958986,-0.0008042836984826924,0.0,-0.9491380565288597,-0.5862625205882392,-1.0,-1.0,-0.9636363636363636,0.41940290650704826,0.5805970934929516,33.648286878902866,35.645682830993884,34.88210965328769,31.808916478245198,27.987700426109097,23.248398971838807,16.222701960427955,6.572782374907158,-11.558339199306243,-40.898786343416795,-0.012151908403242598,-0.00920963848836774,-0.005900175302932472,-0.0027121018832450875,-0.0006075542069703449,0.0002267874302173632,-0.0006620686765455679,-0.003916862661464084,-0.011452896691409047,-0.02653004833714754,477.8215196412179,464.7171088147697,473.8383682011886,489.30510752279963,507.07911480356984,530.7790522479543,557.0744917728387,592.229778532531,642.2256041039302,778.0118407615807
hm102/min_totimb_C3_cold_gain_corr_min_totimb_D2_dr_skew,hm102,2425,0,0,-0.04201149589620223,-0.000555145917164996,0.0,-0.8488079567547444,-0.14843432803981524,-1.0,-1.0,-0.9636363636363636,0.42898923026286556,0.5710107697371345,23.813710801327435,26.840616411157974,25.797734439347536,23.614798844529176,22.758485784562904,18.821393828094834,15.31873161825179,9.780596194968501,1.02995074887637,-10.173019066487308,-0.007492737248897889,-0.005435287687901476,-0.0031686271103521864,-0.0013655483331311623,-0.0003221272867324321,9.496550818709601e-05,-0.0004193338403157403,-0.0021419412955833894,-0.006069403742857026,-0.015136308941453028,492.76158368529747,490.0486947778188,504.08995275020914,517.6039394668592,530.6526648182645,546.3205788284274,563.5286870554683,584.1797018970751,615.9845008493494,728.2973028234826
hm102/min_totimb_C3_cold_gain_mean,hm102,2425,0,0,-0.08504153422176156,-0.0008457637907525291,0.0,-0.9843072268077729,-0.8922980158341244,-1.0,-1.0,-0.9878787878787879,0.42834217118682993,0.5716578288131702,42.06606821840083,42.89107035907912,38.7824694525196,33.60818509153276,28.395980728603405,23.928657582653585,16.29123394310571,5.734947450551545,-12.74527284058261,-61.428140135259355,-0.01302856504553442,-0.012487607220657707,-0.006999716075447408,-0.0029837044603649734,-0.0005650063091617005,0.0001703388245007631,-0.0009083927582249389,-0.0045857959407641785,-0.012265451926314827,-0.03054186951903942,575.1013895658624,448.75082062943505,461.5723448339631,480.5033566544246,504.2843673792535,530.0050341840181,556.3375436831565,590.44758352396,635.4511140416737,726.0550316797753
hm102/min_totimb_C4_hot_cold_std_ratio_trend,hm102,2425,0,0,0.02713192205652354,0.00042248801818930835,0.0,0.619500714418244,-0.2123541836194396,1.0,-0.2123541836194396,0.8666666666666667,0.3843322616851015,0.3843322616851015,11.842361529812107,5.364057233479693,5.157806740304825,7.0632945351402645,9.500647871601455,14.710602521955556,18.69012007783489,21.86051524392188,29.85561625790854,33.60895413371796,0.0032713464979027785,0.002893843466666623,0.002460867481653651,0.0012853070941958665,0.00035393265186310586,-0.00013632306221494363,0.00023262717419708217,0.0015354665384405177,0.005004658453006021,0.009807707742623522,648.3241942821433,558.8514203439778,571.3300673152173,573.6694674693873,574.6542475437146,569.4727359624085,553.4070334780941,536.9108773154538,517.2875952908934,502.8617139248477
hm102/min_totimb_D2_dr_skew_corr_min_totimb_F2_posD_ratio,hm102,2425,0,0,-0.012460125971720314,-0.00018230603902351348,0.0,0.07963974911765558,0.7100342248598958,-0.6314735005067389,-0.6314735005067389,-0.41818181818181815,0.3851354084318217,0.6148645915681782,12.069175049174794,18.573197109682415,19.454678704350307,18.17160775622338,18.352842738255465,16.970545077274117,14.942125901504976,13.480317756556794,12.282827480430853,13.34171575292871,-0.0006576213971975039,-0.0019624482324006975,-0.0014128222782025049,-0.0005632129678975624,-0.00013251831873327643,4.6626476378955425e-05,-0.00014855507543650308,-0.0008032219431679664,-0.0017367779499940356,-0.00490726824604571,538.0937442794797,524.3013507505225,528.2303809074724,536.0356253246596,543.8386809675138,554.7447133623647,562.1469590087013,574.5659445625083,582.0620013180475,666.0139589636523
hm102/min_totimb_E2_dfa_alpha_mean,hm102,2425,0,0,0.07993122017276165,0.0007182398611872933,0.0,1.0000000000000002,1.0,1.0,1.0,1.0,0.5350853056335502,0.5350853056335502,-39.57503765727466,-20.782307880243007,-1.3352646796460799,11.2688083022647,19.079006849568348,27.76136196563924,33.0516379441885,38.46761863199711,43.443074635443665,46.35040678078179,0.02332923362981486,0.012720759470834935,0.005011631311838857,0.0013108503810476642,1.3226986626875422e-05,0.000434239558082771,0.0023757729108514493,0.0058275740200510705,0.01078285690990748,0.017406835132518457,775.3119861301902,633.263489717696,587.3847135902678,558.1799150884115,536.1881423363768,521.1152948215196,503.3519135961536,485.2068085445425,465.49112500146754,435.71963733256194
hm102/min_totimb_E2_dfa_alpha_period_ratio,hm102,2421,4,0,0.020886601510699876,0.000300407811325089,0.0,0.524683228031148,-0.16091623318745227,1.0,-0.16091623318745227,0.8787878787878788,0.4145252611856329,0.4145252611856329,12.966295986584077,5.4167199104583315,5.974778585708643,8.900150893883925,10.873381253198485,14.339826024689453,18.94013759025297,22.55567947656106,29.17447638125035,29.633647864282853,0.002739764258413088,0.0026146691658572876,0.002011967485158625,0.0009594212343682206,0.00020767517625415907,-6.598518161756489e-05,0.00031784268216212533,0.0014745260924107486,0.00399704257278137,0.006329270213586769,662.0788725102393,558.8633734198896,566.5773792203936,564.93524263719,558.999634414656,551.4308603139663,546.6558111181004,535.7099446083271,526.0326942743885,529.2653185093286
hm102/min_totimb_E2_dfa_alpha_std,hm102,2425,0,0,0.08564566797094059,0.0010122137413975502,0.0,1.0,1.0,1.0,1.0,1.0,0.5466547201484311,0.5466547201484311,-50.22615381268052,-16.084961447650254,1.160704606589707,12.863604885785627,19.91791858841438,28.28641471265335,33.506575393477654,39.87558590242952,43.30564249223697,45.13542771648462,0.028598306045917128,0.011886339888927707,0.004637451296410969,0.0011643690819017878,-2.118907611172299e-05,0.00046623385806965,0.0025490561683616597,0.006368343526227809,0.011475522892898292,0.01750902054693968,798.3554526511674,629.5153109664095,582.9651176489722,557.0405034286699,534.0062763538688,517.0346281195627,497.68796479922656,477.7539419983442,457.3573857153108,432.8852850952584
hm102/min_totimb_E2_dfa_alpha_trend,hm102,2425,0,0,0.024724174225150563,0.0002905302905923657,0.0,0.5951239870930645,0.13479122320088052,1.0,0.13479122320088052,0.9272727272727272,0.4444599403803947,0.4444599403803947,9.822985773272547,2.8159535419235655,5.556767301257877,8.258714360166156,12.006242510370607,14.615153069874703,20.71295146091024,23.90323625406342,29.558399538161783,30.42214613977489,0.004099946459353001,0.0034037204275723597,0.002159073402459952,0.001002669376569224,0.0001943662604750073,-3.679571125831353e-05,0.0005959790500129018,0.0017621771012157818,0.00438085448442385,0.006871653083734463,664.0595136431444,564.3493940331751,567.4085370142758,564.953863691357,563.9901846902204,551.9019947573938,542.8771150172046,534.544980602016,522.8987671618552,527.4310466757948
hm102/min_totimb_F1_absD_mean_autocorr1,hm102,2425,0,0,-0.0154032525732786,-0.00033424578512270925,0.0,-0.99272782998826,-0.960216032692865,-1.0,-1.0,-0.9878787878787879,0.352118356078378,0.647881643921622,24.38700968248354,22.80447288527651,22.909163171608697,20.789773430259054,19.33345176920108,18.511112654626498,16.30303096514008,11.501219690229819,5.255503425680338,-4.195644629398854,-0.0019098573554238538,-0.0015319332305816413,-0.001133738904304646,-0.0005764015558465833,-0.00015414285182264258,0.00013962062444796927,0.0002282758948687723,-0.0003839588313821455,-0.001912964293919616,-0.007833906284191491,551.5393855466305,547.4322452159275,547.9383404079377,544.9579438156887,545.2580970653303,544.7668735261798,546.4758862534742,547.6562435732694,555.9270364624977,671.4162009015939
hm102/min_totimb_F1_absD_mean_autocorr1_abs,hm102,2425,0,0,0.0154032525732786,0.0003366770645553122,0.0,0.9977444088584216,1.0,0.9874492421153894,0.9874492421153894,0.9878787878787879,0.647469765522223,0.647469765522223,-4.156963269391597,5.266420700896989,11.506174975818148,16.31011837366015,18.523327354473913,19.31547033649064,20.758247050101797,22.8936402667619,22.86136832696409,24.393554510835674,0.007831719096360148,0.0019088570658522762,0.00038160389315625994,-0.0002275305472610613,-0.00013949739625168176,0.00015411805199418136,0.0005759466748019382,0.0011291232202991141,0.0015456747803307515,0.0019065606694413724,671.1236833718804,555.9869900570624,547.6753209280896,546.4808515915531,544.7957588360523,545.2117832906333,544.9049600683604,547.923846242334,547.5046436245809,551.5314624638825
hm102/min_totimb_F1_absD_mean_curvature,hm102,2425,0,0,-0.032930080790151486,-0.000556882677054647,0.0,-0.7873813517106033,0.4362560502933578,-0.9999999999999998,-0.9999999999999998,-0.8181818181818182,0.3162196033916231,0.6837803966083769,20.30327762610213,26.23125997321708,25.39009015624402,24.958691756815096,23.90447138877822,21.70104901214365,17.99429660712705,14.97175244983418,5.7363359614001865,-23.602398484065674,-0.001180252305771915,-0.004057303319734485,-0.002882744583128777,-0.0016566919136064636,-0.0004600477456003015,0.0003310016488157837,0.00029428389015463913,-0.0007100313664923863,-0.0043486156753826345,-0.017702796742350358,555.4617549543715,522.7453767861997,517.4663373423799,521.6003699094225,528.1113281050788,537.3064683217007,551.3635284263192,570.5650842189522,600.7829451898649,690.6322608955829
hm102/min_totimb_F1_absD_mean_iqr,hm102,2422,3,0,-0.03712863643702503,-0.000173957575537521,0.0,-0.9585439263462441,-0.8186790299532102,-1.0,-1.0,-0.9878787878787879,0.4089529052701055,0.5910470947298945,30.880580717456255,31.943436596393983,26.159082367301973,23.129418515964907,21.282818034802744,17.08155657772576,12.140718901107546,8.83744325080722,-0.5122269012595392,-18.26995176404209,-0.005503525266176943,-0.005595721865046794,-0.0025688152901260667,-0.0011326276953951863,-0.0003120331669841117,0.00017682600332939271,-0.0001453866274060464,-0.0015207603613505976,-0.005631999426567506,-0.014720635165763721,614.3311500144501,520.89375394646,527.8115071872021,532.6431104286744,536.4852047854134,535.773509428572,539.4617431022144,553.646002947736,575.6523377554095,629.4148361719247
hm102/min_totimb_F1_absD_mean_period_diff,hm102,2425,0,0,0.02896065400235051,1.9641294425950716e-05,0.0,0.2404383082148899,1.0,-0.875894555634813,-0.875894555634813,0.44242424242424244,0.7870108885244419,0.7870108885244419,-20.623769436863217,3.1418558843622586,14.122789613569598,21.888567855746494,25.559530554027347,28.695804411760015,30.295460611746766,30.7781341268006,24.491651789814835,-0.6969634844446381,0.017676018201552037,0.005328513701876228,0.0008132346450675506,-0.0006088088952316018,-0.0004320655272033516,0.0006185314148907977,0.0022915408615521104,0.004224211189166765,0.004259275553486565,-0.005229438437232555,702.8781892690246,601.711341596118,566.7682542744845,550.1795450899317,536.3366852683786,526.2202606315043,517.5688912004786,509.080697589742,508.044721275702,546.0965713539185
hm102/min_totimb_F1_absD_mean_period_ratio,hm102,2421,4,0,0.018469793134662234,0.0002061830196649602,0.0,0.1527932305949483,1.0000000000000002,-0.927006791095788,-0.927006791095788,0.3696969696969697,0.8001524273203429,0.8001524273203429,-3.660143199549674,10.822380998000016,17.09550166088042,20.936071410410065,20.98346403099786,22.800367374529053,23.55806646521215,23.204197413214224,19.466662868001688,3.5549550076861505,0.012536213260000498,0.002661313171802639,0.0002373864640597648,-0.0005506540312492452,-0.0002705868994661954,0.00039462846750044385,0.0013443237648635231,0.0025526012897685267,0.0026900934980950645,-0.0033317088703777122,723.6282667564845,585.7240538028315,563.5064101989512,549.0599627975847,536.7603662125136,527.923423835638,523.4022841935683,515.9649089026487,514.9236239621554,540.9389719382694
hm102/min_totimb_F1_absD_mean_quad_coef,hm102,2425,0,0,-0.03291621125753476,-0.0005487104673887045,0.0,-0.7875739375617566,0.44258413802202967,-1.0000000000000002,-1.0000000000000002,-0.8181818181818182,0.31623872005778947,0.6837612799422107,20.30266729937883,26.223999836920218,25.403886803255144,24.96407441502165,23.935991398814522,21.710587058996143,17.903792706972222,15.027587892443194,5.720380812405219,-23.60425380696885,-0.0011752613682568399,-0.004062883345674979,-0.0028802981801755224,-0.0016557988564570077,-0.0004616152707809153,0.00032956422504428347,0.000291946747525478,-0.0007061936312264285,-0.00435089099968517,-0.017696070110458907,555.5208219504286,522.6528292127182,517.6171240786575,521.6058074177957,528.0720508042795,537.4575364632051,551.123760595438,570.6705178066635,600.7452610542881,690.5903130263928
hm102/min_totimb_F2_posD_ratio_period_ratio,hm102,2421,4,0,-0.00979689884129957,0.0003732930501843802,0.0,-0.5656178972004121,-1.0,0.09183451567373396,-1.0,-0.806060606060606,0.7255102922692956,0.27448970773070425,25.943555296454296,25.128631171453254,19.398050772845878,15.947157678567253,13.548694857942191,13.074385448109684,10.825505527088866,11.319375256929625,9.707314499096245,13.855229079379448,-0.003525910686851939,-0.003368566146891186,-0.000732157961549485,0.00010981892290812343,0.00013823698075913858,-0.00020285545011893935,-0.0008074172684188345,-0.0013119766119575182,-0.001849993918277321,0.0013806302489140037,647.0827118790469,530.8126245597315,547.311028322138,554.5698786022657,557.6505452928571,562.1940064111805,559.4452800501379,557.4274373584674,550.6682942441987,537.6392324287847
hm102/min_totimb_F3_D_std_period_ratio,hm102,2421,4,0,0.01808493855969296,0.00015364651566058233,0.0,0.16275237079972615,1.0000000000000002,-0.9618565095740771,-0.9618565095740771,0.3696969696969697,0.7926219563551947,0.7926219563551947,-3.241452273680084,11.067532380836013,17.183859528598152,20.102978495123683,21.364115008910122,22.68691681396602,23.055061091602997,22.865655574702558,19.558295609822014,4.120080588253195,0.01214353310213152,0.0025763175301987506,0.0002091549237366339,-0.00043902573101834477,-0.00027724404513130896,0.0003813722068987525,0.0012824738986282002,0.0024236654478076458,0.0026415111387280963,-0.003010466427947607,720.080747690812,585.2408417939571,563.5825514104296,550.0141863935352,538.4533326013033,529.5710803425976,523.9829915311562,516.9713275538046,516.1495990635563,539.547022651099
hm102/min_totimb_F3_D_std_quad_coef,hm102,2425,0,0,-0.0326060089669705,-0.0004974423087654406,0.0,-0.8146621235129887,0.3425984032537895,-1.0,-1.0,-0.8181818181818182,0.3184863033490697,0.6815136966509302,20.79939191398923,25.841231477361898,25.772418859852912,24.57153923991464,23.372501161977432,21.885927130852313,17.90946841585057,14.897904568002064,6.061940006808246,-23.52393586943695,-0.0014128243745673476,-0.0038832333798940804,-0.0028922521920379473,-0.0016017280267692923,-0.0004361007275402753,0.00033700465953668965,0.00030319821219135647,-0.0006851664769791845,-0.004293528823343545,-0.017543935528801492,555.8507951218439,523.8135568468047,519.1545794548231,521.82023539287,527.881487900291,537.5607550902557,550.9711977963887,569.3476285347958,601.0446122220654,689.6202490238117
hm102/min_totimb_F7_absD_tau_slope_mean,hm102,2425,0,0,-0.02824225788198278,-0.0003597979253725378,0.0,-0.8989496233246661,-0.3633595467102503,-1.0,-1.0,-0.9636363636363636,0.33908469195482954,0.6609153080451704,25.091027713004014,27.602950925495858,26.758918066814875,24.89198812471712,22.223690976403052,19.86266384665362,16.46546901124667,11.832950303743194,2.45363425169522,-19.60138215193077,-0.002853542638871719,-0.003038963005033913,-0.0021104274967906895,-0.0011002697858817343,-0.0003513124187520143,0.0002860219182055901,0.00040166199122137314,-0.0005754555916879111,-0.004327342793404354,-0.01421283013561492,570.9662426125327,544.9247316600455,543.2273097895958,543.8143146438414,536.2922827683991,532.0560176597495,535.3813510415113,545.8088683375364,573.4843765223546,635.8489264849951
hm102/totimb_fullday_mid60_B4_dr_std,hm102,2425,0,0,0.05019672565244168,0.0001903037336110918,0.0,1.0,1.0,1.0,1.0,1.0,0.44670794025272775,0.44670794025272775,-10.245449977010292,-0.06995164371572447,2.504380098250734,6.110886868440821,8.7011879881942,15.05905436807445,24.609478803973055,31.66357553924504,39.247575590460436,40.08120633541734,0.009986362329928857,0.0059227802060560185,0.0039518348944178085,0.0019803038580694593,0.0004969844462974535,-0.00013196025051204365,0.0011249118300622634,0.004388047846518696,0.009741438193971266,0.012545718564020644,635.082995154491,604.1896796540148,595.0100452601157,582.9814976890981,564.2013470871827,543.3897926378805,518.8918845954726,495.5031706238644,474.7210479519243,548.4715288221705
hm102/totimb_fullday_top20_B1_decline_count,hm102,2425,0,0,-0.014913358794333274,-0.00010325077871767121,0.0,-1.0,-1.0,-1.0,-1.0,-1.0,0.4524370292131749,0.547562970786825,24.64952459128559,20.119943440708745,19.478664886075936,18.890487209334022,17.18847018210292,16.52707247670157,14.724373749533463,12.12031090184342,10.55631258087312,3.4950672273666834,-0.003207570656995189,-0.0018927115476789832,-0.0010300568557577276,-0.0005048285443174075,-6.54736681620355e-05,1.9252798613490952e-05,-0.0002134850785153692,-0.0008753521779225883,-0.0018325040384839625,-0.005207378246395809,581.9863275452133,535.0771198227775,541.9705498777109,545.7725935683131,552.2968785739627,556.6822694121846,561.09386234486,567.9819380796863,577.5077969918268,597.8299465634683
hm102/totimb_mid3h_all_C4_hot_cold_std_ratio,hm102,2425,0,0,-0.03140872752859706,-0.00018971952485217838,0.0,-0.6762050312378484,0.26690592741660224,-1.0,-1.0,-0.8303030303030303,0.37833481333006325,0.6216651866699368,20.10179754669356,26.217969388558597,26.27905358224376,26.947057823240602,22.986053595989038,19.31657077769159,14.054919719379633,8.553290777477889,1.5523371546886855,-8.489131193362583,-0.0017241092870044507,-0.0043811430751778836,-0.003434038341407374,-0.0018888995507655188,-0.0003830473110913782,0.00014730543724383584,-0.0004661774928547728,-0.0023267485547573672,-0.005771355639620101,-0.010990794188309965,611.6124295375196,539.5803937431027,523.6173484263711,525.0803539955754,531.9321393817876,543.7444512867687,554.5302698100954,566.6314304904961,577.0009701731253,579.2602885332493
hm102/totimb_mid3h_mid60_C4_hot_cold_std_ratio,hm102,2425,0,0,-0.03503504187143208,-0.0002219810480011796,0.0,-0.8584081990636762,-0.34978574817860686,-1.0,-1.0,-0.9272727272727272,0.4212127769955178,0.5787872230044822,25.062413766178175,27.931359709831753,26.953963110268358,25.10424685361042,21.9756884273417,18.595365040920832,13.487365219942255,7.740840086187821,0.4545171994673405,-9.723876180232427,-0.004520086215023578,-0.005080098243317175,-0.003234914191538993,-0.001518017320377961,-0.0003105900548934908,8.199591607327182e-05,-0.0005501232923538198,-0.0024633070924358377,-0.005876900320716727,-0.011341020008846587,580.5125333109297,530.6044319541544,528.5124807954302,532.2113769656673,539.8402460599331,549.7415025763538,559.9621738324279,570.6485852125227,579.8904364568397,585.3117566418696
hm102/totimb_mid3h_mid60_D2_dr_skew,hm102,2425,0,0,-0.020357353333687066,-1.656945776094593e-05,0.0,-1.0,-1.0,-1.0,-1.0,-1.0,0.5134012807545814,0.4865987192454184,26.568965390211787,24.24599796009069,22.830808128288957,20.86832585530949,17.667408199521542,14.562020322523692,12.321924682408541,9.336174505654915,4.592255980900807,4.3963256953823695,-0.0046045072613560886,-0.0033444409896155667,-0.001749688157384111,-0.0006886633642258691,-5.568472087099664e-05,-0.00010156442296362935,-0.0006953225398096172,-0.0018381450215287163,-0.003718990569030125,-0.0035437768291414432,584.2039649630182,548.311432731856,549.3372844957291,551.2752359659016,554.8103844470435,559.6598961138635,561.0126141121925,562.6965920508392,555.2090796859484,539.5006905522481
hm103/SEG1_T180_BIN16_S3_TAU050_EARLY_INFO_SHARE16_RAW,hm103,1650,775,0,0.03508443340645599,0.00036192856281038317,0.0,0.36056299950916926,-0.05105317912554811,1.0,-0.05105317912554811,0.8666666666666667,0.3765617431099401,0.3765617431099401,19.37585457926271,0.23837882352208623,-5.387418616060097,7.152857374677499,16.970184062709933,23.150609517570224,30.363535708242125,35.27517528581841,41.54678759910299,47.30267162024387,0.0010606426261461938,0.003552425271344865,0.005560987521346014,0.002521410569508322,0.00037970096072114013,-6.566908219318315e-05,0.0008375727523593126,0.002826644012429126,0.006598947651956478,0.011449842560027353,595.5208962157482,599.6153397234482,628.3009125966515,594.6265068267945,569.7267011700567,552.6428187889713,541.4312372572332,527.2332122098953,514.1675721229915,516.8937542865825
hm103/SEG1_T180_BIN16_S3_TAU050_K16_TAIL05_ENTROPY_RAW,hm103,1328,1097,0,-0.035671333060053684,-0.00023953276016852707,0.0,-0.9669426150756181,-0.9935770635342126,-0.9289492129418379,-0.9935770635342126,-0.9757575757575757,0.5248504234763616,0.47514957652363854,32.19424462907871,26.306728091346102,12.623258591957697,10.259768613463304,10.330437437074705,8.885373548294739,4.345022144229614,-3.4451703030738763,-7.2054894401598055,-6.612799662687049,-0.012336967620525253,-0.004572357469407163,-0.0012735501290090862,-0.00034300494073848266,-7.051523224459375e-05,-9.350759836282202e-07,-0.0008212236495904416,-0.0030835642920528303,-0.005724382311500911,-0.007205299578832733,520.4841244782542,507.13793750020113,513.1142652649614,519.2593116006116,525.639580135202,537.1297010731541,553.3950465371329,566.9746909709298,575.7265816223719,597.5099562337339
hm103/SEG1_T180_BIN16_TARGET_KURT_RAW,hm103,1568,857,0,0.037336583494109676,0.000378197801319396,0.0,0.5247072825334773,0.06868568188076932,0.8738305441484512,0.06868568188076932,0.8787878787878788,0.43926403001652387,0.43926403001652387,8.88113237078063,1.56741463394625,-1.5102260882677518,4.2919681758649055,10.413885658346564,16.616264874034787,25.0233637532799,34.93577474367411,33.62964274038805,34.7084097827687,0.003448964630702093,0.005552123200018645,0.004779181750609602,0.0021137502928236553,0.00034046956816610367,-7.841449108592834e-05,0.0017749486176767823,0.003986493349322785,0.006352986669903793,0.008687882104652754,585.3265313170137,581.920597818363,585.7461920213559,574.9503449093913,557.2599309982882,540.5504796188667,535.0720462049416,522.6466099732959,514.6204163515768,544.0825731343172
hm103/SEG1_T180_LOGVOL_S1_VOTE_B2_CORR_RAW,hm103,1315,1110,0,0.04905339205779465,1.0841327304374266e-05,0.0,1.0,1.0,1.0,1.0,1.0,0.5042300036812573,0.5042300036812573,-21.457927129178294,-19.954980087623483,-5.573388595567945,1.7002076521717273,6.910640867753437,12.69549951367734,17.074536448329322,20.874981868686785,30.41933838411428,33.75516235412602,0.0108354598034505,0.009185902239751725,0.0035390102786026006,0.0010706381603409348,9.771505322758828e-05,0.00018759847053770535,0.0012977593112973277,0.0031685292981316125,0.0061246207992160335,0.013535317315934232,622.8485531221602,606.6179236041675,575.2150428168476,548.1001345380471,528.2428024183054,515.8898663762479,504.64231085947534,491.6855978581694,483.8716710280278,509.45114533763734
hm103/SEG1_T180_LOGVOL_TARGET_MAX_SHARE_RAW,hm103,2425,0,0,0.059164925212313035,0.0008007798778101169,0.0,0.9052198604249705,1.0,0.2893647254639826,0.2893647254639826,0.9636363636363636,0.605388729918649,0.605388729918649,-46.30039369565134,-8.05692289686028,6.64143028016564,14.724199698233782,21.462795512602284,28.028247332013457,30.983141432763496,34.006406842983864,35.402886207905254,31.33834308936486,0.023779656181193733,0.008673387606105074,0.002804734275588819,0.00033480499395641627,-0.00025958724000181473,0.0006016700746027796,0.002443652350711112,0.004866740967281502,0.007212361365384528,0.007906724759680872,706.5358861555166,620.918778497928,582.4651737944705,556.83961170878,540.0825710710401,528.7340340390864,520.5461135368103,515.2586436712126,516.3001707006626,524.2117415947008
hm103/SEG1_T180_LOGVOL_TARGET_SKEW_RAW,hm103,1570,855,0,0.029337405892566528,0.00030126576111216624,0.0,0.25971378463567923,-0.20359255153306502,0.5197945110222814,-0.20359255153306502,0.6363636363636364,0.3998394165358216,0.3998394165358216,16.023663047658797,1.9929243539100296,-5.809324131105232,-8.231103659910872,7.818079132165967,18.607937316144444,8.743246586452779,15.24877298458261,28.312461595599085,39.96384520108755,-0.0006956293925666572,0.004317563007860226,0.005077311909660481,0.002795557996064389,0.00011498980759462759,0.00036860383607240213,-0.000592519672113374,0.0004454784238693644,0.0047686678371908564,0.01243611637782205,588.0388018493759,576.071959857404,579.6696184552121,575.9800604477983,549.3717309948121,552.4341249562885,559.189012725441,552.0284332851226,528.8982261579556,488.5138074141478
hm103/SEG1_T180_TOP10_TARGET_UNIQUE_RATIO_RAW,hm103,2425,0,0,0.05836532997633634,0.0008670869068797822,0.0,1.0,0.9999999999999999,1.0,0.9999999999999999,1.0,0.5982588455132843,0.5982588455132843,-54.65367713304413,-16.35057825364946,-1.2951922735189447,7.222460173324737,13.015156468933885,19.43109713170208,21.453355890198004,25.77442328317766,27.156749286185285,27.7177851809024,0.0233595577474253,0.008379739846688043,0.0027024520186448102,0.00019601026657902395,-0.00023892736156189937,0.0005642302524995573,0.0021839533537867544,0.004452031862755863,0.006604993192664074,0.009294201889975017,719.8742885086024,630.3039493971365,594.8413867515965,566.0084855843784,552.2189842880315,542.3166333927521,536.4690240679822,538.4129628744191,540.1662459736378,540.4318064768214
hm103/SEG2_T180_BIN16_S3_TAU050_K32_TAIL05_ENTROPY_RAW,hm103,1122,1303,0,-0.03896218355318877,-0.00024604656000168704,0.0,-0.9705334049709331,-0.9423794802093286,-1.0,-1.0,-0.9878787878787879,0.5393689028758515,0.46063109712414857,17.894312111308846,15.881779201649987,2.6956028689096803,-4.299172286018478,-3.640804485097136,-9.084093029921437,-12.408056248712422,-15.396957956276902,-25.017040970392383,-25.47465827166997,-0.01316548047476568,-0.005649025345995346,-0.0019790634305816945,-6.663887409497962e-05,-2.207220816881294e-05,-0.00019442745013896663,-0.0009521432645377632,-0.002375312184777688,-0.005956207332891729,-0.00835576642723448,522.5322181603835,495.40898045493236,513.5433932224872,534.3468676536423,545.5364903568818,555.1769208480683,563.9932755961551,573.5994520859259,580.9088469277184,589.6474053439435
hm103/SEG2_T180_BIN16_TARGET_TOP10_SHARE_RAW,hm103,1142,1283,0,0.021906845261487624,0.00033374128303723593,0.0,0.33976931590968384,-0.8204392678592329,1.0,-0.8204392678592329,0.4666666666666667,0.14003906775001976,0.14003906775001976,0.34058190621095613,-6.6412323268594,-19.95574074929217,-21.814829007410346,-19.629509302014384,-14.70974242304742,-10.265450606819849,-0.13384712463727894,12.934310316749668,23.14391107953153,-0.005927744194209142,0.002441697482010118,0.0034986506225573,0.0023319136793300606,0.000676559779928097,-0.00045578921557773964,-0.00069378348126242,0.0012205396029191754,0.005601850298653966,0.012879209404100965,558.9665448863011,573.1573591627781,574.5575776026859,567.3433704992983,560.6328111982242,556.2499007936345,545.4178355306739,529.1862830756911,512.8170895412508,482.2167300986079
hm103/SEG2_T180_LOGVOL_TARGET_GINI_RAW,hm103,2425,0,0,-0.04356380741001722,-2.177890623804261e-05,0.0,-0.5865208168140315,-0.7411529144713433,-0.45999609593150637,-0.7411529144713433,-0.9515151515151515,0.4698941564230929,0.5301058435769072,29.848317992894582,31.94998293725795,28.392336003739512,23.971821884364864,17.81298759250869,12.61722241903787,4.207231564861442,-8.130938503284252,-14.265451866883305,-4.322446466627652,-0.0075378922549550805,-0.0067182553586203056,-0.00410893232668964,-0.0018152395438981782,-0.0002798252685703772,1.0457785780778924e-05,-0.0012226184752093085,-0.004603322188037249,-0.008878263156138495,-0.008388137717441324,553.5533255582045,536.7176495575314,546.6865098454616,541.9257558744998,550.4136724785551,560.5266719903788,581.245905099444,601.5971807587509,624.5021450228957,620.520041708677
hm103/SEG2_T180_LOGVOL_TARGET_KURT_RAW,hm103,1355,1070,0,0.016543632608595822,0.00021315473828617047,0.0,0.23527087991560633,0.5202941674015422,-0.011183693515469365,-0.011183693515469365,0.793939393939394,0.5320528487283103,0.5320528487283103,4.106995657938328,2.468083172584798,2.9070204101532284,5.202941073089569,7.66216029870175,11.154869438278322,20.42003578803622,18.926464321031908,12.673355484584574,10.945287981852061,0.0025312079125564013,0.0030886087498502588,0.0019281203506354555,0.0009144866918500207,0.00022625356710076778,0.00015778024689074515,0.0021488179298464376,0.002593725782977633,0.001236263660345076,0.001505212978256904,580.4586109761038,579.9237593207589,568.7561265437774,558.6775125857383,548.8794613195736,536.4984259759034,532.3494365377815,546.3307157721372,557.7392398837903,583.9239094703561
hm103/SEG3_T180_BIN16_S2_PRICE_T2_GLOBAL_D4_FINAL_CORR_RAW,hm103,2425,0,0,0.0671128100896788,0.0010913069892079452,0.0,0.9999999999999997,0.9999999999999999,1.0,0.9999999999999999,1.0,0.5899559531523727,0.5899559531523727,-53.492741483311555,-11.605988358119935,6.551076026450757,15.519692584858923,21.781300924198487,26.84276395734794,30.470257197821876,34.773603209194924,37.298668078272996,39.22913367032723,0.02680704511602896,0.009468059259752802,0.002725171938367622,0.00022216784779626679,-0.0002726653717550261,0.0005489583604091082,0.002282460650044956,0.004817280091423498,0.007880613215233628,0.011542411993169067,721.0649209820687,629.8111758263148,591.9896833130093,564.0872994495757,544.7177970054228,530.4221109593038,519.6590689230654,513.6512526724711,508.4409212409934,501.119479993462
hm103/SEG3_T180_BIN16_S2_SIDE_EXACT_GLOBAL_GAIN_RAW,hm103,2425,0,0,0.024715676102750068,0.0002029231847850039,0.0,0.8443358298265194,0.6352567208334573,1.0,0.6352567208334573,0.9878787878787879,0.46710772259382133,0.46710772259382133,4.797928527353365,2.4193535190161017,5.249308338996996,9.40068591247695,13.083239574100928,15.963603139132394,18.02177791930027,22.132436745268798,25.749780464447927,30.601118834164343,0.004856129749875718,0.0036192085699604465,0.0020525122102354925,0.0008203358037588977,0.00010190985618517033,4.0129337887786e-05,0.00042330845125436835,0.0016116481767355282,0.003685951838924576,0.0073016189231471145,657.7203770793611,597.3074426353052,586.4287201159295,576.2828334551765,566.5697112463757,557.5477164679035,548.555370401213,540.0630821126573,528.7141890115787,516.7298277030079
hm103/SEG3_T180_BIN16_S3_TAU050_DISAGREEMENT_GAIN_MEAN_RAW,hm103,2425,0,0,0.038931776799906614,9.030964415773585e-05,0.0,0.8143837355280227,0.7559936155983004,0.9270907186231248,0.7559936155983004,0.9757575757575757,0.5458065625641783,0.5458065625641783,-8.646200757741335,-12.786885474971978,2.203262195274937,9.482779095874777,17.01158043603644,21.98472824524545,27.064018831859453,29.2138916603305,31.034944452446744,30.692539835167572,0.008280203456847561,0.008689478558565876,0.003368533158408039,0.0009071212937056766,-4.5408794298438806e-05,0.00031230191625286315,0.0016614502911604804,0.0035379950265560173,0.0054592002663857745,0.006670591982165011,622.2459210318638,639.4129451545948,604.1194790617214,574.0383469375471,554.6963701897047,539.3426789616722,529.1064368142298,523.3996039981922,524.8173569967764,534.1374954074564
hm103/SEG3_T180_BIN16_S3_TAU050_K32_TAIL20_ENTROPY_RAW,hm103,2425,0,0,-0.03108010641030593,-0.00029218105588359254,0.0,-0.9999999999999999,-1.0,-1.0,-1.0,-1.0,0.5204946509739181,0.47950534902608194,33.159833929737694,28.577551631466925,24.86841286505451,21.156973517098063,17.79524444834325,12.38210173711858,8.448062522981312,3.754058729703629,-0.2338617293617825,-2.7437909631959987,-0.008350033855554932,-0.004495257260210517,-0.0022895222859118883,-0.0008184783843673515,-7.165867551638088e-05,-0.00013163734088492672,-0.0010156454232035693,-0.002767469542820868,-0.004574792418025453,-0.006273430167926398,525.517818334645,532.1841045929384,539.6561130732474,551.8452041995854,562.330237695995,570.5299545192404,582.6946206495444,598.3276244765517,603.7167213289638,609.6172818446771
hm103/SEG3_T180_BIN16_S3_TAU050_K8_TAIL20_ENTROPY_RAW,hm103,2425,0,0,-0.018115919474854223,-0.00011071556604719712,0.0,-0.8912543406287533,-1.0,0.2048630735179931,-1.0,-0.806060606060606,0.6849507622633376,0.31504923773666227,33.68381026995105,25.14227096337345,19.073905831852166,12.985049566660233,10.997684496918346,8.283039859567367,8.638586605822805,9.801171532921233,9.769971250539477,8.79929623333139,-0.00874185148089697,-0.0033880655810363566,-0.0008239522985441028,0.000389698407594903,0.00023149281083830936,-0.00030988634188013433,-0.0008593716521192722,-0.0013027029947604866,-0.0014830960574396504,-0.0017174687205632898,517.4157128075758,536.1100617185117,555.7449218638776,574.4141976453907,582.2638098868039,584.0960922897164,584.8558357080984,586.2966037887065,582.1510833028066,579.1543453750525
hm103/SEG3_T180_BIN16_S3_TAU050_QUERY_INFO_GAIN_MAX_RAW,hm103,2425,0,0,0.05472825883132339,0.0007613237570397419,0.0,1.0000000000000002,1.0,1.0,1.0,1.0,0.5737509916826419,0.5737509916826419,-41.112017066307736,-6.851452553984414,4.928121286279492,14.244609332875555,20.585702570260185,24.86000774298366,28.466794587714645,31.331360520948557,34.04689809249907,36.79559427357402,0.020423251246522316,0.0075336419113355545,0.002706265192280668,0.00045992175098396004,-0.00015949758417942237,0.00041538897523763694,0.0017686598410750042,0.003942155701945916,0.006766117958915772,0.010111030080166401,684.4169480527381,620.2574572347658,590.8500616629594,572.4459603530519,556.7046588420776,542.5775882994071,533.6834668742713,519.8246151151853,513.2913544311093,507.1327020021923
hm103/SEG3_T180_BIN16_S3_TAU050_QUERY_INFO_GAIN_MEAN_RAW,hm103,2425,0,0,0.03977236583159489,0.000651831934765864,0.0,1.0,1.0,1.0,1.0,1.0,0.5646451053627424,0.5646451053627424,-27.68697696152679,-0.20465573733595654,8.300843032211004,13.06385469690947,18.81328603277642,21.877408831118398,24.00851071555444,25.924610387080318,29.585346486735993,33.59327165211988,0.015040674240074211,0.005027678542890149,0.00177728792381039,0.00035114140835985593,-0.00010756413111278894,0.0002594165049001614,0.0011519885178514898,0.002493112006644325,0.004904481644244131,0.008222317239167196,656.0514595684455,604.8972345831638,583.8756526062621,571.3571219246855,562.0866568737389,554.7170519608762,545.9188044992308,537.350944331421,528.5910298312925,517.8834686225158
hm103/SEG3_T180_BIN16_TARGET_MAX_SHARE_RAW,hm103,2425,0,0,0.07335574737493399,0.0009916174733071836,0.0,1.0,1.0,1.0,1.0,1.0,0.5758218440342827,0.5758218440342827,-56.55858097556064,-12.594737425798384,2.7680605246095795,13.50533340101238,23.4808791886262,26.717079189537948,31.29029071845674,35.936259202495904,39.53274277863367,43.262881719941724,0.027362386961006492,0.010427520523418688,0.003589310788437481,0.0005551315465393401,-0.00026550309751081295,0.0005355633909001263,0.0023571244217832584,0.005337292050736077,0.009005542576109953,0.013459760740206314,713.5389082289767,626.9159806450745,582.9201903589352,559.4197928328111,548.6671419741922,534.7244403305509,527.2548372852224,517.3153514914793,505.51263502352265,499.35543291189094
hm103/SEG3_T180_BIN16_TARGET_UNIQUE_RATIO_RAW,hm103,2425,0,0,0.061989645959653214,0.0008525699234487637,0.0,0.8955049929857686,1.0,0.12316825313028257,0.12316825313028257,0.9272727272727272,0.6214674432925672,0.6214674432925672,-52.08240417008579,-10.365264072407255,4.89582775447353,16.509926195497563,23.743472455756766,29.525560625019388,33.05652096453272,35.357870930928264,35.72619631668166,30.885501959384605,0.025586460638966236,0.009473738135677633,0.0031288109526428944,0.00014529958889156352,-0.0003396069815750984,0.0006862253160207657,0.0028334293819065118,0.005453041820262456,0.007532058858044995,0.006637618325366439,711.7448262460044,628.6469180132342,586.9374465717469,557.5077146094961,535.1791774334257,518.3236267926774,506.1378362718371,500.91146067108855,516.6549032326578,542.6956078856474
hm103/SEG3_T180_BIN16_X_S2_SHARE_12_RAW,hm103,2425,0,0,-0.026011484620097215,-0.00030065870044923256,0.0,-1.0,-1.0,-1.0,-1.0,-1.0,0.520368939944262,0.47963106005573797,30.25334037238383,24.966181415823435,20.598285055801888,18.92125938426946,16.928148257244082,11.97752911496829,10.312012666474685,7.343430813943001,4.5789594501315785,1.3009354261944837,-0.007756406207236091,-0.0035983182838102623,-0.0014838932293343079,-0.0004835359466009517,-5.696156191707864e-05,-0.00011572765732924315,-0.0006582662751550171,-0.0018378759336102105,-0.0034492144150044036,-0.006270626409650443,517.3816972504276,538.5797331858257,545.9645865015941,559.5160362159679,564.1638745034516,569.7681813493243,578.9351080963631,587.6518677863762,595.4778965015397,625.4229872937404
hm103/SEG3_T180_LOGVOL_S2_BOOK_K10_GLOBAL_D4_NORM_GAIN_RAW,hm103,2425,0,0,0.02649275830740378,0.00011331798025190668,0.0,0.3497120589990727,-0.17745372832981984,1.0,-0.17745372832981984,0.8181818181818182,0.38906633222898374,0.38906633222898374,15.120175063099316,-2.5241926339231284,0.1387096647141814,4.852524934605994,9.801819434296515,14.352265553856986,19.679693399472313,23.126487926502065,27.902734709660102,34.09776258399,-2.694600806377093e-05,0.0051374815822040005,0.0034203981020184677,0.0014413915780687107,0.0002910268401108826,-4.195107074513475e-05,0.0005344487422790911,0.0019177510738370024,0.0046656709117303685,0.009040168575712182,603.5217012623998,624.2714951486071,609.9535096664853,592.3896559497284,577.6684944005195,560.6670806858037,549.16596295668,534.8388663334919,518.4627196833769,504.4692147114872
hm103/SEG3_T180_LOGVOL_TARGET_GINI_RAW,hm103,2425,0,0,0.04378841772217254,0.0003837089305371541,0.0,0.6864262213349566,-0.06770090212768996,0.9999999999999999,-0.06770090212768996,0.8666666666666667,0.3791755262977869,0.3791755262977869,3.512234074570811,-4.840077770031005,-6.986398419156418,-4.128660844311326,2.1808370709417746,11.507739207636924,23.143536722734652,32.72470733648628,40.66680127673344,49.476132347784066,0.0035493878655291147,0.005304967358472351,0.004495826369012106,0.0025059918787374933,0.0006018298281194567,-0.00023339393002726956,0.0007326326023926772,0.003379825713509676,0.00761734850219622,0.015450292603693542,565.9513904968292,569.6407163498011,586.7686647288538,598.0435791578734,597.4874640029334,587.7305001156444,571.0920511966434,553.0782506748984,529.1515229324096,488.4674641431287
hm103/SEG3_T180_LOGVOL_TARGET_MEDIAN_RAW,hm103,1868,557,0,-0.01973900479745445,-0.00010120091499289962,0.0,-0.5340026220452689,0.1534568325074378,-0.6554098594322816,-0.6554098594322816,-0.806060606060606,0.4223826893679771,0.5776173106320228,25.856966187374287,25.39419743363271,29.610452559888774,27.51641395233663,26.97883419055217,20.442103269829115,17.84334624201707,13.123094895979516,6.945517705168898,9.75496715384228,-0.0038558487493742734,-0.000853156248086603,-0.0024911047234343793,-0.0008400603622024656,-0.0002544983340573052,-6.898860846463414e-05,-0.00020851485063077242,-0.0010857725252900708,-0.0041956971264266296,-0.005784162354494448,581.6786437716008,592.2914424012445,577.4036788826609,571.2147912640551,558.8566641339639,561.364189411646,555.4823964304311,562.7649998824074,575.9703397581025,596.115736747136
hm103/SEG3_T180_LOGVOL_TARGET_SKEW_RAW,hm103,2425,0,0,-0.0034033045072094192,-2.060352599804219e-05,0.0,-0.031139145839866836,-1.0,1.0,-1.0,-0.1393939393939394,2.618896713583827,-1.618896713583827,32.04239252510289,23.104930945525883,15.292491907599615,6.879601242043914,1.4250351235783503,1.8075176040996241,5.077919202140014,11.236354917814946,20.14482837540195,30.193178747885945,-0.0082882316081987,-0.0025480485906636315,0.00020648866484059613,0.0011772133510362397,0.0005936337002542441,-0.0005839982208366137,-0.0013822915398519556,-0.0009856244584177567,0.0014926831801114647,0.00693547454051474,526.9157165838132,547.6163624324641,569.0971358676372,581.9489160458612,593.2417697758509,596.5309247772091,589.6034754475083,578.2496749050669,558.5409746518113,534.934930811765
hm103/SEG3_T180_LOGVOL_TARGET_STD_RAW,hm103,2425,0,0,0.035044096308311894,0.00038577086609200726,0.0,0.7653699479253904,-0.08192055560854294,1.0,-0.08192055560854294,0.8424242424242424,0.3844025372686356,0.3844025372686356,4.368093204680219,0.2723877704262137,-1.7538447580924352,-0.45225875779758007,3.441014859210974,13.575274298565704,19.788345835279507,27.66258301078458,36.03520673764152,44.30796704726731,0.0035413153250849726,0.0040747061487508215,0.0033300035285354274,0.0019164255185269746,0.0004602977165732639,-0.0001423765886752667,0.0004091122269206806,0.0024057662630200148,0.0061237212533888615,0.01253935405009421,578.4487316780136,576.7051791295653,580.0323988047269,583.7876218834253,577.5954646409458,577.6409455142929,565.7356809293857,553.1832027791321,537.5433315243251,501.584217010126
hm103/SEG3_T180_LOGVOL_TARGET_UNIQUE_COUNT_RAW,hm103,2425,0,0,-0.03685385018740651,-0.0004483631460481133,0.0,-0.71093505302543,0.3261637657710179,-1.0,-1.0,-0.8181818181818182,0.34334134857947207,0.6566586514205278,19.26174238374383,27.678109357781178,27.490301538613387,26.80017873092542,23.401674445251885,20.544755519849165,14.76770900189542,9.667603121975567,-0.2696803097075578,-22.137191410156152,-0.002232812894511612,-0.004675667518832715,-0.003248717255489074,-0.0018278105152894698,-0.0005145008323496095,0.0003203720214360869,5.253104587463397e-05,-0.0016468946916175147,-0.005950431168780118,-0.016681555231798983,560.7904080932761,538.3006121385137,534.280602503974,535.5985171244615,534.9710325160122,542.478275705876,556.0820264818259,575.0065999458349,600.3780341144724,653.9618909084999
hm103/SEG3_T180_LOGVOL_TARGET_UNIQUE_RATIO_RAW,hm103,2425,0,0,0.04415749654306107,0.000684958261786408,0.0,0.8244755028675483,1.0,-0.33386670689043785,-0.33386670689043785,0.8424242424242424,0.6693969852688153,0.6693969852688153,-39.67786111013579,-5.287530172318051,9.203655783832565,17.972117374683442,23.609111643126063,27.78022402547479,29.97351615579027,31.18482335133208,28.1902996144809,24.367446501927645,0.02080359947693506,0.007106584441040345,0.0017720516844518385,-0.00020185745063360351,-0.00037999208432528764,0.0006424605864076738,0.0023760028464367817,0.004392170631595388,0.004745055081980431,0.0022164630673859246,689.4006927595768,614.6361842266177,578.9931783032686,553.5205477791056,533.7984965808729,517.7116995619085,506.34255899936204,503.6911962363337,530.0489044874942,571.4335510142934
hm103/SEG3_T180_LOGVOL_X_S2_SHARE_12_RAW,hm103,2425,0,0,-0.026266001141665902,-0.0002984101598137716,0.0,-0.9999999999999999,-1.0,-1.0000000000000002,-1.0000000000000002,-1.0,0.519332214310313,0.480667785689687,30.147676971794194,24.836508753747292,21.929384488190234,17.503539743165735,15.804941294182631,13.406583802929006,10.745536699170447,8.212979175149597,3.4554914057415678,1.1428054058364323,-0.0077478757123168535,-0.003613967621356316,-0.0016906561327346059,-0.00040102890629075923,-3.22781522112594e-05,-9.192654424277181e-05,-0.0006363130326074335,-0.0017257655781588927,-0.0037455191997463923,-0.00628226010218687,517.5790179881302,536.2510331136759,548.9634888115771,555.6143122588135,563.5995690738504,571.1860791450997,579.5649531700648,587.2974890968744,597.5543818628009,625.0165579593347
hm103/SEG3_T180_TOP10_S3_TAU050_EARLY_INFO_SHARE8_RAW,hm103,2425,0,0,0.03034146400523019,0.0001005572536101636,0.0,0.6430724425312322,0.36049523655783855,1.0,0.36049523655783855,0.9636363636363636,0.4615291843475756,0.4615291843475756,3.8815306237534317,-4.357118694032279,1.5957245066062327,7.338108846238259,13.169948801426155,17.374851059189343,20.90467737033302,25.15723800691088,29.154431618577078,33.56849779165175,0.0037066077098402484,0.005809390958036134,0.0031373621200894604,0.0011600212152281567,0.0001436790238122775,6.99129332250654e-05,0.0008029774846785315,0.0022742539057216994,0.004713436962209831,0.008423264438778612,606.4528807138554,615.8595914380928,602.1343468646644,583.9480376292273,572.2084788511199,560.8488500779354,547.451159630499,539.8357543973323,530.2714410597998,517.0846178384991
hm103/SEG4_T180_BIN16_S1_TIME_DESC_MINUS_ASC_RAW,hm103,2423,0,0,0.0011144740946012188,1.6219385830726504e-05,0.0,0.006066063009203359,-1.0,1.0000000000000002,-1.0,-0.04242424242424243,-6.6626826782193165,-6.6626826782193165,30.638401463167128,20.176031424043167,12.51754683532585,2.9668649937126887,-3.768175620344721,-4.725413412430696,-0.7060192274418153,7.079350925889319,17.759554491065334,31.070058178563425,-0.00763670300362395,-0.0020420345264040574,0.0004330156571209523,0.001292543209136784,0.000635856039372512,-0.0006624351239894921,-0.0014995115097777394,-0.0007815812716368209,0.002163174147854681,0.009195931090717594,522.4529305305671,553.2455190532263,579.3582568023025,592.8854951317114,602.1761849989986,602.5282427818587,591.7698713161617,570.3737558428809,542.9905915357457,506.4970149759789
hm103/SEG4_T180_BIN16_S3_TAU050_K0_ENTROPY_STD_RAW,hm103,2423,0,0,0.01837055831052028,0.00032784914272569765,0.0,0.5926271900574,-0.9841906549531744,1.0,-0.9841906549531744,0.6363636363636364,0.2614974055392912,0.2614974055392912,11.411998275669173,3.694400559172331,2.3360144662788622,2.2116937881587746,2.2849986330414054,5.578188796919057,9.615006295503656,13.839193955239686,23.908497948647412,38.18035621725114,0.0002797620494939888,0.0014991695829431413,0.0015428019105042114,0.0010200772239674961,0.0003763108693694239,-0.00027495761936174667,-0.00039399662588300403,0.00028767820211139504,0.0030391564412329958,0.010666707133416657,564.2983878265492,556.6421456504092,565.8580456682896,571.108512750064,578.0738946399671,577.827579587392,576.2947443223038,568.3912980168571,558.576955807494,521.6637186379506
hm103/SEG4_T180_BIN16_S3_TAU050_K0_TOP1_CONF_MEAN_RAW,hm103,2423,0,0,0.023967195078629273,0.0002294086423450855,0.0,0.9780300214986337,1.0,0.9195309891571062,0.9195309891571062,0.9878787878787879,0.5417601674489998,0.5417601674489998,-4.337852208847526,-1.841445366844404,3.3835255104326376,7.542863048178565,11.438219776373733,15.148343842773066,18.2852127973673,20.934995245753782,20.64054855037386,21.877713527342813,0.006406717163459681,0.004160134212268842,0.001776945261898202,0.0005121708209503849,4.219696012795271e-06,0.00017732386327132512,0.0008944674285217559,0.0020034471349331304,0.0029934239849696994,0.004808936869998351,566.5558651275238,566.919659728785,564.8984088909924,564.2729947183187,562.6845491557539,559.6250722469766,561.3853657145899,560.9072079436411,565.0812181387956,569.3050898706193
hm103/SEG4_T180_BIN16_TARGET_MAX_SHARE_RAW,hm103,2423,0,0,0.07920285897954925,0.0010706157169487873,0.0,1.0,1.0,1.0,1.0,1.0,0.5589768523724791,0.5589768523724791,-61.30025563145389,-21.397015872582596,-3.4518603432507176,8.6144616029632,16.611834533948738,23.071189838747156,30.089336900249588,35.851845508129486,40.64025726852386,44.47135184251083,0.027553365075947443,0.011250823960024844,0.004125791710808978,0.000849313771060683,-0.00010517911011275548,0.0004838409915581368,0.002537421666310407,0.005905934181276116,0.010386812296158301,0.015144118719568216,708.8253693782747,628.5769929515183,592.3724947763228,568.3702640356562,554.0036762051111,534.4931659474742,518.7413372868292,504.33162025191126,492.6735295932947,497.9029462659501
hm103/SEG4_T180_LOGVOL_S1_PASSIVE_ORDER_N4_FINAL_CORR_RAW,hm103,2423,0,0,0.04685948656501537,0.00036961046288578654,0.0,1.0,1.0,1.0,1.0,1.0,0.4951066982524289,0.4951066982524289,-18.806888772045635,-15.999591823376864,-4.151387847892443,4.723121874401745,10.511398216734385,17.90381835914393,22.289680440214983,25.785026914321957,31.73973925153753,39.07062660135235,0.010053080609715891,0.007970908717938135,0.003721192426852636,0.001146030631347869,0.0001262366732352641,0.00016812000923377608,0.0012163685049336832,0.0031198334149528683,0.006486314151459423,0.012481790962459865,626.3494286702506,625.2816343384291,604.9714138168438,587.1257013331111,571.4868146099017,558.4020354299511,545.099741804492,528.3166808105802,513.2539506998936,490.53445513681834
hm103/SEG4_T180_LOGVOL_S1_TIME_DESC_MINUS_ASC_RAW,hm103,2423,0,0,0.0012570660359512889,4.1078665658876614e-05,0.0,-0.009931619491203079,-1.0,1.0,-1.0,-0.15151515151515152,-5.794533367826309,-5.794533367826309,30.9126329795825,19.846977912384325,12.817367313519231,3.4076589449218666,-3.25724388094691,-5.026798528895186,-0.6500323440778744,6.99594857684039,17.83476814823402,30.205779660835677,-0.007514728190887576,-0.001758400154716209,0.000383255162415885,0.0012342515371723433,0.0006095422540009291,-0.0006445669500203038,-0.0015014013718195644,-0.0007974908607926502,0.002210680321195954,0.008994845623743582,524.1976466003317,556.9546873248028,579.0421598112558,593.268737853522,600.2015827577752,599.0956757581099,592.0573015195082,571.389745672717,544.6177598671012,504.0842897616275
hm103/SEG4_T180_LOGVOL_TARGET_GINI_RAW,hm103,2423,0,0,0.013210546387627942,0.000128224953906622,0.0,0.2598843665210803,-1.0,1.0,-1.0,0.3696969696969697,-0.07836488860611122,-0.07836488860611122,20.407914135022178,10.229014092007358,3.465570049673203,-0.8510429776248858,-3.7502070776282372,-1.0070169750232816,4.383325227336533,15.493374487112906,27.310913438865786,37.37369013999005,-0.004897988149629888,3.530424587865523e-05,0.0015360835654514152,0.0016525131700472647,0.0006488925063896454,-0.0005905550810253524,-0.0010848824166959847,0.0003426967526180336,0.004325913817089507,0.011114343023597963,547.1032791268954,557.9721183840152,569.3574199014304,579.6897810951032,587.8243851985272,591.4148172769602,587.2375192232058,574.7335846652326,546.1316403002058,499.2898997094458
hm103/SEG4_T180_LOGVOL_TARGET_Q75_RAW,hm103,2408,15,0,-0.015661987168600768,-0.00017254945747646738,0.0,-0.7154457557883466,-0.676024237251795,-0.7100101011218529,-0.7100101011218529,-0.9515151515151515,0.5398638896978422,0.4601361103021579,22.788546704943826,15.12914819361446,17.554500409337905,14.71691662933642,12.666821130208836,10.446573860007199,8.699278802331662,3.925063444991426,3.9117469326765666,5.01994728693153,-0.0055274932091583994,-0.0015649463171293117,-0.0011851690458580353,-5.419739826351645e-05,-3.038212155072616e-05,-4.30637683276253e-05,-0.00033326611478883385,-0.0016615709368190314,-0.0023246477844400485,-0.002764701014788743,559.6614463602344,571.4429257086407,567.2212005196761,561.701157839237,560.0111420416436,557.6836258924752,559.2049012712937,559.7878604540516,555.4651138038546,551.1081693994691
hm103/SEG4_T180_LOGVOL_TARGET_STD_RAW,hm103,2423,0,0,0.010391332454526338,1.3426734311925005e-05,0.0,0.4489851585678413,-0.9694030670109516,1.0,-0.9694030670109516,0.44242424242424244,0.08093496728432675,0.08093496728432675,14.071292246202258,8.53593781166953,4.820336313578803,4.98088132789381,3.89819226092007,5.504524365458146,8.093761156825797,12.60129105683075,19.652853998415136,30.91168524421614,-0.0023732761380134133,0.0006540106328933877,0.00129441263195593,0.0009132605512706107,0.00035152778183886743,-0.00030284901865319547,-0.0005346026266392446,1.8682044232113545e-05,0.002278698008676523,0.008078041852652854,564.4443086486832,573.4558553800542,575.0007268960319,575.1815380861053,574.6370256030341,575.8351623978386,570.4625575054796,562.0698872700032,544.1013180752043,514.6207470662007
hm103/SEG4_T180_LOGVOL_TARGET_TOP10_SHARE_RAW,hm103,2423,0,0,0.0643637381098417,0.00042527875080234566,0.0,0.670125500447968,0.4850369875366913,1.0,0.4850369875366913,0.9636363636363636,0.48977524201787853,0.48977524201787853,-17.29553860576963,-32.99734467465587,-17.53501833112414,-1.0149978312164136,12.283116677091316,22.237498403057586,27.582108816070903,34.286802504615714,39.07382539554285,46.49951475020914,0.00997784110156432,0.012584669361722778,0.006532336046691074,0.0020793716919270543,0.00014125620491851554,0.0003068064937714944,0.001870054234160813,0.004987629714261625,0.009335431154817579,0.016123063355204,595.2411290495684,627.3389205873523,626.6481782259782,606.8260233712117,581.7077641617905,560.5547435286735,538.0527778659763,520.424475535188,501.0819275613675,477.85521716001904
hm103/SEG4_T180_LOGVOL_TARGET_VALUE_HHI_RAW,hm103,2423,0,0,0.0436876136565384,0.0004928004662724522,0.0,1.0,1.0000000000000002,1.0,1.0,1.0,0.558963042696532,0.558963042696532,-21.010488777159814,-9.762756465262452,-0.0056010894860615956,7.477247550443819,12.920654130915178,18.412411081504143,22.050737016209016,26.245406206240094,27.132183475013765,29.63120632429048,0.01392237067846421,0.006965779597889309,0.0027413674212195638,0.0005917050883992278,-7.69185764329321e-05,0.0003228820900362422,0.0014982170595561801,0.003420271545393105,0.005431469611863221,0.00837766867387788,610.9269400927129,588.2284816221564,576.3489117442543,563.6012699354214,554.1547498456005,546.9883410999912,545.7845364153909,545.8525532107523,544.5567674344526,547.223945065167
hm104/hotpool_ext_ind_rel_x15y10_ba_cold_rk_vol_autocorr1_abs,hm104,2425,0,0,-0.06925913074982172,-0.000843359052548341,0.0,-1.0,-1.0,-1.0,-1.0,-1.0,0.4397847639594926,0.5602152360405075,44.95514231850701,38.23036723081319,33.74925389327753,30.848504520523424,26.699991588148706,22.44745934173764,16.611232061117587,9.666605322411012,-6.345602466805191,-29.437140821440785,-0.013755024325606371,-0.008752453726311164,-0.004942446647549348,-0.002188144970117757,-0.00045014433740733306,0.00013102669593824287,-0.0007720746223368278,-0.0035352009118174133,-0.010147749928993007,-0.024003558923072557,496.9667384240896,480.65699092196184,489.38810839067384,505.9584385944528,525.3752699147383,545.9749655802137,573.4929012187159,609.7687154001553,655.7986131080031,779.4339712667048
hm104/hotpool_ext_ind_rel_x15y10_ba_cold_rk_vol_curvature,hm104,2425,0,0,-0.0468531228241389,-0.0007585660305102456,0.0,-1.0,-1.0,-1.0,-1.0,-1.0,0.4126501001014482,0.5873498998985518,36.04938182550353,34.37275895777958,30.34328851522539,27.50634061626093,25.183453633575937,23.670731501392172,18.964947536582944,13.861378298913168,2.2736513720199847,-24.782088543416933,-0.007808095260623472,-0.005802816545367012,-0.0034660761017744663,-0.0015962246394459314,-0.00034771092781189577,0.00018729493134617565,-0.00022653004023669436,-0.0019245409111138144,-0.006570428855022029,-0.018539428443579555,566.5857154843167,542.8577861162471,531.5487580362919,533.5751394633144,545.4340900355586,556.8902199948167,569.3349723931053,590.0365695937618,615.0960431553433,672.5350082195614
hm104/hotpool_ext_ind_rel_x15y10_ba_cold_rk_vol_lz_complexity,hm104,2425,0,0,0.05784259802280444,0.0008006122690130944,0.0,1.0,1.0,1.0,1.0,1.0,0.5392705398008412,0.5392705398008412,-18.882457491681386,-3.592963355420318,6.157319333283836,13.021540634441626,19.76554557388462,24.423338534474173,27.57043442822864,33.475885323964576,37.30302320872466,40.77874770487765,0.01870076469259817,0.007871172164878457,0.0033293416627638915,0.0008772287886324668,-1.744486011400254e-05,0.0002687877650429617,0.0016113350727835344,0.004245121152273892,0.00792636313492917,0.012229316180002867,708.0782032271927,612.1770866233082,589.9859240595373,572.782522201343,560.0478192976258,547.6155150186217,530.0107829617806,520.6439935398739,509.5434924418046,516.0848302351125
hm104/hotpool_ext_ind_rel_x15y10_ba_hot_rk_buy_p75,hm104,2425,0,0,0.05980647205437816,0.0003528112917858235,0.0,0.6009166402011833,0.9999999999999998,-0.15163275502921042,-0.15163275502921042,0.8787878787878788,0.543752377919453,0.543752377919453,-31.12396686732032,-9.348445580181576,3.8524367434054576,12.696829654532898,20.542744802661108,25.502323602434465,30.237057431890744,34.92738591818756,38.240305217021486,20.948882254524424,0.018031363743156056,0.009294683451955424,0.0039916956273099175,0.0010432183084452947,-3.289171519061825e-05,0.0003369082906415314,0.0018638542416236944,0.00485631599681102,0.009104419398624268,0.010964093419215778,674.4672175609023,631.6149429958574,601.5690354501519,574.3154132951778,554.9168605995951,536.972713369442,520.379962275601,499.3030751808273,477.92493556851633,504.4760418119748
hm104/hotpool_ext_ind_rel_x15y10_ba_hot_rk_buy_p95,hm104,2425,0,0,0.06359735791724876,0.0007139052255123588,0.0,1.0,1.0,1.0,1.0,1.0,0.544406776208106,0.544406776208106,-30.42224534247565,-9.61023249475453,3.0912317309626958,12.448940363126551,19.306485646476837,24.654728809010578,27.679221708046708,30.917994416661294,33.032099663738336,35.34511908997221,0.019547007433468672,0.009636805031360446,0.00407809721504957,0.0010175267416680641,-4.525866480353582e-05,0.00035442522270059197,0.0019343065364907134,0.005019091503875998,0.009062248037453454,0.012279203634472527,704.5619882375578,633.5233410692985,598.2221247145318,569.7047081851697,544.7732584159152,532.6998430632076,512.7220768929378,491.89488362715196,479.38050957372644,498.86797138088025
hm104/hotpool_ext_ind_rel_x15y10_ba_hot_rk_vol_curvature,hm104,2424,1,0,-0.0393313534800019,-0.0006412819518729975,0.0,-0.8928287713715853,-0.05539204863977658,-1.0,-1.0,-0.9151515151515152,0.36371262411443084,0.6362873758855693,24.315243498501655,26.599943496747564,25.718011003699946,26.476588537851487,23.958326373558645,20.60062310484349,17.46173502313991,10.572662433287725,0.05605283603751043,-26.391009942223825,-0.004203975856882218,-0.004488776420373066,-0.0031171001084484545,-0.0018142556335683552,-0.0004479594233986968,0.00025825126553947954,0.00015206762199051585,-0.0014714168130339285,-0.005789657020624137,-0.01776724913933005,553.6627664832672,539.7635440630207,532.0905598661265,535.5482525673231,541.2842871640256,547.9622732466129,559.4997713929188,572.0311076132888,592.1041434190281,635.5693336989432
hm104/hotpool_ext_ind_rel_x15y10_ba_hot_rk_vol_median,hm104,2425,0,0,-0.050841380851082946,-0.0005811410981495033,0.0,-0.9895877569016276,-0.9528970453569592,-1.0,-1.0,-0.9878787878787879,0.4319090877228049,0.5680909122771953,31.322508401616798,31.58451055345408,27.541761316468943,23.806102510955768,20.72185380341118,14.774043659228084,11.843872736842032,5.945653695146016,-2.7666093729947874,-18.479271923812256,-0.009719892662998096,-0.006462443770041536,-0.003574682758845754,-0.0015997620926759579,-0.00035107301585759603,9.181646514800573e-05,-0.00036466831730019004,-0.0023790513509636454,-0.00698475852933358,-0.01891572372006511,501.9525865690791,511.18534910045344,515.393926225018,520.4246239867559,527.5905220920055,534.3680487875157,550.7504131577259,571.8628841495332,606.2958104910889,729.8897110738102
hm104/hotpool_ext_ind_rel_x15y10_ba_hot_rk_vol_quad_coef,hm104,2424,1,0,-0.039331557568956364,-0.0006407895335479682,0.0,-0.8949096610595093,-0.061483088633082245,-1.0,-1.0,-0.9151515151515152,0.3637248977440655,0.6362751022559344,24.34866496988377,26.56742383256857,25.71485272185148,26.475281973776458,23.958326373558645,20.60062310484349,17.46173502313991,10.572662433287725,0.055606684729405095,-26.390618065213946,-0.004206936432297482,-0.004486016952491991,-0.0031177205424316053,-0.0018141622966985076,-0.0004479594233986968,0.00025825126553947954,0.00015206762199051587,-0.0014714168130339285,-0.005789771227442047,-0.01776710323514415,553.7366292620674,539.7010478030815,532.0878420137786,535.5454388296386,541.2842871640256,547.9622732466129,559.4997713929188,572.0311076132888,592.1038842274065,635.5697136828471
hm104/hotpool_ext_ind_rel_x60y3_ba_hot_rk_vol_period_ratio,hm104,2424,1,0,-0.012695067950167374,-2.1521464257804258e-05,0.0,-0.41144276483717607,-0.9292582362072361,0.2145957669345638,-0.9292582362072361,-0.7575757575757576,0.7065398827598941,0.2934601172401059,24.057778897153746,24.483851589652936,21.02018582174364,18.466242181412138,12.86406425108596,11.281023495288316,6.7838932534121525,7.312742269472616,10.38552232335911,13.738522634281704,-0.0044998222302981535,-0.0030077268314890916,-0.0012992468949972996,-0.0003032917373528922,0.00015572164583080935,-0.0002727514350675582,-0.001278436620846876,-0.0018706023835881815,-0.0009412721171359846,0.0006438821190356417,544.8181674031999,547.6311019385352,550.9323304921993,560.5909539510693,569.3849907895083,582.3360746998623,588.0804343065945,582.9706684405731,552.8723528622402,527.8225801906002
hm104/hotpool_ext_indpool_x15y10_ba_cold_f07_p95,hm104,2425,0,0,0.0420937353449943,0.0001066223930346133,0.0,0.13321708983085298,-0.19452833085790955,1.0,-0.19452833085790955,0.7454545454545455,0.47922066242234207,0.47922066242234207,26.261510762177544,-8.416959141900998,1.5682503481725263,8.739266541235104,14.966768405917621,19.06990912979728,24.63306649653089,29.678538265051806,34.131030710618916,36.92107681085898,0.0072874673917814065,0.007717473829232053,0.003660225216487905,0.001314934366633087,0.00014099127790535127,9.334686036101714e-05,0.0010103418976227844,0.003168126389174532,0.006538749555588283,0.011055456167173225,751.9629038214442,603.8711780766339,595.7426762803495,583.4934976028607,570.1715687947934,552.9392257069765,540.7776187957631,521.6167473066324,502.94641109569403,478.75127946695164
hm104/hotpool_ext_indpool_x15y10_ba_cold_f09_p95,hm104,2425,0,0,0.04953447424407239,0.0001799755760658518,0.0,0.16793690989967205,-0.09473176969960337,1.0,-0.09473176969960337,0.8787878787878788,0.49435422094494386,0.49435422094494386,22.037866270590882,-8.53799276430318,-0.3567408156277637,10.22126608089996,16.74614949277977,22.141416341618825,26.547211780159753,31.53391236747502,32.794984912410435,34.38023632627725,0.009869201875477865,0.008590632591400213,0.004442346125755825,0.0013899728145381758,0.00010645133197856127,0.0001651959834622792,0.00131679844550363,0.003853162537908735,0.007249721506087665,0.012371015455893582,774.9163285829256,625.9985118731622,608.8780814840075,590.9660107534827,568.5243155445718,549.5537525949143,528.5643496693402,503.3755260268241,472.4123930581457,433.6715198127031
hm104/hotpool_ext_indpool_x15y10_ba_cold_f22_mean,hm104,2425,0,0,-0.02462989449439224,-0.0001481711004449796,0.0,-0.8964086083516101,-1.0,-0.18430865470556304,-1.0,-0.8909090909090909,0.6356721966733625,0.3643278033266375,60.44559481617821,29.085719631124817,21.834822730559985,18.29782752922308,12.680220337962584,8.52351998756664,8.79034808423197,11.604086622547037,9.051498016799943,7.131387790751108,-0.009047777193455623,-0.0052444936989991045,-0.0015427718613177821,-3.226347619350736e-05,0.0003049553417859066,-0.0004607499470784036,-0.0008834600814545293,-0.0010207577699573674,-0.0025961555584822988,-0.003958249148794564,663.0643244720312,496.3433137137886,520.1829733857603,549.3072146066744,578.8304054861023,589.8853586693523,572.6339860627447,565.0808815612182,577.2648519235199,593.4513957989178
hm104/hotpool_ext_indpool_x15y10_ba_cold_f28_quad_coef,hm104,2425,0,0,-0.04261274403703901,-0.0006631540854513004,0.0,-0.9999999999999998,-1.0,-1.0,-1.0,-1.0,0.39186496427033596,0.6081350357296641,30.21168994321556,29.463782593938166,28.944178114364963,28.399809556028444,27.828133989108284,21.887590171445908,18.970415040590524,13.649721228356706,4.672025180144025,-16.558377090746884,-0.006200156285271428,-0.004951429949834843,-0.003254054342096074,-0.0016387905709901764,-0.0003941434193416391,0.00019776963586443357,1.954571804343787e-05,-0.001649593786022717,-0.005946426302787296,-0.018132310649151412,544.7920559093409,524.0254885053778,526.3350332680885,538.812610899068,558.6380207768635,549.4374694481702,563.6801045809951,585.8281317401583,619.1389679748761,713.7913559377573
hm104/hotpool_ext_indpool_x15y10_ba_cold_f33_mean,hm104,2425,0,0,0.010672819146872178,0.00014850996259766177,0.0,-0.18265779530973117,-0.6371648092518711,0.9965369983417119,-0.6371648092518711,0.44242424242424244,0.44231256383906065,0.44231256383906065,31.50769462058302,11.641024658314693,13.029885303727514,14.6376330526768,16.043957670650645,16.746904477679,18.788391043740095,18.77341455376194,20.961210243582176,25.36637847233271,0.002040094880660134,0.0014945464413943226,0.000767719438380785,0.00028623748235299165,6.643593514320973e-05,-1.9177710354407857e-05,0.00018383969412580345,0.00042333753961492433,0.0013356783606514639,0.003945597122305309,711.9537021400939,569.2621141909036,559.6323819253579,557.5913179411408,557.6271456711638,553.9495795137384,555.1430396069222,552.5238746200433,554.5928811809245,559.9099619871804
hm104/hotpool_ext_indpool_x15y10_ba_cold_f34_autocorr1,hm104,2425,0,0,-0.028564578558474125,-0.00015948775406486975,0.0,-0.9037645357379124,-1.0,-0.7340712228201087,-1.0,-0.9878787878787879,0.5157964682455678,0.48420353175443226,42.8823528540447,31.08729987627683,25.603798227273586,23.57241668228692,19.45175185332211,16.466224686502887,11.497443589470352,7.958135619705386,3.4772007888097844,5.46913468196121,-0.008014596512494821,-0.004102983500065071,-0.0017534564186580252,-0.0007197100047551845,-6.049908113586746e-05,-8.265729313656951e-05,-0.0008358977868131421,-0.002210976952094075,-0.004574604870042995,-0.006049708385213547,559.2431109335242,531.1671760998427,538.0011514417704,546.9303268371735,556.2909239081462,565.4555429000399,575.2149895735585,586.5402312110763,608.9642787821064,652.6715111008223
hm104/hotpool_ext_indpool_x15y10_ba_hot_f28_curvature,hm104,2425,0,0,-0.04131344130657121,-0.0005894102374306914,0.0,-0.8800397192403471,-0.1496527413332758,-1.0,-1.0,-0.9272727272727272,0.3739563573973012,0.6260436426026987,24.478247810708837,28.077957581323982,26.72154957568357,26.405515685075375,23.211220888034017,20.458195996499267,14.040646501738857,10.871888212342885,0.32588962285713924,-28.337360085806896,-0.004875085872436876,-0.0049101410997267675,-0.0032120620813646875,-0.0017946097476380343,-0.00043711151598396737,0.00026975361158041,-9.479907240057249e-05,-0.0014332431838324786,-0.005733342424161564,-0.01850338968317604,533.031725060478,525.8053565249768,528.1898677715191,532.6400479145359,545.4347157427487,546.849682544871,557.2496598264237,577.3788414538786,602.7265119266166,662.5389043070656
hm104/hotpool_ext_indpool_x15y10_ba_hot_f28_quad_coef,hm104,2425,0,0,-0.04131391378755164,-0.0005892607062089274,0.0,-0.8800397192403471,-0.14967406000184083,-1.0,-1.0,-0.9272727272727272,0.3739508196702379,0.6260491803297621,24.478247810708837,28.077957581323982,26.72154957568357,26.40563248986794,23.21100862429185,20.46447777026012,14.031011759112555,10.871888212342885,0.32588962285713924,-28.337360085806896,-0.004875085872436876,-0.0049101410997267675,-0.0032120620813646875,-0.0017946358870682187,-0.0004370924599576788,0.00026961683206948403,-9.527722168799658e-05,-0.0014332431838324786,-0.005733342424161564,-0.01850338968317604,533.031725060478,525.8053565249768,528.1898677715191,532.6400724682104,545.4349438925861,546.8477973586254,557.2446857606396,577.3788414538786,602.7265119266166,662.5389043070656
hm104/hotpool_ext_indpool_x60y3_ba_cold_f14_mean,hm104,2425,0,0,0.027126427884151396,0.00033540085944345214,0.0,0.18160716425851736,-0.40249824512093096,1.0,-0.40249824512093096,0.6484848484848484,0.4861074497188275,0.4861074497188275,22.671873140207186,10.679838841486326,14.282627594119866,13.975074024869535,15.612238591941162,17.26404739794274,19.3971489443544,20.90030243046544,23.899401831663532,28.13060439175079,0.007029681717797125,0.003696256611340488,0.0015551028410315264,0.0006346654922877422,0.0001076111598721103,1.9398773693414697e-05,0.0005742565943425415,0.0016033413534976796,0.0038902999429259767,0.007680412537919393,729.1696406468726,603.8290766800676,588.7469010003298,572.8464565369749,562.7090295901808,551.2353492811003,537.4789435544485,526.9253531310103,510.1648734696012,489.8622351005262
hm104/hotpool_ext_indpool_x60y3_ba_hot_f07_std,hm104,2425,0,0,0.05587758345747635,0.0005131001146949936,0.0,1.0,1.0,1.0,1.0,1.0,0.5241730711850933,0.5241730711850933,-26.390695083918537,-7.722604022751846,2.7048001109277435,11.224047582532384,17.053501076643446,22.591816952644614,26.515321642552294,30.76104599142961,35.002282264485515,35.58172818728245,0.015470937627959333,0.0085650491117221,0.0037967426392581443,0.00112810761045317,5.9734278968872804e-05,0.00026965505578314166,0.001609354094908719,0.004105414315680239,0.00791897321874663,0.012440515389300967,690.586612770472,635.3506196994825,605.4552238483079,579.2987286014994,558.107912857362,537.7610167365118,518.7239976288137,501.3521373844224,481.53988562747696,462.94276548086077
hm104/hotpool_ext_indpool_x60y3_ba_hot_f31_mean,hm104,2425,0,0,-0.022116051526427948,-0.00043278006049257846,0.0,-0.5606745199419378,0.8926815116422396,-0.8570519333129796,-0.8570519333129796,-0.09090909090909091,0.4184608826301082,0.5815391173698918,13.322415436865995,16.93145670758798,17.109297641684048,16.893205052875775,16.91735721780104,18.407467282069927,20.379767028444665,19.510226051421622,12.992317952742248,-5.242566606169472,-0.004446548220261779,-0.0026329764115413244,-0.001328535871729521,-0.0005777196031871738,-8.782080922376108e-05,7.815925859929116e-05,0.00011284601667182983,-0.0003105678691494175,-0.002612865538516066,-0.00987724241759746,445.773162004029,485.91364553428315,505.81380034659014,519.6026278931336,535.981251232241,550.3124353510815,570.5000337787229,588.558869108949,616.7972645089114,717.3365944003663
hm104/hotpool_ext_indpool_x60y3_buy_hot_f09_mean,hm104,2425,0,0,0.038740027576931686,0.00023427068938163323,0.0,1.0,1.0,1.0,1.0,1.0,0.4749427392395413,0.4749427392395413,-9.62530626020464,-6.1661392650988285,2.779638770338574,8.780643754028082,14.966645644806375,18.6612128504223,23.82122589675039,30.232583962981963,35.15785709141649,37.59687871062027,0.00736484077832067,0.006458854677743312,0.0031899474990455894,0.0011446173266801926,0.00012976937087508746,5.084568331624795e-05,0.000710290047943436,0.002862808294500791,0.005935861797607178,0.010657921411517538,568.914950945439,584.3006186797263,583.2742852419533,575.9815967298125,570.1730742217984,561.4264450048902,556.7884355864765,544.9635008243538,529.135468058433,516.3629950997218
hm104/hotpool_ext_indpool_x60y3_buy_hot_f12_p75,hm104,2424,1,0,0.06537033416480548,0.0006864545437434227,0.0,1.0000000000000002,1.0000000000000002,1.0,1.0,1.0,0.5211630728114233,0.5211630728114233,-32.628075841657775,-10.695071709050376,2.5874712201696677,11.65045772204763,18.99309145990172,23.95519948684827,29.377455825546924,34.405395532778314,39.90875145739889,41.754039128746314,0.01833147106470985,0.009869917727691656,0.004233823507896947,0.0012678605344807507,7.776629897746677e-06,0.0002619824593400096,0.001613384310176273,0.004543761012237707,0.009155519080710578,0.01539838329392062,665.1097432874842,634.8007518119889,603.0090920727889,579.676805647714,555.7004762778446,541.1042585704837,526.6655751867272,503.27343359751404,479.1742334289716,451.4681782466295
hm104/x15y10_ba_cold_f00_corr_f28,hm104,2425,0,0,-0.027857115048006652,-0.0003212457478148877,0.0,-0.9999999999999999,-1.0,-0.9999999999999999,-1.0,-1.0,0.4622917609532893,0.5377082390467107,31.77334649824444,26.774480968172522,25.013639456734115,22.00646448628536,21.650858241928557,20.295292717613858,16.35697437601403,11.77496439079669,6.785491428390043,5.049282051973429,-0.0065756472968590204,-0.0034968320035510692,-0.0018304880066024967,-0.0006745170471164391,-0.00015212115403622883,5.1661703408074394e-05,-0.00042291649713355867,-0.0016795023741743443,-0.004157448056497887,-0.008598058567628762,541.1665054923049,532.0115223403861,538.9942033000574,545.4247838463901,557.1307689697846,566.4286964867944,574.3356196936219,586.8935216180951,606.703662316844,684.8726692529771
hm104/x15y10_ba_cold_f02_corr_f28,hm104,2425,0,0,0.036239909067830436,0.0004750474797019886,0.0,0.9937219646184547,1.0,0.9721349721900597,0.9721349721900597,0.9878787878787879,0.5691699658819748,0.5691699658819748,0.8740265347664123,5.346083124084703,12.100842380468546,17.5932709001875,21.01827857746484,23.98842431495823,23.894766571956733,25.219797304234895,26.977168004924778,30.52335175225743,0.012991890364704502,0.005386131515158215,0.001844931462666156,0.0002333974784908314,-0.0001000657711310504,0.0002644513791939685,0.0011325008197970387,0.00249167555659986,0.004446710319010593,0.007073238463638394,726.6949568249652,619.8719944925067,587.6821992408744,569.550017762756,557.2689265433078,551.0393344297227,533.4002880663007,525.0201880220898,515.8777906816185,529.0710068895871
hm104/x15y10_ba_cold_f17_median,hm104,2424,1,0,0.03574725198742303,0.0002879540706480102,0.0,0.37521170507030804,-0.1563003510145323,1.0,-0.1563003510145323,0.8181818181818182,0.43886469967254804,0.43886469967254804,18.610303547800502,3.4501962741736625,7.6311201808659055,11.315571258269499,14.511835383872633,18.294051016141292,21.578743249079057,26.98729922313444,31.525663710974587,36.81887033865694,0.005936686593749574,0.005128876954235088,0.0029229609055584915,0.001315768733222402,0.00025754094407929874,-3.926666891540612e-05,0.0005055273660669857,0.0023354160895771815,0.005502979999641587,0.011592806999559765,722.3651056930598,614.0988144059704,601.2399681322199,587.9231571698374,574.2269365138345,558.6706760458466,541.3961935061443,523.3877048100521,500.6183326338642,467.04879410541133
hm104/x15y10_ba_cold_f20_corr_f28,hm104,2425,0,0,0.012237047270413453,-7.604489353047046e-05,0.0,1.0,1.0,1.0,1.0,1.0,0.6581771390224608,0.6581771390224608,6.045837671081087,8.9893355746962,12.767542186165572,17.027710244978895,17.93829355427857,19.51678365357617,21.911498157669698,22.585638650535426,25.091707734914756,35.675207712587365,0.004724636646451178,0.002644886403590677,0.0008326832921616897,9.05868419391051e-07,-9.891643763845105e-05,0.0001681298176512853,0.0007954499393576205,0.0013269658596745447,0.0018732346006608265,4.511617361515095e-05,591.9013327562863,576.0123543362823,568.069535605165,564.2424374857849,557.2303286923413,551.7772485781684,547.6685391181237,546.7089649756011,555.2512839080293,670.6362010195868
hm104/x15y10_ba_cold_f34_mean,hm104,2425,0,0,0.05413099252410066,0.0005789820357944355,0.0,1.0,1.0000000000000002,1.0,1.0,1.0,0.5103327349824857,0.5103327349824857,-13.400541447845509,-4.181081946998342,5.3486922571365465,12.219317390896125,19.156428148699078,24.02586848715429,28.07437547765441,31.593233278097085,37.25158049702896,47.484709188518146,0.014891338764614275,0.007686352923737451,0.0034499315951795934,0.001209906794059672,9.181389871714985e-05,0.0001951958283918486,0.001390709599415851,0.0034660606965734317,0.007441870804311799,0.013728829583305282,766.2743048443772,631.5832794128027,595.4710691842397,571.6278213653617,555.2136000553212,537.4008959961714,518.9442651362609,505.6033420180163,488.7133793358596,498.71654726580977
hm104/x15y10_ba_hot_f00_corr_f28,hm104,2425,0,0,0.029561703238628768,0.00028066215739669127,0.0,0.9065146950605621,1.0,0.5629739994071062,0.5629739994071062,0.9636363636363636,0.551085169589171,0.551085169589171,-5.56478015148491,2.902863060517915,9.306013988120236,13.239404826397823,16.011844730401847,18.844743760087585,21.71547303760145,23.288983542432202,24.03568634059204,22.58423745140657,0.009395383470627764,0.004555233399253642,0.001779288802465077,0.000416341029031927,-9.899211380191784e-06,0.0001871101551918174,0.0010035942479055303,0.0023060320802481345,0.0039307474006853495,0.0057172097072029455,620.3994356494991,595.0861892283883,583.4609106232828,571.0989883171776,561.8237568493034,554.8507137344446,545.1745198423446,535.9768262625068,525.0992702180419,524.682540947403
hm104/x15y10_ba_hot_f05_mean,hm104,2425,0,0,0.024259549080370688,0.00017702713542763112,0.0,1.0,1.0,1.0,1.0,1.0,0.5192413182237646,0.5192413182237646,-5.6383115138685,-0.33621038423613936,6.495216771727539,11.726426342899495,15.249659180965125,17.701768690869475,20.93735438096612,24.342296993718215,27.004130750170365,28.86004344491296,0.006045976903683189,0.00419760209653359,0.0017463643217252326,0.0005152599112234383,-5.627923204983102e-07,0.000100557255160402,0.00069598304035278,0.0018068604815170634,0.0032869378357103496,0.005687542891357471,558.1859728731883,573.1511357230709,570.4913515005155,571.2073229684721,565.603981116655,564.0558481386181,560.923995130187,557.941512429754,554.7387363825211,546.0153620999447
hm104/x15y10_ba_hot_f07_corr_f30,hm104,2425,0,0,0.039125561800088214,0.00035747958994870584,0.0,0.8062924494939722,1.0,0.14088130197633095,0.14088130197633095,0.9272727272727272,0.553326741310495,0.553326741310495,-19.852514073842197,-2.1752951027216936,7.582812387965841,13.91682264150308,19.296718300728052,21.99085573422121,25.30622971801242,27.65843386349782,28.939396289391677,23.70693161091756,0.012563452812454974,0.006010083011246508,0.0023545027350098374,0.0005860464041390933,-6.266836665658793e-05,0.00024005936239562153,0.0012996557016911098,0.0029783130506558903,0.005317728729467357,0.00748090876973563,667.3447557886848,614.7631922517083,590.7099204324816,572.65998534063,556.8219645190511,546.4101743448643,532.755415149599,519.5814960359189,503.3054799459169,499.0334345289572
hm104/x15y10_ba_hot_f08_corr_f25,hm104,2425,0,0,-0.03439386507615491,-0.0002638753605464875,0.0,-0.699908791728262,-0.12956012139005946,-1.0,-1.0,-0.9272727272727272,0.47442074588909505,0.5255792541109049,22.263135779439537,29.06405727561309,26.38572601273789,22.6956069226004,20.238577309035726,15.330924999047184,12.496370623409739,7.586643533042788,-0.2309396341496685,-9.460717607930002,-0.007459355605070027,-0.00504620079885743,-0.002607442177603434,-0.0009013997874105804,-0.00017757680912461432,-6.226930296437907e-05,-0.0006347897058516287,-0.0022113696274278036,-0.005104911330998834,-0.009924674570299677,532.7664078917866,520.7508690910996,533.4815510285848,543.3407198438432,552.6127076174685,561.2079519117391,571.4356092400268,580.2285129998811,591.62510623392,632.457566365927
hm104/x15y10_ba_hot_f13_std,hm104,2425,0,0,0.016895860422518918,0.00022614629525168932,0.0,1.0,1.0,1.0,1.0,1.0,0.4978642154903762,0.4978642154903762,5.924639227519592,7.6465923502490405,10.54550296692621,13.120222207052064,15.452476715247943,16.527433240191744,17.22365704077016,19.475939257510685,19.953702838015914,20.455221221152513,0.004661180073994795,0.002217912254667748,0.001097753473855876,0.00029746584512976626,2.4942498772552752e-05,3.7844717578401056e-05,0.00028449355386788653,0.0010380829202443704,0.0019519196556764494,0.005058119133479382,647.8629927574574,578.0938455071447,570.2375293759046,563.0257693279061,559.1412612537428,553.6214295705824,549.043789555924,541.1433988776863,532.4435458769493,509.54993729424604
hm104/x15y10_ba_hot_f16_corr_f25,hm104,2425,0,0,-0.028584639317721334,-0.0003909549884606928,0.0,-1.0,-1.0,-1.0,-1.0,-1.0,0.4810162788074404,0.5189837211925595,28.513841256024424,26.470231448178104,24.465539795154875,22.26197133463617,19.54201601568726,16.518658988875735,12.60929975713397,8.252385367376718,2.3528893895947283,-14.700444666499873,-0.007195733314547614,-0.003628818019474524,-0.001920377159606981,-0.0007199375225399432,-9.675510576356333e-05,-3.833056336361619e-05,-0.0004964834018686699,-0.001694643960136758,-0.0037586407798931216,-0.008643964502065903,507.63224163876407,521.3457427122485,535.3780818703443,546.4014720493278,556.5678832604722,565.7780220986347,572.9333806685655,583.6447525194083,594.1705592004861,629.5308254439199
hm104/x15y10_ba_hot_f22_corr_f28,hm104,2425,0,0,-0.03263390849384189,0.00011637120149862593,0.0,-0.18476135978066033,0.3173739984189137,-0.4394059835953416,-0.4394059835953416,-0.7818181818181819,0.5118223832457889,0.48817761675421123,14.481715432568636,27.39417241134354,26.64096965320885,24.785796877129236,20.70330186995761,14.762916921124415,7.933722801739113,2.8530599059969246,0.6294420930721752,6.133894283705396,-0.006233797618497914,-0.005851906535854488,-0.003258498485279625,-0.0012679596445803192,-0.00015016392142299835,-0.00015403344599317656,-0.0015211861170057815,-0.003641483612656515,-0.00569439554635503,-0.004976854767694655,499.2287668268219,495.2974708755903,512.2233209953675,531.927747338447,553.3682953241549,575.812811656088,598.9244760910861,611.5571291646199,611.9149322180441,606.0281163573217
hm104/x15y10_ba_hot_f23_corr_f25,hm104,2425,0,0,-0.015619768638983244,-0.00022670502433144558,0.0,-0.9333674206891747,-0.6674333838016563,-1.0,-1.0,-0.9878787878787879,0.4546464866369833,0.5453535133630167,22.903756187176494,23.93581133069642,21.791903612440382,20.50033571836331,18.76125947729272,15.643105594669795,12.96997464163313,10.484947515482087,4.995814434203514,-6.009626943999766,-0.0033251750487231155,-0.0021026156400317944,-0.0009731256229357855,-0.00048290882600561963,-0.00011457715328470524,-4.717644331356688e-06,-0.0003005205229393538,-0.0007581851019024358,-0.0022298350540028234,-0.005101403000494804,539.3695979567179,547.527652467222,553.4916217925216,556.303424467227,558.2762833772899,561.3402979317848,562.855532323587,565.0821329010629,566.3107178526832,607.1109446173352
hm104/x15y10_ba_hot_f23_corr_f28,hm104,2425,0,0,0.01007041721522448,0.0002481974569616241,0.0,0.5592304353427289,1.0,-0.8228911611576377,-0.8228911611576377,0.3333333333333333,0.8477924316411213,0.8477924316411213,-4.990772671547121,10.733624416305126,16.280903065975576,18.001703984161693,18.257037684982215,19.831014546149646,20.53199939943443,18.17400120746494,16.19309482896817,13.317118981774707,0.007725992289869819,0.0014054291326728626,-0.00015091593429143466,-0.0004570258460747685,-0.0001962760692053558,0.0002384707735854995,0.0008339545177432323,0.0010661032238890784,0.0006714394005436676,-0.0013149517304697567,639.4187952061508,583.5210322618591,566.5197669733195,556.2355975151083,548.5914298201559,547.5320342891218,541.203909530982,535.2041014998716,538.9858982544374,561.4928459840581
hm104/x15y10_ba_hot_f23_corr_f31,hm104,2425,0,0,-0.026796700025742054,-0.00020955151886348314,0.0,-0.9709072859816503,-0.8736066251596553,-0.9999999999999998,-0.9999999999999998,-0.9878787878787879,0.4794099813410789,0.5205900186589212,25.191071829773932,25.693204791467355,23.677253221115706,21.210410585212514,18.2497794938343,15.84699792815073,12.19983778067446,8.933874845702261,3.4273442935217573,-8.324161622298945,-0.0064668827407554095,-0.003720795743967622,-0.001832081746223572,-0.0006340979942293161,-9.228614441924034e-05,-1.3775946364913556e-05,-0.0005002152179898339,-0.0015657813171319856,-0.0038248267749352353,-0.007936404880861465,519.635810324195,518.8885800122065,535.539100882552,549.5254880915926,555.3049615320227,566.4241304308434,574.3755146696276,583.2971626207468,595.5448781427843,611.2250796087145
hm104/x15y10_ba_hot_f28_autocorr1,hm104,2425,0,0,-0.06455931854006301,-0.0008756572480011754,0.0,-0.9896987635355959,-0.8786122604554816,-1.0,-1.0,-0.9878787878787879,0.41544198973566787,0.5845580102643322,33.65586609016764,34.06787383585441,32.92815401090196,29.8128873001144,27.691589003843692,23.45563576459437,15.625642056668427,5.062208694565629,-10.563988030341223,-45.512019800483735,-0.011058386787684534,-0.007884829345106838,-0.004751889777766078,-0.0022342154995964743,-0.0005275455506725851,0.0002634310826332932,-0.00044092125616000883,-0.003197953989756541,-0.009346064377399859,-0.024505285790552226,483.6318185000684,481.79744889925576,497.4545063331339,511.7677115403336,530.5353115287163,552.3007359252797,574.2224713301491,600.657750592762,639.4095824744979,706.675455781398
hm104/x15y10_ba_hot_f28_autocorr1_abs,hm104,2425,0,0,-0.06457031858410439,-0.0008775985427740318,0.0,-0.9905624695117498,-0.889361726831733,-1.0,-1.0,-0.9878787878787879,0.4154802068036875,0.5845197931963123,33.72081208704306,34.0984732828663,32.92189539610286,29.826211093906984,27.649180568285175,23.476581536597127,15.608768772310265,5.070280485685606,-10.562805659589031,-45.55776767260668,-0.011062057474330369,-0.00788840204817431,-0.004752438843872001,-0.0022336020163308224,-0.0005265641119537864,0.00026440800296260655,-0.00044249055693045984,-0.00319750314710061,-0.009346428000331973,-0.024507641845268574,483.4502413324625,481.85499750114354,497.46080489550917,511.8119530006936,530.5117519300311,552.3091504896558,574.2110183831561,600.7030634082423,639.441715060352,706.6590817130106
hm104/x15y10_ba_hot_f28_median,hm104,2425,0,0,-0.05470735654308955,-0.0006863584807324783,0.0,-0.9457685515471457,-0.764699640066972,-1.0,-1.0,-0.9878787878787879,0.431153670231239,0.5688463297687611,30.806363204330765,32.26882069580621,28.60754371077521,24.27018912661346,21.300719288929823,17.150479991344966,11.342014037491266,5.012879025497089,-4.262718810314843,-20.20264883098047,-0.010592219304141916,-0.00683192766132127,-0.0038005624728068557,-0.0016507012176102474,-0.0004159409282596148,0.0001627261596982683,-0.00048544260162995055,-0.002775751644637106,-0.008111934056836623,-0.019519244334811767,489.01160339128177,504.55776662118626,513.6746873368869,517.9954774748105,524.3331610588797,535.0375960505456,550.9334557545398,573.8397981429763,616.0330494551829,725.5458413742497
hm104/x15y10_ba_hot_f28_p25,hm104,2425,0,0,-0.055342797093586665,-0.0006414767452914045,0.0,-0.9254248947112731,-0.7031141189892866,-1.0,-1.0,-0.9878787878787879,0.43266194022583826,0.5673380597741617,30.71813004427401,32.769581800849785,28.66732595710518,24.967267523694083,21.00123350771051,16.667382490321284,11.496088002613762,5.257999774137948,-5.052331257948439,-20.196032758024494,-0.010530249883126485,-0.007023911734514244,-0.003898382807423171,-0.0018092574024175486,-0.0004053775673270952,0.00014527586316421788,-0.0005319599751503906,-0.0029293482598788407,-0.008401579507093814,-0.019316529074527865,491.33037802808457,508.16360413222895,512.8405886978941,517.1524218824222,524.1306961611987,534.2939779874108,551.373947579444,576.9984629022576,617.0079899037271,720.2189673062948
hm104/x15y10_ba_hot_f28_p95,hm104,2425,0,0,-0.05927605032951242,-0.0008461405250677088,0.0,-0.9040088107190971,-0.5384189189452978,-1.0,-1.0,-0.9636363636363636,0.415024494553611,0.5849755054463891,30.351674511360397,33.674718043766696,30.371600215561898,28.34224434853706,22.599235861846825,18.31772231773029,13.885361326239037,6.436385381839975,-5.461713346082746,-32.23866641894123,-0.01045762626278727,-0.007161453252483414,-0.004106690025782393,-0.0020813229654071987,-0.00044275127694246854,0.00020600518510276581,-0.0002095476783507034,-0.0025266267383111983,-0.008189156069522804,-0.023460740719960016,487.5697172673173,501.4865092076705,507.4534543520013,515.8267938211189,522.5250199928154,532.2699471735125,549.4122030706508,575.1721435806446,614.8478907146865,739.9235920152398
hm104/x15y10_ba_hot_f28_trend,hm104,2425,0,0,0.0057865658866913154,0.00015622133741809513,0.0,0.12257941877998428,1.0000000000000002,-1.0,-1.0,-0.030303030303030304,1.517851698995936,1.517851698995936,-4.030167528156404,15.708604007263814,19.725812622359825,21.29095712008779,21.66495767098794,21.76428165281614,20.69159660198201,16.843502085086875,11.037979431269639,1.6030527776100507,0.00910163475364602,0.0011959215601791888,-0.0006109319839551793,-0.000787857804472421,-0.0003527384853507484,0.00041990049534765093,0.0012316521624246976,0.0013171976290583195,8.601342230424668e-05,-0.005970447199908559,654.651622382826,593.0254417215871,567.614463910812,552.0316367411486,542.0616883889322,534.2539293476132,526.4684588797551,525.8191402822224,530.6375729618434,581.3579545971996
hm104/x60y3_ba_cold_f14_mean,hm104,2425,0,0,0.020484763460821086,0.00022918814813908166,0.0,-0.057378423698799814,-0.6670446801318088,1.0,-0.6670446801318088,0.45454545454545453,0.3870785151413302,0.3870785151413302,34.16594599862379,8.445700237770772,9.47034555108269,11.478609555836277,13.582750705857924,15.30611730686344,17.804039417482024,21.196100788904754,23.97933848053936,31.374538256935523,0.0024806753606631034,0.0026098960346159095,0.0016917200798201451,0.000852348672372934,0.000205857867894262,-0.00012369203349784613,8.845140621272589e-05,0.0010593120979753056,0.0029770268562411078,0.008413978970384404,738.4582536824147,573.0293447911725,568.6958891551682,567.8095479481848,563.1560558725074,559.3490046994336,551.7147077479077,544.6356514021039,531.2886021719767,505.0441622498043
hm104/x60y3_ba_hot_f05_corr_f33,hm104,2425,0,0,-0.023066187261220828,-9.653261810909442e-05,0.0,-0.9039898773024295,-0.6720632079909878,-1.0,-1.0,-0.9878787878787879,0.4871951422773104,0.5128048577226895,25.73329730242784,27.296365830860648,24.407430886411365,21.81830275348466,19.32669166911154,15.00003024317564,10.600633968982972,7.1512428369975165,-0.6927444999368078,-3.701059982671644,-0.005093898866021676,-0.0034919077654530324,-0.001757359094582186,-0.0007282963600561274,-0.00011924207579849259,-5.064513398338517e-05,-0.0006161504195104872,-0.001726031122375924,-0.004266249718755161,-0.005119874086575277,554.5569959267926,541.5310913434093,548.2537436391323,553.9633718861212,562.1408768266805,566.5788923911497,569.4532419563124,575.5776595453026,577.2386471967613,569.4517254817252
hm104/x60y3_ba_hot_f28_p95,hm104,2425,0,0,-0.05619395733507175,-0.0007745460795529,0.0,-0.8777713595438559,-0.44587084485134315,-1.0,-1.0,-0.9636363636363636,0.4153978012575351,0.584602198742465,28.320259349393368,32.29164101379732,30.058830661626466,27.211014410348383,21.929246418626747,19.646911871187157,12.996454725481119,7.201235596924825,-3.7550514435645073,-28.71981030731152,-0.009918138896156866,-0.006772138266605671,-0.004013300325881486,-0.0019057710205911567,-0.00041175307329440825,0.00023394947774363852,-0.00031610742883883287,-0.0023915853663622304,-0.007784441585568549,-0.02214012476996321,488.8122870230721,502.88317048864036,510.9018453720196,518.6378953692945,522.7918550798796,535.4642144123433,550.781642964529,574.2004033127492,614.0884731776588,732.1510539576494
hm104/x60y3_buy_hot_f12_mean,hm104,2425,0,0,0.04272879123037698,0.00023114490122614674,0.0,1.0,0.9999999999999998,1.0,0.9999999999999998,1.0,0.477388012753026,0.477388012753026,-11.485072865532828,-6.86873260699195,2.5887793507766164,9.920495043315649,14.297828644105783,18.75927574837317,24.22865791033909,30.814279595509454,35.34566815418133,38.6123392510855,0.008483285811237296,0.007107600055508969,0.0033830091819938204,0.0011682028512096623,0.00014576902780450609,4.6640215161757444e-05,0.0008373469652597008,0.0030778698128166968,0.006397598450902794,0.011850323957255646,580.782573535176,592.0746172322034,586.9372288631869,580.5845019394598,569.0475711845576,562.5645881738037,551.3466962617247,537.6746275119846,518.7296022884229,496.02046907012857
hm104/x60y3_buy_hot_f28_curvature,hm104,2425,0,0,-0.04446127820931871,-0.0006107854602829065,0.0,-0.9817137148577512,-0.8581378873136641,-1.0,-1.0,-0.9515151515151515,0.4097859552921928,0.5902140447078071,28.77353159348755,28.90467052424954,29.269489588414356,26.819879837560617,22.773334107301352,20.072260260099423,15.685989422021779,9.219485983883953,-0.9324364431937513,-24.478264692689795,-0.007065419938980258,-0.005386262108830237,-0.0035101921450332845,-0.0016488212852873026,-0.00035862058306594137,0.0001681537358983475,-0.0002422368569755974,-0.002015673304849859,-0.006537871687184016,-0.017253548574727676,518.6768744809145,515.8277608393979,523.2388732257908,530.9835840742141,538.7825343174536,549.2430413262208,560.5685929953397,577.6670165450478,606.0792659173488,662.2771719356389
hm105/x15y10_ba_cold_f04_corr_f09,hm105,2425,0,0,0.011752687258974992,-0.00010118695797582096,0.0,-0.6702219371115486,-0.781736357006804,-0.7455152776657857,-0.781736357006804,0.04242424242424243,0.49165739825962074,0.49165739825962074,56.33486477237764,9.004366785683859,11.650859957491331,12.53175077958729,14.802377739791845,18.87156191205632,19.88896504882999,20.344942152780707,17.793585297421178,10.239000639255336,0.0014907928908915319,0.0024787480449410086,0.0012014353014798507,0.000564893243609585,9.21754758808623e-05,7.350008705067888e-05,0.0005562409510684596,0.0015139851776787975,0.0015282036169439698,0.002353899427406074,780.2308491257992,566.686298116775,567.077710136114,566.7323440061531,569.3597364448416,565.0121284564528,556.3664058548519,541.3126719886177,540.8141160481915,555.5283897042573
hm105/x15y10_ba_cold_f11_corr_f28,hm105,2425,0,0,-0.039655085781621635,-0.0005328996465578577,0.0,-0.7964462139124578,0.7545940669768518,-1.0000000000000002,-1.0000000000000002,-0.793939393939394,0.34785591109175457,0.6521440889082455,24.708070170071558,24.268858646485526,24.362428587165788,25.414538500607637,27.40911660169652,23.3047821386412,19.93945602803406,15.597458422357462,6.361446897719302,0.13425499121118847,-0.0034550120515192727,-0.004624688877463995,-0.003158522785600434,-0.0018655966148979875,-0.0005050633724321664,0.00033417531251551876,0.0002261852292710797,-0.0013967911114649326,-0.00609509777000522,-0.018581774093466476,556.7952294888992,501.46446115386175,505.48242570270145,513.0861528824871,544.7786169076658,543.9874612494793,561.7163119271642,592.541838698889,641.885409000565,821.6065806129494
hm105/x15y10_ba_cold_f12_corr_f35,hm105,2425,0,0,-0.007695192360390807,0.00013937880265277127,0.0,0.7114562872031265,0.5529681454725516,0.8031289749817655,0.5529681454725516,0.3212121212121212,0.4185359597112691,0.5814640402887309,8.98760747360573,12.152283138154331,21.57490841650731,19.880852517396768,17.95157299883963,16.899399532163564,14.226358119193536,12.293545459177627,12.207080120728719,55.18372988340405,-0.0006587727354441675,-0.0004158767619244591,-0.0015895126440319022,-0.0005367311130018076,-7.815650624834045e-05,7.646040509567242e-06,-0.00026980515105012984,-0.0010646334191779013,-0.0017083065568342026,-0.001520422315840232,538.694215067592,543.4406474799963,552.7289183396174,556.5019580731141,561.1148663509454,563.3433169188991,564.0112265823313,569.8117081314182,575.6293957553926,788.3217958678878
hm105/x15y10_ba_cold_f13_corr_f20,hm105,2425,0,0,0.044742983558019714,0.0004530828734166814,0.0,1.0000000000000002,1.0,1.0,1.0,1.0,0.4909427425926337,0.4909427425926337,2.2831717507916354,2.4960871902540873,6.737271904383192,10.1023217749121,16.11523732710371,26.053583859135767,26.221015185058754,30.71559681800116,32.55903648514629,38.28099292304428,0.012239917355908467,0.005705460308710142,0.00248922471709294,0.0010851620429435346,0.00022404088659929442,4.9575711926641166e-05,0.0009872335721882017,0.0031742655736263286,0.006622571149861385,0.0117124493657461,754.1443213806672,625.4603497524877,598.863217204325,591.933969245526,597.7727725673641,600.464220231838,548.8979924251131,519.0460797682839,484.02980831395416,472.92362900989167
hm105/x15y10_ba_cold_f22_corr_f24,hm105,2425,0,0,0.02053561136701281,0.0006253963577246729,0.0,1.0000000000000002,1.0,1.0,1.0,1.0,0.5451883836115491,0.5451883836115491,-16.988420768953425,7.296142017413198,11.568743457881096,15.392283620084521,16.721955207046094,17.98539068276745,20.218028311549116,23.23731997219157,24.246710096699292,71.96060074020315,0.007625764183124944,0.002101512293464279,0.0009007878565568306,0.00022406249171617827,2.6911134099860812e-06,7.393995234505793e-05,0.000572695436398196,0.001531792303821886,0.0022292177571373063,0.004647751621313497,612.7778626638138,564.7848305326419,566.339014332614,566.1080677427283,558.9517210283046,553.7778020791988,545.4413013066677,539.689397060765,538.4407619837232,759.5295889228158
hm105/x15y10_ba_cold_f22_std,hm105,2425,0,0,0.02269421935403717,4.6335780155595334e-05,0.0,0.5366979899285285,-0.5299651215781888,1.0,-0.5299651215781888,0.6,0.37694428173348277,0.37694428173348277,18.776450844893684,9.676571609671935,13.873728060288327,12.730554247245655,9.31184883024295,11.640802589920213,15.68069740721487,21.046209238255994,28.398985911227385,50.42854018535137,0.004765534214483428,0.0026262168377175644,0.00026552458126466065,0.0004300210294851784,0.0004496935435894988,-0.00032969129971880366,-0.0001761082319794083,0.0016117865826794627,0.005443456493307841,0.007561449823052148,642.9051537643064,568.031488797511,549.0940518650341,570.0765062148873,597.7041670104717,582.3158968749295,555.0108896520171,528.5510918033068,511.4313303847888,704.7270825068169
hm105/x15y10_ba_hot_f28_mean,hm105,2425,0,0,-0.05971668146762423,-0.0006694627617701839,0.0,-0.7960759345816911,-0.14399361428792148,-0.9999999999999998,-0.9999999999999998,-0.9272727272727272,0.4393091636484463,0.5606908363515538,25.566025463605637,31.79731497636057,30.0512854359496,25.666990721075322,23.46962545166039,17.714542344419833,13.316307789470148,4.180766511908199,-6.190276748554662,-23.085217461939717,-0.01127095265221463,-0.007764358226185769,-0.0045615070357061934,-0.0019046895613332908,-0.00043847678999573526,9.48285641897486e-05,-0.0007298049475957229,-0.0034855240831622425,-0.008951610925061833,-0.020035123048788347,486.8477358500062,490.6357497128797,500.910215776832,510.7520152214492,525.3884790324461,542.4902493701749,563.7910529098801,587.5774676228909,624.2044373030069,720.0018703155147
hm105/x15y10_ba_hot_f28_p75,hm105,2425,0,0,-0.05781527509088113,-0.0007210386837186038,0.0,-0.7907193759017612,-0.11590008286573023,-1.0,-1.0,-0.9272727272727272,0.43071060057844124,0.5692893994215588,24.55953923598252,31.082972830412306,29.248290532449516,25.64219170304586,22.849174876681996,18.92457099619061,13.341588127155523,5.887093819006771,-4.295747234644473,-24.735089569241055,-0.010737443368044953,-0.007317045832661751,-0.004280548716169188,-0.0018505335151159483,-0.00040552142050465795,0.0001523511774951602,-0.0005153889148107118,-0.00301944566695232,-0.008216794303792359,-0.02090386584660585,489.08295253058947,492.8321393836547,502.8229576686247,513.5935451374763,526.3444697014462,539.7368463783248,557.9871498342067,583.945232619173,619.5638223468445,727.8369720708238
hm105/x15y10_ba_hot_f28_p95,hm105,2425,0,0,-0.05764417923166612,-0.0008046709832889786,0.0,-0.8649627750802441,-0.3073520219449229,-1.0,-1.0,-0.9272727272727272,0.41785834480690615,0.5821416551930937,26.12721308679878,30.553391569110968,29.376544981938473,26.345388906282263,22.199114112633904,19.84212209293631,14.969289206366346,6.373143308858146,-2.7645070201648188,-30.575368373035523,-0.010416674658049054,-0.006872451706660198,-0.004137775147233764,-0.0019102563921342798,-0.00041370493222806805,0.00020673423636768064,-0.00021676841263050016,-0.002633801717101648,-0.0077193517349591415,-0.02272545778374816,492.49118447635976,497.5420625449647,506.8329498475593,515.656671877829,525.2674850120007,540.934435135027,555.5128095123338,577.8533757100315,616.6475051437775,728.5358915399122
hm105/x15y10_ba_hot_f28_trend,hm105,2424,1,0,-0.0004271815241405991,-2.2870309982896495e-05,0.0,0.08051606525894912,1.0,-1.0,-1.0,-0.030303030303030304,-9.603688832796076,10.603688832796058,3.3756015583613688,13.842326464764856,17.45966542444537,19.450771713733953,20.57239840653466,20.78044393805138,18.98739381181971,14.697036641844395,10.604777594866682,5.969490663617757,0.004562103125873146,0.0008232294528258378,-0.00048184621132962396,-0.0007249328143614016,-0.00029567446062744515,0.0003293864569466429,0.0007945488012338479,0.00036038734676587,-0.00106884334948525,-0.0047026695619993225,605.4808507559595,580.9693076438585,565.738749765264,552.5874826173132,556.2946494814784,545.2468038150055,543.1527667570653,545.1894406666377,552.9708023796226,581.3534552430392
hm105/x15y10_buy_cold_f22_corr_f28,hm105,2425,0,0,-0.005330965887985925,9.794040135666129e-05,0.0,0.3747391227443151,0.9999999999999999,-0.7352157407336438,-0.7352157407336438,-0.030303030303030304,-0.5594432437864942,1.5594432437864942,-5.264245734400942,14.434944174264457,19.75476751616041,22.46514962417642,23.75058232836447,22.893903051000663,21.267088702361054,16.85971668301034,9.633715630913969,11.657146390178655,0.005937351611244217,7.025690602494928e-05,-0.0012797633875143905,-0.0012297994229133235,-0.00046088076211873644,0.00041186414439639015,0.0008978700744900037,4.115085358137111e-05,-0.002710405820241379,-0.007106550486291688,554.09702396334,538.4805724040714,531.740601835759,527.3945385612305,529.9328800582634,533.2583484574722,543.3234954067273,560.739502530727,586.0720967184924,673.3129827443158
hm105/x15y10_buy_cold_f23_corr_f28,hm105,2425,0,0,-0.0035930140663773934,-0.00013532057770285224,0.0,-0.4817901694485537,0.8689334381257434,-1.0,-1.0,-0.40606060606060607,-0.740492270600662,1.7404922706006625,13.349943444659264,18.279637266400226,20.337157163484893,22.014595147287842,21.406951190935747,21.402163325627246,18.406048142971095,14.96228351436575,10.022227341451693,-2.761460723724932,0.0040664733964965605,0.000320098108061948,-0.0007578235473551408,-0.0007844861978625337,-0.00028386645687110033,0.00032280102786120835,0.0006731428819619664,0.0005951472263456139,-0.0006330780143340136,-0.006976101912979048,615.0726812576073,566.6710396482832,554.0667682306705,545.1947235536393,541.7266092626506,541.3262188635749,540.2364559472795,542.7539528844318,551.5272136469081,594.913881927408
hm105/x15y10_buy_cold_f28_autocorr1_abs,hm105,2425,0,0,-0.07541289862635472,-0.0010215287392325771,0.0,-1.0,-1.0,-1.0,-1.0,-1.0,0.4373498112103068,0.5626501887896933,41.067996232665834,37.83218000334185,35.519907903345725,32.44073944143733,28.09934692430589,22.91459912047726,15.800210290778134,2.999709570725622,-14.391053511534256,-44.9317524748049,-0.014714513392419196,-0.009372576408548411,-0.005480384434173732,-0.0024437542768427807,-0.0005238230638248202,0.0001714974987760651,-0.000717700070281264,-0.004422986002283953,-0.011374748405250427,-0.025512381332273557,440.29870896820563,456.3545948609308,475.7507167733081,496.1129801201217,517.0547198537372,541.1095458473682,570.8959614837913,610.177352004406,658.2992680647042,753.3387773731098
hm105/x15y10_buy_cold_f28_corr_f31,hm105,2425,0,0,-0.029185724117081625,-0.00043566670563507416,0.0,-0.5370584415195978,0.991558171764488,-1.0,-1.0,-0.44242424242424244,0.276099963669914,0.7239000363300859,12.584539620338733,20.084458976141423,23.29905176727362,23.252221250050937,23.585754225671106,22.763373491728423,20.159478360709354,16.208195444392384,8.520425353750767,-13.04913178662697,0.00017514019103735172,-0.003057522592525646,-0.0028389421453508855,-0.0017207196396031412,-0.0004958456203659982,0.0003869459623565743,0.0005449659825006418,-0.0007195947890790626,-0.004555347521304271,-0.016469137239112062,540.4485435113676,509.93106061528766,509.6731132469567,506.9163690051848,519.0446237514676,531.0659602213093,547.1804432704157,574.9372880473449,613.5378959582887,708.2148553826663
hm105/x15y10_buy_hot_f38_std,hm105,2424,1,0,0.033832918167112036,0.00043534012776617935,0.0,1.0,1.0,1.0,1.0,1.0,0.47965455305154364,0.47965455305154364,-4.553063679492132,1.5715545638992499,6.624960063302729,11.641893348089459,14.046739129992314,18.530497648072487,23.38252687338713,24.50940244560175,29.79031597643396,33.5273418575609,0.008233544919517615,0.004597613909663553,0.0022244566489438744,0.0007990153354317744,0.00016466955390969683,4.004871823395098e-05,0.0007002988022809275,0.0019145415477197143,0.004942562339136164,0.009780826264508638,638.470339817396,587.4863600918003,577.3735917979626,571.3027680460231,562.8256096128686,555.378238689725,548.1060801169457,533.2235995960798,515.1984550211347,489.3059086804708
hm105/x60y3_ba_cold_f00_corr_f09,hm105,2425,0,0,0.03214714500689989,0.0003679082495259854,0.0,0.5094849339966832,0.26282101070447084,1.0,0.26282101070447084,0.9636363636363636,0.5402423254605658,0.5402423254605658,8.834265896127691,-3.653749318929465,7.282862044211565,12.651193949477438,17.738786584246107,21.2405434498397,24.058750487406375,28.12757526840513,31.65292014361951,34.77620345753156,0.00995625722087171,0.004850964749833249,0.00184504759155529,0.0005299592970049504,-1.3740092099668194e-05,0.00018975812845623176,0.0009506764066272671,0.002227143422651844,0.004137691503849765,0.007105478528623195,838.5129375802891,598.7779173225291,577.6033185696547,561.813114506783,548.3803007556669,535.5109955442554,525.0320518555798,522.562071543476,514.2528064361278,494.1141849204191
hm105/x60y3_ba_cold_f00_corr_f12,hm105,2425,0,0,0.035470708915289625,0.00030396047242413674,0.0,0.3093443808648723,0.05390119708824337,1.0,0.05390119708824337,0.9272727272727272,0.5468177381589483,0.5468177381589483,16.10420878664079,-4.35752018313708,6.018973307501836,13.109424164138842,18.435702458489533,20.745689189593442,23.70358522179504,26.233379687619603,28.273955082188262,34.43380954340329,0.01083495859421888,0.005732984855550212,0.0022220663594089162,0.0005082674571193331,-6.847542436492282e-05,0.00020270678293032163,0.0011474912022600846,0.0024927076435495455,0.004482975920675613,0.007611065051517499,835.8972748663804,609.7483479706231,580.3969584742287,563.9773260545113,549.5667912827785,537.5287527758298,523.5358756239267,515.0685236254359,502.8836781099044,504.0176662564047
hm105/x60y3_ba_cold_f02_corr_f08,hm105,2425,0,0,-0.037330787382817,-0.00046899811938703995,0.0,-0.7057590939485234,-1.0,-0.5057195531388478,-1.0,-0.9878787878787879,0.44942349049119695,0.550576509508803,36.72593510326287,30.417418875472922,28.088846046871875,25.998806748198398,22.790534878961477,17.583179689059648,14.407382796536709,6.92992141047281,-3.615350266804935,3.3434614438762607,-0.007966049275950631,-0.004588515074301174,-0.0025847272120862346,-0.0011863682864834703,-0.00024089414770011176,3.113787069981641e-05,-0.0004380191675606191,-0.0022093021550572745,-0.005499516930688556,-0.012179534884301702,494.6517307531899,496.5065815982374,510.19294956661855,520.6474910619875,532.483125946416,544.4875385497522,562.2400275366394,580.6614982132619,612.122272738362,852.9801763463773
hm105/x60y3_ba_cold_f02_corr_f12,hm105,2425,0,0,-0.037185963861509796,-0.00027491603926994363,0.0,-0.3288449284944369,-1.0,-0.09705097672842423,-1.0,-0.9636363636363636,0.4500663245302,0.5499336754697999,31.731529498647838,29.04497630914753,27.628777198554175,25.02260951134109,21.633067144534223,17.740051871528955,14.148867645918774,6.411698453656096,-4.481847247313312,13.808316592142692,-0.0077321574891163185,-0.004671036851268948,-0.0027867627282225416,-0.001189297331851666,-0.00023316522745447916,4.3877409563788774e-05,-0.00047416781906911364,-0.0022698629584106027,-0.006035286293485747,-0.011563188532924271,490.4687578041225,499.46375444064347,513.9358108325091,524.8065939384608,535.4349022353639,549.7301568732787,564.4783508642375,584.8173815874763,614.6226572608231,841.2044758419314
hm105/x60y3_ba_cold_f08_p25,hm105,2425,0,0,0.029778445706277416,-1.2070692350549682e-05,0.0,-0.20013625917868538,-0.29170322033204626,-0.16816397358980958,-0.29170322033204626,0.3696969696969697,0.5171635146494131,0.5171635146494131,26.242968417585534,6.003637829619533,9.739535800716167,14.465802617376816,17.101738734257943,18.8594754498215,21.886892013258034,24.76994415516762,28.74543785436615,14.86238307121391,0.007876166735526467,0.004625134446032128,0.002280449335890381,0.0005959158834752995,2.8901763011153937e-05,0.00010326273806549837,0.0007928224611461333,0.0022319911052962682,0.0049295131891012025,0.006326358741083454,756.5514363013228,599.2732447151247,581.4483403059063,566.7791581977608,555.1737569901242,548.6986902978571,542.4385880055554,535.5347498089837,526.1637407691256,547.4757731799108
hm105/x60y3_ba_cold_f09_p25,hm105,2424,1,0,0.0318818134868869,-0.00010323571619239117,0.0,-0.16369330240096677,-0.3774693607438239,-0.05996357071235384,-0.3774693607438239,0.4303030303030303,0.5047984962516313,0.5047984962516313,29.902088971241486,2.9958513728041765,6.707882861736554,12.954246410024908,15.155800457326015,20.479380336088226,22.5685683340613,25.446414247583082,30.25042479838725,19.232818612958802,0.007799789273477719,0.004948404370456652,0.002540239277661225,0.0007548655082824689,0.00010270631037079181,0.00012106412934655192,0.0008729543470507918,0.002382140623014887,0.005187015814409071,0.007275869549009125,778.9716913187814,591.9111752234262,573.4071086923283,566.2837501648111,555.3856719792786,548.7069249368965,538.3536306546426,531.8500223048785,518.4210845389193,550.5085031035649
hm105/x60y3_ba_cold_f10_corr_f12,hm105,2425,0,0,0.03526475618225114,0.0002763958962174738,0.0,0.29359598489925365,0.024218514533109196,1.0,0.024218514533109196,0.9272727272727272,0.5444726890483729,0.5444726890483729,16.680913867867286,-4.783067841290357,6.105345150556484,13.138072844618021,17.74636911723164,20.522169865473636,23.821553490946542,26.20559761205887,28.74148967091699,34.52265518033975,0.010574861470974473,0.005814334726413784,0.0022143535546369306,0.0005006236989753076,-5.3966840670492507e-05,0.00019957051523883517,0.0011164711593796635,0.0024941524735867093,0.004564141425312741,0.007563818102185635,833.3528140515255,609.8193350098838,580.49806067657,563.20626747542,549.7329680851088,537.4117150404444,525.0222633850997,515.5957485901223,504.3674646353326,504.6882026264044
hm105/x60y3_ba_cold_f12_corr_f15,hm105,2425,0,0,0.032778541198812676,0.00040866465932445125,0.0,0.656199430716516,0.31200157708679543,1.0,0.31200157708679543,0.9636363636363636,0.5091826480996107,0.5091826480996107,11.490732676594169,5.999130329550773,10.070507045486778,14.457844997987795,16.471524887588064,19.59018520526628,21.621421496689656,24.27127495762347,26.287373688500047,32.45396924924793,0.009055026783744648,0.004676324438830594,0.002095923788453752,0.000592407763276713,6.249668072834914e-05,0.00010286080034915983,0.0007774590166787763,0.0021231418963950323,0.004305616666236653,0.00857861870479451,731.4724958263361,617.766404870898,592.14674780469,580.4270033728147,568.9074764676288,557.8815289010096,546.1775237158555,536.8173039499536,519.6915361377227,521.4990592753397
hm105/x60y3_ba_cold_f21_corr_f28,hm105,2425,0,0,-0.0035195979422808954,0.00016082633015814253,0.0,0.6437238021577393,1.0,0.16890046407677745,0.16890046407677745,0.4909090909090909,-0.821161905111371,1.8211619051113712,-1.1684592905820104,14.287811708844133,20.113897558522773,22.139872176023452,22.56193727968085,22.684128197573948,21.77082038493041,19.378647329775678,15.246862557451857,25.707009486235712,0.005951857870811868,-0.00010887198630950416,-0.0014078645941451426,-0.001054871526091348,-0.000358025557091691,0.0003158264287333466,0.0006787353671415681,0.00023664994052634806,-0.0016934900076981004,-0.006240370208316395,597.4862609815785,541.939299863973,537.4791946856345,538.3431702842212,542.8740946183356,549.5324773264363,559.7351240564515,571.0247090394015,592.5150181684774,745.5654986478343
hm105/x60y3_ba_cold_f22_corr_f28,hm105,2425,0,0,-0.004147485119921665,0.00015564601348655644,0.0,0.6023543091120058,1.0,0.25911777501736455,0.25911777501736455,0.3696969696969697,-0.7169433079201045,1.7169433079201044,-3.729502766304758,14.333057958794157,20.2035835833689,23.03667925545023,24.083450847725572,22.8539249602605,21.462137136858516,17.73164427331844,13.043930232755363,29.715863122652735,0.005858216813286878,0.00016229663073394173,-0.0013282667217398313,-0.0011780745716683044,-0.0004290710814129969,0.00036138312153369766,0.0007086645550951814,-2.500856828848433e-05,-0.0021878078887111116,-0.006245463422237205,581.3455111224969,542.5490025404365,537.735438256911,536.1294206869891,539.8622511094712,545.1553269922235,556.8755223926694,570.5813616058168,593.7012932275594,759.9923054594684
hm105/x60y3_ba_cold_f25_p95,hm105,2425,0,0,0.013426162882562258,-0.00012978898991892134,0.0,-0.5855913975361565,-0.7314773117460545,-0.17207696298568184,-0.7314773117460545,0.2727272727272727,0.49702735504841694,0.49702735504841694,48.656000857373336,9.120228455598406,10.432594860333129,11.935784118705328,15.251554471539738,16.075922595350754,17.01384755732539,18.875185972479613,21.436787797675485,13.84749951313204,0.0030659623419330437,0.002314294350121433,0.001017856586601987,0.0003268297039869041,1.2735921699569528e-05,2.3155091021237698e-05,0.00024566938964081176,0.000940947032984755,0.0025446234397523133,0.003063878014739086,784.2727545690769,570.2593212777383,560.435501286097,553.9964744158245,555.5567179658301,555.2583417032141,551.0616756346304,546.9757558197975,542.2703849668632,544.0212095390749
hm105/x60y3_ba_cold_f27_corr_f28,hm105,2425,0,0,0.021282268929895456,0.000414091837595727,0.0,0.953960308080099,1.0,0.8465232546596224,0.8465232546596224,0.9151515151515152,0.6316461337858381,0.6316461337858381,2.8844646691003573,11.081823808294248,15.20092079628368,17.455097424667148,18.38436037518492,22.395924866637856,22.03803476481901,21.75430075265639,22.05731536547869,29.47386663600623,0.00989049365041031,0.0027204463572028806,0.0007456543819514085,-5.9133995467290065e-05,-0.00011615701458801293,0.00025149134191501183,0.0009017068297879086,0.001695216506034989,0.002305104038128259,0.0025333549969242287,670.3834128695311,591.8756044895044,576.9784766392424,565.9549775883859,555.889945599019,564.0586980106955,549.6489866500661,548.1150311761963,555.5173286809415,617.161901694983
hm105/x60y3_ba_cold_f28_autocorr1,hm105,2425,0,0,-0.08077568753356515,-0.0009504570867757249,0.0,-1.0,-1.0,-0.9999999999999999,-1.0,-1.0,0.42892086534244994,0.5710791346575501,48.376566768149125,39.98893589745993,37.487667008182186,34.44044159494879,30.086953075442405,25.28721757457418,17.174421073438,6.192956372779785,-13.641104093862994,-42.80429950329593,-0.014936162510872888,-0.009988601134393957,-0.005977060830680231,-0.00273973808375442,-0.0005971443596959593,0.00021637810369628152,-0.0007288875282291061,-0.00419701224777538,-0.012236942065401402,-0.0286400597896825,511.3879986334908,464.4121868253241,476.3016991565252,496.5183134291833,515.4509898051108,542.6634797538162,573.7800291875978,616.1321780312558,675.7724387937159,828.8479474061543
hm105/x60y3_ba_cold_f28_autocorr1_abs,hm105,2425,0,0,-0.08077568753356515,-0.0009504570867757249,0.0,-1.0,-1.0,-0.9999999999999999,-1.0,-1.0,0.42892086534244994,0.5710791346575501,48.376566768149125,39.98893589745993,37.487667008182186,34.44044159494879,30.086953075442405,25.28721757457418,17.174421073438,6.192956372779785,-13.641104093862994,-42.80429950329593,-0.014936162510872888,-0.009988601134393957,-0.005977060830680231,-0.00273973808375442,-0.0005971443596959593,0.00021637810369628152,-0.0007288875282291061,-0.00419701224777538,-0.012236942065401402,-0.0286400597896825,511.3879986334908,464.4121868253241,476.3016991565252,496.5183134291833,515.4509898051108,542.6634797538162,573.7800291875978,616.1321780312558,675.7724387937159,828.8479474061543
hm105/x60y3_buy_cold_f01_corr_f28,hm105,2425,0,0,-0.04223463180312771,-0.0005846035984614846,0.0,-1.0,-1.0,-1.0,-1.0,-1.0,0.42197303647186246,0.5780269635281374,29.383781831057906,27.51186783594074,25.24612286146202,24.045603889826886,22.116878223528015,19.218432247706456,15.63565023972634,12.27488443764339,2.1247209608041477,-20.212233377757734,-0.007750538866603405,-0.005248946289555934,-0.002905800968678063,-0.0013670781279072038,-0.00030282461791712024,0.00013007263805014086,-0.0002479984834718519,-0.001725585901488097,-0.005818986406331477,-0.01641234118076322,501.49432863882487,495.8495250120347,507.8910481220009,521.3003101239328,532.2247737168982,546.1597377509163,563.3468121798442,586.5904830822202,618.9633642083674,701.6251296329907
hm105/x60y3_buy_cold_f04_corr_f28,hm105,2425,0,0,-0.02925243459135223,-0.0004374374525791313,0.0,-1.0,-1.0,-1.0,-1.0,-1.0,0.44521584491278754,0.5547841550872123,27.635531949102145,25.91425483910679,23.22099505199984,22.150465607388405,18.99982470216647,17.341678740253055,14.54885641448887,11.199658222616003,5.818110244965743,-9.466732122589633,-0.005936082608758141,-0.003791048672431032,-0.002058793616082439,-0.000899478401109874,-0.00014348999891692645,3.539369522784516e-05,-0.0003259414024401657,-0.0013459839212482355,-0.0038004685775552315,-0.010549103635458875,529.4481650045981,520.7253196293235,528.7833076180777,538.9333251108086,546.6175838607887,554.66216330197,564.5404935772934,576.0850250449193,594.8414464294937,643.5451562328988
hm105/x60y3_buy_cold_f05_corr_f20,hm105,2425,0,0,0.008580963750005631,0.00014755447685494254,0.0,1.0,1.0,1.0,1.0,1.0,0.539035016935453,0.539035016935453,6.486650596546187,10.005113700853856,11.494605155502505,13.189306047949906,14.993285645980762,15.964413109470245,17.85845242799468,19.17333789540564,22.55228544104794,25.700917085842786,0.00278961883977098,0.0011251630500657085,0.0005116876947699609,0.00012794040489006654,-8.507079120334484e-06,2.940139198327258e-05,0.0002704994643158632,0.0005064287657008521,0.0013969168530463625,0.0016842598877279448,542.701292144918,535.9810559505344,544.0960665649752,549.503720369793,554.9187911970467,560.5782760469358,567.0414122333094,570.976400820773,577.1003091241547,602.3320532125322
hm105/x60y3_buy_cold_f08_lz_complexity,hm105,2425,0,0,0.020493463122649908,0.00012455186917354489,0.0,1.0,1.0,1.0,1.0,1.0,0.47106211105814616,0.47106211105814616,4.126958661305477,10.06049202539809,11.286814268626543,13.037366616642913,14.658449909849915,16.093625429215855,17.092732617949956,19.756108195098836,23.39602723760182,27.917567311384236,0.0051591193100112105,0.00250599251080758,0.001287896903441071,0.0005488243732554381,9.318923750332563e-05,-1.2763904701115587e-05,0.00025575769552926836,0.00121453586163233,0.0036261420198579553,0.0056902172461393416,582.9014523500854,577.2413609678524,569.6943459596775,566.8895350645962,560.4083771964101,556.7620661568407,548.7343690946234,539.1804576446052,522.4501187987458,585.9131393124617
hm105/x60y3_buy_cold_f13_corr_f22,hm105,2425,0,0,0.04458406545372627,0.0004584613738680059,0.0,0.9718319357983197,1.0,0.875616924307777,0.875616924307777,0.9878787878787879,0.5248401420685541,0.5248401420685541,-11.056786877038322,-1.8286402281371688,3.788655338843679,9.884749347928462,17.48212252793588,22.053570060672556,26.261814918495794,29.16890662276238,31.144162254444552,30.54131217228165,0.01248253318047361,0.006400501018682431,0.0031742804185891627,0.0010585550514113293,4.301864497704376e-05,0.00021235432045527692,0.0013785595512552558,0.003480152588059803,0.006306302893837976,0.00958934641211636,695.946437036462,634.8572171389003,602.9703484818074,582.4250364134475,563.0483444018153,538.0743662007676,517.5828839429009,494.74074506502325,471.8022382021827,448.4862597646496
hm105/x60y3_buy_cold_f20_corr_f36,hm105,2425,0,0,0.028325629971982697,0.00042451092592393384,0.0,1.0,1.0,1.0,1.0,1.0,0.5171357832459427,0.5171357832459427,-3.381643454303757,4.392959897609799,9.226440487385647,12.119193337755915,16.25648030011972,17.82244396568538,20.336520002903264,23.191955688293007,26.54060944103977,30.9309149954421,0.00849885917556363,0.003723439954439684,0.0016182276854692687,0.000569227403286383,1.8912832562891758e-05,8.426188180076043e-05,0.0006859749370559819,0.001871232021626358,0.003754004561126027,0.007076978593127727,630.5603293431809,584.6368357900084,572.2062143227048,566.735441296307,559.5256157658869,551.860387540451,542.8273326813527,537.4387360244214,533.3796600932382,532.6116669547957
hm105/x60y3_buy_cold_f21_corr_f36,hm105,2425,0,0,0.027850211617134652,0.0003535214720110292,0.0,1.0,1.0,1.0,1.0,1.0,0.5029820298374617,0.5029820298374617,-0.8797124499491944,4.065992071056492,8.243545419578597,11.561697947866914,14.85578676152968,18.97278473740998,20.302879323357246,22.632612033079447,26.787710677384148,30.88928145422206,0.00734424832630485,0.0037298389852055995,0.001966191425994175,0.0006947997529339553,9.526253256739804e-05,0.0001225027833418273,0.0007019207146486879,0.0017680919029001874,0.004093669209164145,0.0069801645120627365,629.6992464131015,583.4480689948559,575.9219654321001,569.2796933930662,561.7970275495567,552.8329511437946,542.4133956885076,535.8026312645935,528.6078421117556,530.5197758816521
hm105/x60y3_buy_cold_f22_corr_f28,hm105,2425,0,0,-0.0076574700958403465,9.326335967830246e-05,0.0,0.29417485019593254,0.9924933679026609,-1.0,-1.0,-0.12727272727272726,-0.1950086352792982,1.1950086352792986,-1.4076003203738596,13.724887091879511,20.297083480585627,23.459915548595145,23.366228264205542,21.997564932496722,19.814810233605073,15.337049078229494,10.925416440899866,9.8975146791819,0.004631109984633656,0.0001532974007280231,-0.0015183117634942679,-0.0012978665304637035,-0.00045676913782941524,0.0003798820555595261,0.0006418640172416602,-0.00019900757968948832,-0.002857380812997321,-0.007227551089207326,544.1147127039733,538.0395560191815,532.0976870535517,531.084998677429,529.9880408518172,534.5095551887722,548.590178731084,567.410952352652,596.6156234848736,657.0194619214824
hm105/x60y3_buy_cold_f22_period_ratio,hm105,2425,0,0,-0.002474189619957934,-0.00010081342612076221,0.0,-0.2943498631670045,1.0,-1.0,-1.0,-0.2,-0.8945758106974565,1.894575810697456,11.480182519609764,13.822477856013517,16.849272012338886,20.32925762921455,21.9748521239585,22.355866383604557,20.762775603410134,16.645275913131137,10.765197964786692,2.4069721845791068,0.002367565705140141,0.0007259093950870777,-0.0001804102860226748,-0.0005143328033283092,-0.0002755670781843141,0.00028162551409874136,0.0006978273264806554,0.00023409961549498173,-0.0013526823080069897,-0.004357411274596469,568.3791877267007,556.6570669590266,545.746401182715,543.650650886886,540.0563080074761,544.3350045941584,549.2385700031572,562.5970989587233,579.8477017901853,599.9920855264472
hm105/x60y3_buy_cold_f23_corr_f28,hm105,2425,0,0,-1.84285452915063e-05,-0.0001269564669749225,0.0,-0.29961849407439156,0.8655809922583272,-1.0,-1.0,-0.3696969696969697,45.931480567169686,-44.93148056716969,9.226764594527436,17.60091860248524,21.180585115921517,21.921222756064783,21.006560526457466,20.95493159086603,18.668544165088402,16.34164703046488,12.123334594044026,-1.6344429195789685,0.005953393686317762,0.0008171216998434526,-0.0006443905051028916,-0.0008166544308739247,-0.00032462232438658584,0.00035023019583749464,0.0008680251776673494,0.0010350057522930318,-5.6431764101627235e-05,-0.00707314956581063,632.3450611657981,574.5168719183899,560.2300533223386,546.5227080255107,536.5472944599932,534.9698626035841,531.8669940802697,536.4739813731309,545.7371113789357,592.6614945729274
hm105/x60y3_buy_cold_f23_period_diff,hm105,2424,1,0,0.016976850852459573,0.00024374477589154058,0.0,0.3961388715024593,-0.30213093313902134,1.0,-0.30213093313902134,0.7333333333333333,0.35396774913045126,0.35396774913045126,16.50255077499317,11.001955267466396,12.124630197340448,11.43456124657129,13.629734866954477,13.877891598473532,15.067679556036806,18.861744122090688,23.325883355666825,24.624824975557885,0.0022114333258576053,0.0016380918500435303,0.0011417813297271116,0.0007380586684608605,0.0001936147197947606,-0.0001732593911490552,-0.00024815718404114657,0.0005885854221101072,0.003278158847235749,0.007364798488528523,641.692723559892,561.0371954326232,563.7543389860297,562.1605915007337,564.400404684286,562.0798967856512,556.6233613133925,546.0980993905869,524.2199302360649,511.3412709552491
hm105/x60y3_buy_cold_f28_corr_f33,hm105,2425,0,0,0.036649780962678284,0.00013815795876837654,0.0,0.656159675436718,0.7083101429320271,0.5476585060714014,0.5476585060714014,0.9515151515151515,0.505484425133091,0.505484425133091,-4.716100452607386,-9.576211475284081,-0.49688045238357254,11.475955280519168,18.887503510457027,20.156115585271014,23.75111839916498,31.167969920070533,35.66144046391762,31.12962560169782,0.006068961112368005,0.007365818705896904,0.004085312438411553,0.001011508004146399,-7.554349601534301e-05,0.0001296921062210335,0.0008031745844108505,0.0033409106825652056,0.006630929596116964,0.007150859269788295,557.9407933909093,583.3987500485325,587.969838915904,573.4859031814681,557.1498015379772,566.2571432107567,567.7070507560273,539.7234896719884,527.3515954252985,546.9335749391965
hm105/x60y3_buy_cold_f28_lz_complexity,hm105,2425,0,0,0.045777653869773165,0.0005780656106297203,0.0,1.0,1.0,1.0,1.0,1.0,0.5610808565214974,0.5610808565214974,-24.848846946219904,1.9379712570324727,10.097849208743375,14.769777647204272,19.218539664440282,20.919404968613886,25.192628025679895,28.04048973911912,30.157025988844193,31.911431762850405,0.017317523904121026,0.005616796938474255,0.002051008685139775,0.00045354704589876287,-7.825287877454392e-05,0.00021425845075861505,0.0013811470069888736,0.0033471112570084547,0.006697593603717976,0.008198854245810351,665.9013538626425,605.3824745866327,578.4401758819452,560.6299206437136,546.2845722469733,533.6861326824215,520.7331164532865,506.373020177384,485.441407068254,569.9952998046263
hm105/x60y3_buy_cold_f28_p25,hm105,2425,0,0,-0.06045557800049532,-0.0007605192624081472,0.0,-0.9959531907103731,-0.9799902997229574,-1.0,-1.0,-0.9878787878787879,0.4389979405568658,0.5610020594431341,35.956483362268116,36.084134543655324,32.87484448070734,27.488700977482107,23.45285584405291,18.236178904881193,12.350999720433803,4.326645538037358,-6.564640836411818,-26.87553678081815,-0.011821668521474381,-0.007604162697317574,-0.004441324609537725,-0.0019330370696389774,-0.00040581494947271605,0.00012183892224502104,-0.0006709905601842127,-0.0033178553203181936,-0.008964043107319483,-0.020658000825068856,475.495043213943,499.0759791043374,506.56356806645766,513.3553285563205,525.2226262873133,539.0532681253528,557.5347372586514,583.0771858585566,621.3855511807582,714.0999898833277
hm105/x60y3_buy_cold_f28_p95,hm105,2425,0,0,-0.05732975055705411,-0.0007743306177953742,0.0,-0.9956155292872868,-0.9756914440366853,-1.0,-1.0,-0.9878787878787879,0.42541101688937044,0.5745889831106296,35.184315943232775,35.325741569535516,31.177458098688152,26.87063211150336,23.831294911513986,18.65229229444645,13.691782928110676,6.665846520937865,-5.024183373186192,-29.044896206780823,-0.01116392249045594,-0.006890688944548665,-0.003851244802559699,-0.0017243515884714721,-0.0004290908809296508,0.00018451959686389957,-0.000321960146139951,-0.0025433931295126473,-0.008106087333026195,-0.021709200220478397,479.3978127050734,503.60371091414515,510.24628565583873,518.0734293305414,524.498824273677,533.4162782250131,548.7446003494504,571.7313400220287,611.6918404145332,730.9825725597291
hm105/x60y3_buy_cold_f28_trend,hm105,2425,0,0,0.01524729063094664,8.872577788017237e-05,0.0,0.16796936339258045,1.0,-0.9999999999999998,-0.9999999999999998,0.15151515151515152,0.9514158987635137,0.9514158987635137,-4.261951448688278,12.221064669977524,19.55883503278633,21.58154119796891,23.203422439466202,23.353699800082975,21.600821446853345,20.050093994035354,16.41905326238833,3.6810366215707107,0.012574585743385507,0.003245820180870379,-0.00017715161338840052,-0.0007874951633586019,-0.00043365954386366675,0.0005147327053773533,0.0014933361712313688,0.0022851640641882204,0.0017552132150764198,-0.00531198090645214,702.5402218864159,603.1346724369682,568.0104830196613,545.1997609678627,529.7387818539561,519.4948258866852,511.8766087799671,511.5298326807554,518.0353023967099,565.7788161474635
