factor,folder,nd,ic,lambda,lambda_short,lambda_long,ssm,gamma,share,share_ic,resid_mean,r1,r2,r3,r4,r5,r6,r7,r8,r9,r10,c1,c2,c3,c4,c5,c6,c7,c8,c9,c10,gsd1,gsd2,gsd3,gsd4,gsd5,gsd6,gsd7,gsd8,gsd9,gsd10
hm100/microcapm_active_buy_volume_ratio_capm_abs_residual_mean_corr_microcapm_price_log_return_3s_capm_cooks_distance_mean,hm100,1207,0.01692486222923925,0.3494440869225322,-0.6466859063084373,1.0,-0.6466859063084373,0.2606060606060606,0.2674962797798347,0.2674962797798347,9.039070890673448e-05,33.475350936069596,26.097372882572515,25.914569293625373,24.14921128338361,26.150234408927084,24.009632238466768,25.02694004401845,26.805776022167382,28.824455859518615,45.794000404370166,-0.0010556739669925496,0.0027041956892406953,0.0015985834275109253,0.0010205162902991415,0.00023553706369031747,-0.0002221002446265045,-0.00036533851555113546,0.00010341118178988407,0.002024763417123177,0.010790577177848582,619.5765834920994,643.8448763163266,635.6881637754908,626.898416083492,620.9117721532572,611.6047338252199,605.6948335017448,595.5774130021017,575.9867483293423,525.3582696501379
hm100/microcapm_active_buy_volume_ratio_capm_abs_residual_mean_corr_microcapm_price_log_return_3s_rolling_alpha_mean,hm100,1207,0.02628519057478524,0.3690992284613467,1.0,-0.8495522321551535,-0.8495522321551535,0.503030303030303,0.8564163634109302,0.8564163634109302,0.00018505567719665208,-7.920612943865673,16.08155632771549,27.66816971241225,35.819601141628205,37.28808810072946,39.97655149084079,41.8418446675258,39.7835008415175,36.8111498550068,18.91058282175756,0.018394918143504045,0.005576227859782805,0.0001981577471041732,-0.0012438592844988,-0.0005728618523647333,0.0007245013802285049,0.002180209949352178,0.003056855560806955,0.0024290632743086396,-0.00464307788063522,734.4192905231527,661.3798080907932,605.1121457129237,577.5042890223394,559.2698852523098,551.5147982460298,554.2678398194344,560.3627666137868,584.844296734621,632.4084884950405
hm100/microcapm_active_buy_volume_ratio_capm_abs_residual_mean_curvature,hm100,1207,0.05860260662569103,1.0,1.0,1.0,1.0,1.0,0.6100092925488065,0.6100092925488065,0.0007835533996779279,-36.90911551317014,5.667697200148582,22.18877858515074,30.608369464635217,38.53133877125264,42.871377325020916,48.18572459141588,48.610583742347764,49.540576307380626,50.537834874422096,0.02452854088027586,0.008614127500580333,0.002314220320345224,0.00013535303567080868,-0.0003220819826301635,0.0005523654301267999,0.002575906924021013,0.0042581781855310615,0.006249413777798105,0.008913029154294084,749.4497196869661,657.2102454329125,615.8965771361991,594.5238975243471,578.83037115005,570.8214183315206,571.6736685120193,572.874731886636,563.6722217965424,588.5223623356056
hm100/microcapm_active_buy_volume_ratio_capm_residual_zscore_mean_corr_microcapm_large_trade_direction_v2_capm_residual_mean,hm100,1207,0.08021659840018455,0.9895345747889002,0.9999999999999999,0.8888842981808627,0.8888842981808627,0.9878787878787879,0.5622745367932068,0.5622745367932068,0.0007298260711504983,-34.429847281304426,-3.0932275139967453,14.208394347612577,28.165792587636307,36.94912697927944,43.75628814844864,48.41415120446551,50.44139301119847,51.43426880950432,50.98260313017785,0.02531237051629105,0.012875029543796067,0.0055326094881020214,0.001149665389023164,-0.00017628684471753604,0.0006280920969763705,0.0029816772282061465,0.006265128985647311,0.010242542101271939,0.014675943824437605,838.9215983954604,716.0205904641565,653.7731138158654,608.1785594713359,576.9144004713706,549.673983610239,525.3445911567858,506.4827679589938,491.77526069641254,484.96418827719145
hm100/microcapm_active_buy_volume_ratio_capm_residual_zscore_mean_max_range_product,hm100,1207,-0.07743754174799282,-1.0,-1.0,-0.9999999999999999,-1.0,-1.0,0.4483512745288124,0.5516487254711876,-0.0007355621359988311,60.556524377688135,58.01335642297082,55.92162159862752,51.4338755853625,43.69840294417959,36.17956365104527,25.772299541536892,11.238129541520376,-6.318535547818671,-36.225861201123614,-0.013489045940768425,-0.01109336860017712,-0.006511843522602399,-0.0028232967876017476,-0.00047187546677075076,6.101426633079028e-05,-0.0013509747404296254,-0.005247290483514025,-0.0122743645138613,-0.023500933822599285,594.7997559921762,522.9656750782243,538.868416184122,553.5805967701797,571.367429679427,584.5096683913623,601.3254320829612,628.9918007045686,675.9074177763622,746.1745441291902
hm100/microcapm_active_buy_volume_ratio_capm_residual_zscore_mean_std,hm100,1207,0.0702591695904067,0.970235106527544,1.0,0.8116095939220345,0.8116095939220345,0.9878787878787879,0.5406628167077392,0.5406628167077392,0.0006668851132010043,-29.871305993468713,-3.8840783410540034,14.057587754056138,23.31150699128485,34.00724543905672,42.02046436594161,48.035745702240696,51.94420890071307,54.23972951282163,52.969040546104814,0.021371997698341756,0.010643466574832386,0.0043208520391282675,0.0012909184053617685,-1.274171091909161e-06,0.00040259494357780464,0.0021974669013836564,0.005474264244119104,0.009667071994770226,0.014224925846782586,811.155073452842,677.1761179847407,628.736301818536,602.8374688922111,586.387381268698,571.4207234648557,554.8272817626867,529.903558259583,508.24037655162545,502.1704303063453
hm100/microcapm_active_buy_volume_ratio_rolling_alpha_mean_period_ratio,hm100,1207,-0.043683946704810454,-0.20034427318673437,-0.846272442293269,-0.01785656595778154,-0.846272442293269,-0.8545454545454545,0.5235598959211716,0.47644010407882836,-0.00013330793054563457,46.3916635059196,46.993733225659,46.76415984677285,43.69046331993873,39.76285836836975,26.527403047571724,1.132151455003706,-17.099270604109602,1.2165834957859079,24.996691154296634,-0.00822155654430899,-0.006750738883271726,-0.004788488953440173,-0.0025152427732146833,-0.0005253407497190683,-0.00014507561244441323,-0.0034523399198483976,-0.008673471780533496,-0.0072715991606040805,-0.0012067843968798114,532.6446012971337,525.94972896638,525.1676926766727,533.6024242348032,568.9702996103173,620.2924723750576,684.1953468852363,722.5414874267377,671.7067391497325,609.8147799070389
hm100/microcapm_active_buy_volume_ratio_rolling_beta_mean_p5,hm100,1207,0.04024891366059836,0.6148501496427832,0.292294708011396,1.0,0.292294708011396,0.9272727272727272,0.4298506261668062,0.4298506261668062,0.00024625620605380166,17.546545861476755,6.429010461224668,10.638456074151525,15.948626630571344,26.730020396454147,31.761130490013336,36.9235149340833,41.41584338528177,46.56526034597332,53.04243556863395,0.004115580193467716,0.006638557140827696,0.004322761619593075,0.001867884620282789,0.00025038378100093864,2.9313698463317338e-06,0.0008021983009912098,0.0026544673905093434,0.006121924231693326,0.013225968806332089,658.5635149855697,667.0676452290431,666.1455626332441,648.546732637278,630.9751829693862,608.8528196777238,584.0215803345227,557.1188540214862,528.6615157576299,478.65220442793697
hm100/microcapm_active_buy_volume_ratio_rolling_residual_std_mean_autocorr1,hm100,1207,-0.08952300867220817,-0.9649992728384587,-0.7027817877161517,-1.0,-1.0,-0.9878787878787879,0.4027934010996739,0.5972065989003261,-0.0013232155084355406,56.286274005256296,58.503289701792134,55.435163474954074,50.99060476147017,45.801867665322916,36.49125554639966,29.108485005819638,18.960778036252183,-0.34992722933299625,-65.96367384035914,-0.014581815857965617,-0.010355428009351991,-0.0065132016945150676,-0.003256797001873259,-0.0008190521010177866,0.00036788361481062754,-0.000277206909976035,-0.003785834795346287,-0.01218336670585749,-0.036794973702679666,501.01491471292303,518.5346721946621,524.3906464403552,531.2406921961717,537.357875080883,553.1154440388942,582.4371614141444,629.6706388614297,697.0193922363998,878.6078016320553
hm100/microcapm_active_buy_volume_ratio_rolling_residual_std_mean_corr_microcapm_large_trade_direction_v2_capm_abs_residual_mean,hm100,1207,-0.07677246876084347,-0.9926419153829783,-0.9290140925172942,-0.9999999999999998,-0.9999999999999998,-0.9878787878787879,0.4046794805716299,0.5953205194283702,-0.0008823114104937634,54.74013925325838,55.16303339487014,51.085415640641024,48.93471788535987,43.67105156719754,38.56947110631772,31.999790922827263,21.202631261257068,0.6461798660032221,-59.36087278529524,-0.012393445899648418,-0.009528273392375141,-0.0054764682417366185,-0.002697908359219803,-0.0006150935640588192,0.000342696809719618,-0.00018783965782496947,-0.002858160550173688,-0.010701528892714593,-0.03177413560231732,585.1710348928123,527.9691251284636,534.1118137945879,544.1084212172219,556.6947417188935,572.1237707117912,591.6670864142233,626.1109036500918,684.3984897064721,795.0296031285521
hm100/microcapm_book_imbalance10_innovation_capm_abs_residual_mean_corr_microcapm_price_log_return_3s_capm_leverage_mean,hm100,1207,-0.03861096721187835,-0.7072423401662261,0.13292673553664153,-1.0,-1.0,-0.8666666666666667,0.4049441254537476,0.5950558745462525,-0.0003876897219373104,33.367450029945545,38.64798793772134,38.6675557521169,36.76784601749679,34.61117697105898,31.759526834928007,28.99750532179608,23.804994501213155,19.058021587638684,7.759517679309677,-0.0043187163428780335,-0.005529676386056963,-0.0036453973880684453,-0.0016433055994412476,-0.0003411959586954257,0.00012588855117326566,-0.00037205767561810895,-0.002295808513097627,-0.005908048473634805,-0.014294959703623714,533.8522869563185,518.939623897711,529.2545031308798,550.4607045959157,571.2570786867291,593.5402537249072,617.3622765508799,645.250864878029,678.8519192772924,739.026515252122
hm100/microcapm_book_imbalance10_innovation_capm_abs_residual_mean_corr_microcapm_price_log_return_3s_rolling_alpha_mean,hm100,1207,-0.03255167883835624,-0.5777359745728613,0.5659094595449684,-1.0,-1.0,-0.7333333333333333,0.2805642451798034,0.7194357548201965,-0.0002299245480950963,28.603700754972653,38.65558177282598,39.51554720933977,38.206147868721494,36.49064095063758,33.813079315061465,33.06746774491277,28.073783743537447,18.272768288088358,-1.2551831001048344,0.0005487191374629139,-0.0036906706930778495,-0.0033762842447329893,-0.0019824164064372917,-0.0005676763885489642,0.00038634598821773525,0.0005232638339834171,-0.000850506061724598,-0.005411564572376964,-0.01790096488302652,592.2299170669706,562.1535442937235,549.1219461889734,547.8919353714513,554.578588161211,567.8043933237789,591.8043595860373,618.9342016183303,660.2967096679819,727.3026853675074
hm100/microcapm_book_imbalance10_innovation_capm_abs_residual_mean_curvature,hm100,1207,-0.010992498844836919,-0.726972208119296,0.18196357603748653,-1.0,-1.0,-0.8787878787878788,0.06683990822749758,0.9331600917725021,-0.00014105867571881454,33.84284002594269,36.03144749755351,34.695187796887716,32.839229438843155,35.262990514207495,32.50373313044425,32.13448832679713,29.56396966753081,24.164403228858216,9.280770910871837,0.00360677582730061,-0.0017105677648597912,-0.001424974394512023,-0.0008513285171694355,-0.0003452144157993947,0.00026443287814023126,0.0006720546052865654,0.0003661886860826742,-0.0015755682671469604,-0.009853238806440573,706.9402430459161,594.1891804398936,583.751635520392,576.3951608577224,579.7230828911489,580.4327608544093,588.5849592317561,595.8442558546379,612.4214937666353,673.7659507509079
hm100/microcapm_book_imbalance10_innovation_capm_abs_residual_mean_lz_complexity,hm100,1207,0.043310905662837226,0.9694203023201274,1.0,0.8032815676289026,0.8032815676289026,0.9878787878787879,0.5763719327787947,0.5763719327787947,0.0006349969109287545,4.4098159078577455,18.69207513366855,27.25818422406611,30.148825749184184,32.58744168265965,35.55702236371826,35.94180041235723,38.21739803925257,37.65350536862109,40.16222974545271,0.01671543362813437,0.005876920875051377,0.0017876111942211569,0.0003090645941361879,-9.18342811141026e-05,0.0003056080442197795,0.0013620925492483882,0.0034309873533714553,0.005621068825461575,0.007358955969178318,780.3584297861893,649.1694686410644,625.1518096567177,604.9405636755898,591.6843094920426,579.736625804505,566.7458831776819,552.0580822025747,536.6064127870733,581.6959084497355
hm100/microcapm_book_imbalance10_innovation_capm_abs_residual_mean_mean,hm100,1207,-0.07816608003658812,-0.8267899905920352,0.05067426427715374,-1.0000000000000002,-1.0000000000000002,-0.8787878787878788,0.4259478632373662,0.5740521367626338,-0.0007841471251281923,42.28275404859812,49.41815373649668,47.37842626551007,46.615955310640835,42.97103802356815,38.796521909735546,31.80245774110521,19.203172582168015,0.7598192505561083,-25.83660072763661,-0.012720085998853835,-0.010314737129414341,-0.006208803425974832,-0.003011899253427672,-0.0007051431691428644,0.0002480230105082654,-0.000992775695354932,-0.005402630429881873,-0.013393633110127855,-0.02488024770978991,417.4864894921847,458.3387808755228,482.4745626169238,506.7947874795856,524.4115665756173,559.3197525679277,602.7348338517909,656.7274083071982,719.4124600091303,859.7570013592551
hm100/microcapm_book_imbalance10_innovation_capm_cooks_distance_mean_corr_microcapm_price_log_return_3s_rolling_alpha_mean,hm100,1207,-0.03278592478081231,-0.6350285594489935,0.7200155783004891,-1.0,-1.0,-0.7212121212121212,0.29721541750705455,0.7027845824929455,-0.0004069024360856588,30.002117674587268,38.27232299550177,38.48009496826101,36.88066768491104,38.22837936000887,36.171428015729084,32.872921354823994,27.808695330031025,18.910488558641624,-4.190108993958676,-0.0008302752953094752,-0.003625893918420537,-0.0029789104140848853,-0.0016505827525685466,-0.0005378822642747322,0.00039224452277837076,0.00045609484307904537,-0.000737703652460478,-0.004767889641764917,-0.018098223771700492,610.0897902772657,570.6116904011263,559.8540770988426,556.0627825940721,563.5977177851937,573.4846695217684,587.2373488305257,609.9333564696926,643.0201001446812,730.5924487898585
hm100/microcapm_book_imbalance10_innovation_capm_cooks_distance_mean_p25,hm100,1207,-0.08938409868879454,-0.9182137541779317,-0.4446289669017509,-1.0000000000000002,-1.0000000000000002,-0.9636363636363636,0.4544854748654616,0.5455145251345385,-0.0008057605594507031,49.712634013587206,53.396736896513374,51.119230382733036,49.52713397499281,43.81366283514103,37.44691894419387,29.342346979956798,15.114492874394706,-3.0801800641080357,-33.01017359073505,-0.016471520040325618,-0.012563683017079863,-0.007403992318866804,-0.003252245911838569,-0.0005661267793974048,2.4611309792003545e-05,-0.0017491394054132616,-0.0064234609166988945,-0.014280966767283038,-0.025891814282232407,415.33376452371346,442.33849873801057,468.9352771278392,503.1655771157452,535.9533898087219,573.3820330154505,620.5828801353817,665.8213439759478,721.2111122658827,844.3861984344366
hm100/microcapm_book_imbalance10_innovation_capm_residual_rank_mean_lz_complexity,hm100,1207,-0.03779381601027118,-0.8658065303746724,-1.0,-0.32971330233694085,-1.0,-0.9272727272727272,0.6010466790007271,0.398953320999273,-0.00017374538292698762,56.01267613359898,49.36298742266277,41.79727495854993,33.4099484562504,26.533328204364206,22.26490547218478,18.04844731497104,17.409967131306434,16.648426108089957,19.479601368828906,-0.01142114566092799,-0.007956266527687057,-0.003144603770097398,-0.0003466496142999475,0.00025724705867434544,-0.00045990800370244084,-0.0018266771086788668,-0.0031223503113841887,-0.004213761564380824,-0.005385955124859866,604.2856215545958,545.2154978576559,579.8457926051248,608.613432101481,625.8292492668495,632.5522488526166,629.0822258976029,620.4560908799959,607.4911492153255,632.7121505375085
hm100/microcapm_book_imbalance10_innovation_rolling_alpha_mean_corr_microcapm_price_log_return_3s_capm_residual_mean,hm100,1207,-0.05098046525865959,-0.8782231296635913,0.10649941971595482,-1.0,-1.0,-0.7575757575757576,0.3361756471822166,0.6638243528177835,-0.0010467342610902565,38.33871412241449,41.152527193383754,41.65553801647248,43.03777865358801,39.243274281888,40.05758593182554,37.713521266874245,31.33718042474575,22.040936523428964,-41.183357210377984,-0.00396462157010262,-0.005771036223516312,-0.004173668993201877,-0.002318543439586828,-0.000558634107922954,0.0004126032054477231,0.0005770798241990463,-0.0008642554048740569,-0.005292122449415624,-0.027980531838595873,564.7915165598778,513.4335174689955,513.8133611501751,528.8633446181783,545.4997952200049,567.777706063763,589.6450952897161,613.6269521789906,660.1163981794854,836.5438122832182
hm100/microcapm_book_imbalance10_innovation_rolling_alpha_mean_corr_microcapm_price_log_return_3s_capm_residual_zscore_mean,hm100,1207,-0.0534653392262096,-0.9559137947871897,0.25254708688291944,-1.0,-1.0,-0.806060606060606,0.34317005401183753,0.6568299459881622,-0.0010969102711263377,40.71726342653955,40.12792735203434,42.0578541207786,42.075979683144276,41.50282262262793,39.372492372051326,37.89585240040385,32.53371863032497,20.86709469813951,-43.76132062424784,-0.0050751301610135816,-0.005792650792897495,-0.004293025596682054,-0.002206301103513164,-0.0006041689389247313,0.0003968172113356285,0.0005819104990515391,-0.0007896860029692985,-0.0057136830901263445,-0.028872510979343832,559.9919916157814,505.6810723548104,510.2277824246932,528.5875309482269,547.6836977643195,566.8145215899287,588.3273882776963,616.1751577767337,661.045310620426,841.7551638750732
hm100/microcapm_book_imbalance10_innovation_rolling_residual_std_mean_corr_microcapm_large_trade_direction_v2_rolling_residual_std_mean,hm100,1207,0.07293140823179914,1.0,0.9999999999999999,1.0,0.9999999999999999,1.0,0.5509010863463794,0.5509010863463794,0.0005736397252306807,-27.211638318267457,-0.16129862798401118,17.326712909833955,27.780093010153678,32.99282212006749,38.56792358186354,44.615593461856875,45.91429886173193,51.30923100635386,55.17896847250211,0.023133177825663962,0.011622659081959672,0.0043346040315526465,0.0008472203174461885,-7.568798075407703e-05,0.00044320769776684044,0.0024217866618687386,0.00520976563174664,0.009504060682299163,0.014916974557018662,803.3012218947565,709.2622795419219,659.0020066181031,614.5141540800838,584.0386624505668,559.0012497627522,537.7487559738311,514.156188190873,500.42121115680226,492.55656967320414
hm100/microcapm_large_trade_direction_v2_capm_abs_residual_mean_corr_microcapm_price_log_return_3s_rolling_alpha_mean,hm100,1207,0.025138549572751665,0.4254757135849275,1.0,-0.8586475691713269,-0.8586475691713269,0.5272727272727272,0.8044378109358462,0.8044378109358462,0.00024172367570074877,-6.828928346619012,16.072281986418805,28.895514692547792,34.10692814666266,36.87774578552094,39.969626266275796,39.08009581126647,40.559910716522076,35.53729294966039,21.99130833043055,0.01619543384455607,0.005057849128413568,0.00018491069841320364,-0.0009428118012852193,-0.0004674337462230763,0.0006211889693807494,0.0017012621772588099,0.0027560619755448174,0.001958391727037086,-0.002168027076045072,716.9130762157031,655.0473423061603,611.381595280063,582.7417176153311,568.8982831442828,562.8992983198086,562.0575615070612,571.4447186394389,587.2936169638076,616.5525087300432
hm100/microcapm_large_trade_direction_v2_capm_abs_residual_mean_p5,hm100,1207,0.07850640375121698,0.9442172297889379,1.0,0.6142722524487417,0.6142722524487417,0.9636363636363636,0.5590671937710444,0.5590671937710444,0.0005887795106372024,-41.0940847371047,-6.403299139718996,14.129480629855731,27.36203118862081,37.91968750154407,43.654705376021376,49.70555556097314,54.10792525674397,55.219524619969384,52.45612973968282,0.023768008150717508,0.012961454701315451,0.005569528071073873,0.0014029154696909292,-0.00014071886331016477,0.0005755552571175651,0.002969954675024148,0.006713575111591424,0.011065263495869077,0.013032088171489885,774.2484838693707,715.9844368986871,662.3370343234418,618.495873879996,581.699548304846,547.9921636523887,522.4748204013812,501.9691066282857,483.8926942717583,543.4785515554729
hm100/microcapm_large_trade_direction_v2_capm_residual_mean_corr_microcapm_large_trade_direction_v2_capm_residual_rank_mean,hm100,1207,0.05198324418342826,1.0,1.0,1.0,1.0,1.0,0.5121303376583237,0.5121303376583237,0.0007349894039931633,-24.53187181055986,5.393047247205491,20.729932537786986,26.69341158770146,32.33572392204985,35.7828285898058,40.46322392342894,45.39849673494054,49.7461574166633,54.81509729519791,0.016750624196482645,0.0060470663049195395,0.0024788789415261143,0.0009072170230809384,6.199955858267556e-05,8.94013451294843e-05,0.0010207604520649997,0.0031522289838969556,0.007008233662012663,0.013731844311739115,785.798569255003,646.0938812346157,627.9003430099859,614.782485780256,596.589479108098,586.1565539728055,573.2010553510056,558.6403021299942,537.5333776807015,502.38047926338487
hm100/microcapm_large_trade_direction_v2_rolling_alpha_mean_corr_microcapm_large_trade_direction_v2_capm_abs_residual_mean,hm100,1207,0.016042332698890965,0.061636268408050726,0.06180236889261779,-0.46633902548069833,-0.46633902548069833,0.7696969696969697,0.4924467516053278,0.4924467516053278,2.8124001482025498e-05,28.525305709450446,18.615806272741487,22.976023331936467,26.61508025775682,29.830852684677414,31.94398333177101,32.85266921689924,32.94787588787642,32.256789887106024,30.189482633183406,0.00264236323722153,0.0033073521683741965,0.001532255397603137,0.0003871463551310333,1.702789423893042e-05,6.430239187730247e-05,0.000461390118980523,0.0011198722869224008,0.001793136231689745,0.004689362615370154,691.8056508683244,627.1862479490703,615.4517619384404,606.2950480356573,603.1087590663259,598.3404794205126,593.0157561225484,587.9136746745813,584.6413663839106,579.1034131114584
hm100/microcapm_large_trade_direction_v2_rolling_alpha_mean_mean,hm100,1207,0.018272423515087986,-0.07036372654967243,-0.9733317752581065,1.0,-0.9733317752581065,0.23636363636363636,0.13692751740883988,0.13692751740883988,0.00015216443390846037,44.142981355453614,27.867146700516486,20.799007138360526,17.150024684937,17.514815970398043,20.82804246080863,26.00609121772039,32.44125289859982,39.62159256901971,40.59404752143089,-0.003849522111249696,0.0011304145115219545,0.0026319577848419214,0.0019659683692547867,0.0006023435364219314,-0.00041442338602685764,-0.0004500685951496865,0.0010487940453150608,0.004926665819888213,0.010528129106361896,638.515077585597,608.3761565709101,629.0895964950142,639.7920975337674,641.6807464289508,631.2586569369555,612.9399767537276,589.9965904721889,552.586792156924,519.0822498258225
hm100/microcapm_large_trade_direction_v2_rolling_beta_mean_mean,hm100,1207,0.07796935261059876,0.9999999999999999,1.0000000000000002,1.0,1.0,1.0,0.5644684546475155,0.5644684546475155,0.0005679176755138416,-48.31892627629329,-4.083524461486689,18.577998301623534,32.1527736719889,36.37883989829925,43.27825269464425,46.85323084577936,50.30153947928378,53.45192381537626,58.47608247338658,0.027010481329747253,0.01252139560982887,0.003882049317342997,0.00046144874563394477,-0.0001847066372454781,0.0005433939140298444,0.002426347424569975,0.00530473669483298,0.00942608068640495,0.016010207849939558,837.4958684674791,713.5003771250807,647.7328257069858,613.1073709480241,582.6256902762996,558.4177142456729,536.4105007718526,516.6314090846579,491.2111637932469,461.91774288622275
hm100/microcapm_large_trade_direction_v2_rolling_corr_market_mean_mean,hm100,1207,0.07236173364172037,0.9987832166013911,1.0000000000000002,0.9855733048729404,0.9855733048729404,0.9878787878787879,0.5774737909894637,0.5774737909894637,0.0005652368125238451,-44.96628623979474,-2.8449509229395096,21.021671591531156,31.829572957328217,38.732202981973025,43.98940479547564,46.210023383110304,50.541164569698125,50.48205960580272,52.065027672060026,0.025915106346935946,0.012036593261444791,0.00341680113269093,0.00036179947669496556,-0.00026970501404750824,0.0005765473815502731,0.0023892035137328673,0.005121881492716674,0.008403457241331286,0.013844811996146292,832.6042113972715,709.8807466199977,647.1735883289743,609.8389452496518,585.5788163678722,562.089541908016,540.1214069754735,522.7051164642988,496.6425345527389,457.0751270766044
hm100/microcapm_large_trade_direction_v2_rolling_residual_std_mean_corr_microcapm_price_log_return_3s_rolling_residual_std_mean,hm100,1207,0.07783338579036397,1.0,1.0,1.0,1.0,1.0,0.5453671961692559,0.5453671961692559,0.0006259504330583867,-21.114323240535604,-1.9786986245874734,13.666342710577053,24.21832731369896,33.354146248225106,38.92128023852686,45.674381215018165,49.02436902252883,51.044997014705885,53.49721823862177,0.023497893642118236,0.012568881954854864,0.004903981551967292,0.0012296759477350443,-9.403055244261118e-05,0.0004613014730111115,0.002518927426059057,0.0057864320594296715,0.01015149713085765,0.016182874723715282,790.8958758794869,726.3406644788546,668.2902727889239,624.0001851244792,586.725165025504,561.3895384067208,536.4470906238873,514.573014555244,485.95544645263107,464.5031848437808
hm100/microcapm_large_trade_direction_v2_rolling_residual_std_mean_lz_complexity,hm100,1207,0.07315998239506692,0.9392432391723581,1.0,0.7234240479146481,0.7234240479146481,0.9636363636363636,0.5263103883250693,0.5263103883250693,-2.421519814933412e-06,-20.0421655339952,-14.328961031217844,10.101406756045813,24.83684482720277,32.47266471818212,43.2525772795929,51.67279484694129,56.782046379087056,58.60703007649914,56.14293982187352,0.017084831968472766,0.014094852521067527,0.005691714682886878,0.0015550931977851208,7.96408450247418e-05,0.00038242329733346184,0.002549618927187419,0.006242622909549297,0.01072156602461541,0.014760039540959226,773.8458133368351,710.6252370932136,643.237695255853,610.2528191724174,585.4955425169685,570.4028132498644,556.8148826630693,537.8946692231054,519.6601390450988,500.625323772477
hm100/microcapm_microprice_pressure_bps_capm_abs_residual_mean_corr_microcapm_order_gap_magnitude_rolling_residual_std_mean,hm100,1207,-0.037171445716346244,-0.4946529273853058,-1.0,-0.08631971516168957,-1.0,-0.9272727272727272,0.6023300405337996,0.39766995946620043,-7.77309600140689e-05,48.22745818382835,44.04414136788343,39.71302836150265,35.62466692293952,30.302004080979664,24.692027113186985,18.87986657263374,13.768308824611202,8.871357103927703,22.177784372663616,-0.012892559077932724,-0.006251737825571959,-0.0025918299514368537,-0.0006804659808387633,7.393412304956572e-05,-0.0003706119402766843,-0.0018996279704308683,-0.004331921459664289,-0.007035366042747851,-0.0011135286304817093,498.2616394239784,531.7045255210402,559.7388955104944,583.6536119029812,605.6683088050897,627.5101023608581,645.8064454939639,667.2072892836411,683.4942476024747,633.4749909164061
hm100/microcapm_microprice_pressure_bps_capm_abs_residual_mean_kurt,hm100,1207,-0.06552915047292779,-0.9200062565277586,0.2633569418950332,-1.0,-1.0,-0.7696969696969697,0.3722386445653714,0.6277613554346286,-0.0009920207485340786,41.27284205777021,43.30799782843145,43.98022136853512,44.96333478216017,42.81146799277055,41.55228613673773,39.04855217811272,29.102456033462918,10.95853851110369,-43.6157066894734,-0.008783826952460194,-0.006967308038295819,-0.004889763989638725,-0.0027022829119479255,-0.0006800318004052141,0.000434047065856101,0.00035609028283335216,-0.0022532185043856044,-0.009311979101419964,-0.029738855774529768,475.28496913689673,486.86708954960875,503.9574780269913,528.2858427974436,548.8192210052363,569.9669295221257,599.0438310114231,636.2339145729046,698.3926705787567,830.8336543032033
hm100/microcapm_microprice_pressure_bps_rolling_corr_market_mean_median,hm100,1207,0.05331660551492178,0.7587260356128378,0.6029462498925292,1.0,0.6029462498925292,0.9878787878787879,0.48012625181467616,0.48012625181467616,0.0002459571325564738,7.058620513673323,-0.12771951977042992,9.881644540253708,20.50463525730461,28.884263880319043,36.2422453960745,42.19124751703818,46.52553153176065,50.09619666057892,52.2558990347098,0.008599308078678461,0.009660207970350498,0.005201567117976475,0.0018061060414526272,0.00021342228074161027,0.00014992825450337415,0.0016178921234675512,0.0042555862509837065,0.008105204961440538,0.01346142530277049,687.6658105036786,710.6148141972178,682.9233856636496,646.8574457726809,612.2645992479346,583.4750496907842,550.2165411523108,521.0659007489364,493.95794277986624,457.0603338054539
hm100/microcapm_microprice_pressure_bps_rolling_corr_market_mean_p75,hm100,1207,0.082388020265857,0.9617880101226626,1.0000000000000002,0.6560243801870737,0.6560243801870737,0.9878787878787879,0.561859687385393,0.561859687385393,0.0008738483716888931,-35.59749660047407,-0.6737255404906297,16.229816900373617,27.69398403011173,37.6423039515902,44.48045432348205,48.97169777959992,50.99316896343404,52.76680885606194,51.04563616655611,0.02704710038195389,0.012610000509853333,0.005099112262558992,0.0011859136399614194,-0.00014259965639119913,0.0006150520718756645,0.0029659032040394713,0.006356409672054861,0.010823308731394261,0.014953971076867332,852.2539567793586,721.9720551009174,654.9048549956833,611.1770448610222,576.3359399417208,543.9914337266418,514.1108698231051,487.7135046832995,459.2644782493567,428.73601344938083
hm100/microcapm_near3_depth_share_rolling_residual_std_mean_corr_microcapm_price_log_return_3s_capm_abs_residual_mean,hm100,1207,-0.029322073215903938,-0.657347028930016,0.4402775820554782,-1.0,-1.0,-0.7333333333333333,0.34284945116302246,0.6571505488369774,-0.0004078768600056594,30.49612414573579,36.45024289860588,35.07409161067134,35.451406605999644,34.36702844409051,33.4770454839325,31.005295316725466,28.85727360042934,22.01518588297702,6.203621149195847,-0.00165763230274057,-0.003974601017973165,-0.0024918482473126084,-0.0014149645707197643,-0.0003741702126934992,0.0002265589567969242,0.00016931703343864906,-0.0009508412495220022,-0.0044304355413332655,-0.014015579203839033,617.4349049228467,555.8914295543318,557.0985382913592,560.8431837056856,566.6727193397514,581.7536717583274,592.6426322553428,616.7025975270941,642.7751253875031,711.8946740338541
hm100/microcapm_observable_ratio_innovation_capm_abs_residual_mean_lz_complexity,hm100,1207,0.038704393232269915,0.9414252263573625,0.9999999999999999,0.7587049068968716,0.7587049068968716,0.9878787878787879,0.5853589125120784,0.5853589125120784,0.000545241350653982,6.058617221869916,16.798041174191845,26.306000171762022,32.50092141226381,33.57484982671525,34.18104175519643,35.72249551700042,37.84267056573171,36.75500588076458,41.02093661530703,0.01519348306401817,0.005533938622499141,0.0016223216106865776,0.00011750655969579871,-0.0001304502090937548,0.00026305095410459164,0.0013458258720503934,0.0029920390737542624,0.0048792557626878156,0.006342180571212939,803.3378659095328,663.2655931214427,631.1300294627756,610.5580094119642,590.2118086792179,573.3638337221441,553.2946368566477,541.1586909647256,521.3902037346184,569.9458522992287
hm100/microcapm_observable_ratio_innovation_capm_residual_rank_mean_corr_microcapm_book_imbalance10_innovation_capm_residual_rank_mean,hm100,1207,-0.04002554620611798,-0.5908329161316483,0.3181572004974928,-0.9999999999999999,-0.9999999999999999,-0.8181818181818182,0.43195423163658514,0.568045768363415,-0.0002297591495097372,32.103612568958575,42.094257381966194,40.740920426953515,38.663352750228015,36.92639938629971,33.34783705683724,28.41588984999165,23.723840978770905,14.01733348290342,3.2508429223951563,-0.006429747781176064,-0.005794234958818341,-0.0032724280760478147,-0.0013953348199416346,-0.00029821298442650885,7.543917190123745e-05,-0.0005290314365075867,-0.0022451852577024616,-0.006295793360220426,-0.013611257553668623,535.8341192662473,547.9725127827578,567.0163315247219,579.5217625699698,590.1839570757242,601.074538101124,611.3390550441432,626.3897302825828,642.8215102155862,682.3529011354091
hm100/microcapm_observable_ratio_innovation_capm_residual_rank_mean_lz_complexity,hm100,1207,-0.04682371155898717,-0.8622709761209847,-1.0,-0.5434907501870385,-1.0,-0.9636363636363636,0.5605180317557175,0.4394819682442824,-0.0004145764997362208,57.919306116831365,52.28713054427722,44.30898264159381,35.2858336086328,28.386968498933083,23.36481145834906,18.486016921236683,13.914063609429277,11.84321455133545,15.2508900168546,-0.012384478453103183,-0.009111162365525425,-0.003841691375991237,-0.0007981238531689875,0.0001222990088922431,-0.0004181755066912865,-0.001906445893784462,-0.0038854075965516674,-0.005903468030679125,-0.008282480992647782,609.9812539845408,534.3368366949976,567.0832247269981,596.0122012672165,617.6100963274416,631.4683063737027,632.6162058403464,624.6326506684144,617.0634893592455,649.3944010889276
hm100/microcapm_observable_ratio_level_capm_cooks_distance_mean_corr_microcapm_price_log_return_3s_rolling_alpha_mean,hm100,1207,-0.02002093063128916,-1.0,-1.0,-1.0,-1.0,-1.0,0.4480000783285529,0.5519999216714471,-0.000324531826118084,37.37461502432274,35.34883136950377,33.5069867638225,32.28449757862257,30.795471137311935,30.231271035460015,28.556901948125446,26.88311527640772,23.42931678902214,14.829145376111779,-0.004484425917076852,-0.0025418806783838854,-0.0012242287524449674,-0.00047351243546773364,-9.994042413363225e-05,2.7524795486802924e-05,-0.0001535536704250619,-0.0008344730188949489,-0.0022931206495457475,-0.007618788054285077,583.9215671809701,587.1425560163043,597.123531688116,599.6529475939446,602.8082673846247,602.3498054803476,603.6995444723761,603.7089559341324,608.4022921109522,636.4452643445204
hm100/microcapm_order_gap_signed_vw_capm_abs_residual_mean_corr_microcapm_price_log_return_3s_capm_abs_residual_mean,hm100,1207,-0.022084262675237,-0.7034768360892228,-1.0,-0.17001877400833143,-1.0,-0.9878787878787879,0.593590500486115,0.406409499513885,-0.00017197000923937334,43.194265295062856,33.46304590145233,29.589117716180294,28.953008710518198,28.486636933035612,26.35817054691207,25.73401080700318,24.79609403395402,20.883442656196753,24.767073814643727,-0.009388608733993878,-0.002888261034964189,-0.0006855819058692991,-0.00010561869566296664,6.11416000825485e-05,-0.00017212278528722812,-0.0007057102787891344,-0.0017227987587443378,-0.0036357653841075084,-0.002668966688661678,539.7663915947519,570.0025165855316,582.3133694536357,591.3312920083409,600.8438123047695,609.34261156643,617.7493714820549,632.2471118637598,648.5533484330747,662.5554129191863
hm100/microcapm_order_gap_signed_vw_rolling_beta_mean_corr_microcapm_order_gap_magnitude_rolling_beta_mean,hm100,1207,0.036215490580436625,1.0,1.0,1.0,1.0,1.0,0.5379764033051871,0.5379764033051871,0.000401404235615124,-0.022199534396532074,11.81688680329666,20.23407034505412,27.11063729660309,32.15305353112054,36.651292155326466,38.175389831329305,40.80317010182574,41.61529541170371,45.07704606558131,0.01048646709127298,0.005768057285603558,0.0024463518794447035,0.00061040325167811,-4.414614855086017e-05,0.0002267392755649172,0.0010659142119552882,0.00249893762787974,0.004418716596530918,0.008336645273442153,727.0667349141469,681.4786930601273,650.4861583456631,628.1265087513409,611.1252296035888,595.8201029888952,579.2138565587338,567.429953199881,550.2520194302983,536.1772825332898
hm100/microcapm_order_gap_signed_vw_rolling_beta_mean_p25,hm100,1207,0.06277326503421934,0.6132253442455707,0.41179852528425087,1.0,0.41179852528425087,0.9878787878787879,0.4396433390838099,0.4396433390838099,0.00025878684504843905,8.382020971731745,-6.007045742250974,8.878407738680105,18.755390835691824,28.529527252290652,35.80435892976651,44.3001620239818,48.35405822085056,52.83665702981728,54.009314579392026,0.006813534601413787,0.01126967698286175,0.006294846556239736,0.0026439726943918874,0.00046204309726197086,-2.8790846010669527e-05,0.001502067014757455,0.004882797266641614,0.010655886534374234,0.0180184442872392,710.1941277338021,728.9754341486704,704.0865188611874,669.4498639081388,633.7981241591616,597.5222908187272,560.335596158959,514.6999866031399,464.87285064816643,425.729148209285
hm100/microcapm_order_gap_signed_vw_rolling_corr_market_mean_cv,hm100,1207,-0.06815361380556033,-1.0,-1.0,-1.0,-1.0,-1.0,0.4506392177327457,0.5493607822672544,-0.0008816516635878801,57.39405456288411,50.53747733623459,48.15499372455319,43.915988556355856,41.48111227292935,33.8004230234954,28.203922471204834,18.413863000869778,1.1732338761106385,-29.5769941502853,-0.015110043990564578,-0.008325794179148928,-0.00451273349741171,-0.0019423818537718134,-0.00042443087410831107,6.775117664157886e-05,-0.0007047252673103698,-0.0036562131538050127,-0.010010424915821575,-0.022652965586671712,482.8344770074277,500.16426967302635,526.866114867214,544.4326271955686,568.6222420218322,586.604961620352,611.8228635411016,652.0980625454062,709.1196309944777,856.6587350096015
hm100/microcapm_order_gap_signed_vw_rolling_corr_market_mean_mean,hm100,1207,0.06512341484329327,1.0,0.9999999999999998,1.0,0.9999999999999998,1.0,0.5270131576831262,0.5270131576831262,0.00046844695771905724,-14.384434933074976,0.7199889708427489,15.132698706015734,24.50533217153315,33.816989419377315,40.99062479752387,45.236632768976975,47.18574419395702,48.687244413954694,51.97426327138896,0.017508114174834985,0.01055048058403877,0.0046311502548815504,0.0013692237377860813,1.505003373615308e-05,0.0003627581700620087,0.0019747989079491467,0.0047153358797316,0.008659750542344882,0.01486830560020896,837.7187852308496,728.2211522063401,670.3124456870942,628.9435279412721,598.6392185608445,570.3400320660513,545.6821125144425,514.0245266670868,481.48186797779266,452.2912168221735
hm100/microcapm_price_log_return_3s_capm_residual_mean_mean,hm100,1207,-0.016862669621922278,-0.2281172059858151,1.0,-1.0,-1.0,-0.1393939393939394,-0.23315290958431129,1.2331529095843112,-0.00014487285337543555,9.331622066323307,33.75405428546732,37.33781877610166,38.99284847841933,39.420134011082276,40.98698781929403,37.59354392034983,36.578370823565095,28.816111384873135,-9.378818549856662,0.010763898745255126,-0.0010341675064963647,-0.002789905396499926,-0.002224974118243033,-0.000817048765589908,0.0008210049041014312,0.0018697443661851876,0.0016916952639134395,-0.0023301506228017724,-0.022667893638371028,706.144073565255,569.3411849507444,532.3934934606152,518.545365859799,510.68947981082323,515.8324502331945,526.0144857189732,554.4204367110972,607.0915470948951,844.1021564375096
hm100/microcapm_price_log_return_3s_capm_residual_mean_period_diff,hm100,1207,-0.001947915074672004,-0.03259198872317595,0.9066360317216405,-0.9838489013765052,-0.9838489013765052,-0.3696969696969697,-5.320254463916601,6.320254463916601,6.812565260054714e-05,-1.644143704802006,35.24573669212155,41.47971239366798,41.20548138030882,39.368027590783754,38.129668309380534,38.48018058765054,35.012337029008286,28.07389371466128,-4.57344779855621,0.0166948360167119,-0.00016661887161679585,-0.0028390176026409837,-0.0022178611680137585,-0.000745488695730733,0.0007120021114026288,0.0018974749648500557,0.001948342743202442,-0.0010631011594662695,-0.016236609065971068,765.2085443893105,594.5282615883889,546.9755223457921,524.3541449552806,513.6772299616755,511.28042281200436,524.4891131884124,539.2565847604025,578.7869096618577,724.0622758732543
hm100/microcapm_price_log_return_3s_capm_residual_mean_period_ratio,hm100,1207,-0.015215219471324653,-0.7578453072543584,-0.5245937208679904,-0.8267675656651587,-0.8267675656651587,-0.9151515151515152,0.5625879495344365,0.43741205046556353,-0.0001803119277809565,35.36882489533982,37.206122965605346,36.35762768174962,35.51567909765495,31.31404028970135,27.589741152311696,24.406769316888077,25.539119616297057,20.688863502519673,16.781251343607494,-0.0037698636847478422,-0.0029739894995610824,-0.0014447688370580489,-0.00035607811815453164,8.624233315942238e-05,-0.0002378495398004332,-0.0006293801838328041,-0.0004220436482929406,-0.001462497447076329,-0.003824678918179113,574.2353714952993,575.5322088338256,581.7400656400514,594.0014053371187,601.2195660242963,606.883668399077,595.0561731466602,586.6805557934043,584.7729871907686,604.708052048225
hm100/microcapm_price_log_return_3s_capm_residual_mean_trend,hm100,1207,-0.001661231705987029,-0.0494209905198819,1.0,-1.0,-1.0,-0.2606060606060606,-5.147167469826253,6.147167469826246,-7.859344552486828e-05,9.1233071001508,29.70232562477543,39.313298784557645,39.673546715386685,45.39057377146344,38.426808786099016,35.365255501460766,32.18273105028205,25.83165369646339,5.352207119045107,0.011210781139861122,0.0011204207575377185,-0.0018127105148637065,-0.0017550311386615464,-0.0006173560731203529,0.0006289925537829998,0.0013634552876333485,0.0011123244772356712,-0.0012359624640702258,-0.01159755228579719,716.2275679576368,616.9844202769183,584.3372588318674,556.0875687610612,618.8021064270674,547.0614320269259,548.5247701360883,570.2862177314244,597.0392095506481,692.7236912642413
hm100/microcapm_price_log_return_3s_capm_residual_zscore_mean_corr_microcapm_price_log_return_3s_capm_abs_residual_mean,hm100,1207,-0.021259460857233656,0.2989873460337089,0.7518128952774858,-0.7505970551295048,-0.7505970551295048,-0.23636363636363636,0.3275936881780088,0.6724063118219912,-0.00016990056490316129,18.589538375026063,30.339636200495793,33.31914660997594,35.078289297784735,32.74225480286686,31.15619246638618,31.413368672513826,28.277532755592638,26.022673101829234,26.533495074545556,0.0002051884919040639,-0.0024916796602889838,-0.002614965790120088,-0.0016574341387432837,-0.00034991574096874276,0.00013205197893504487,-0.00019602628628334682,-0.0014834229785639654,-0.00397617187954814,-0.008657184288653058,602.246558496489,559.4364055704033,534.7419437046146,538.9724515601891,552.4401228846035,581.4259623341526,609.9941055493607,631.3426184280842,654.6023508313503,716.0017962532106
hm100/microcapm_price_log_return_3s_capm_residual_zscore_mean_mean,hm100,1207,-0.015568418462297598,-0.24248464108756693,0.9980165018107277,-1.0,-1.0,-0.15151515151515152,-0.24584507517036572,1.2458450751703658,-4.111428975868576e-05,10.06904727084339,34.20560382664324,37.595832364298786,38.68539460706732,38.656986196489356,39.06993370762004,38.508192215483646,34.97682300072125,30.179341170230998,-8.515811925126126,0.010297667473748166,-0.0009760950226032477,-0.0026284345816755495,-0.002142594056391637,-0.0007332325515867791,0.0007549936321259525,0.0018671813989872557,0.0016939144715560923,-0.001763422654077498,-0.02189728228262163,707.6868460852965,572.4311544453435,535.7696650941423,519.4954358584769,516.1174750722537,516.6786661194648,529.8108513672325,551.2826065660742,606.4920455256338,836.9218961968148
hm100/microcapm_price_log_return_3s_capm_residual_zscore_mean_period_diff,hm100,1207,-0.0036276003150126136,-0.055160067946982694,0.8874139104737775,-0.9999999999999998,-0.9999999999999998,-0.3575757575757576,-2.5180819597677626,3.5180819597677595,7.477145358016477e-05,0.3514122198143153,36.35646106838037,39.972719072067015,41.250135596066215,38.81048666373899,39.61914741944508,36.61550857840601,35.182031305470744,27.138089195958305,-4.518369559223829,0.015533116219948274,-0.0006683020373780459,-0.0027030645094564356,-0.0021253035131098973,-0.0007135706011569538,0.0007044237800806372,0.0016526659555194526,0.0017734975667553744,-0.0011459314892907598,-0.016009903140504426,759.7959282345267,593.7689219253149,544.5627747884603,527.6124445420253,515.6600897899926,518.1686227161878,525.6058555806259,542.109024027037,578.0896797583894,725.952964058013
hm100/microcapm_price_log_return_3s_rolling_alpha_mean_corr_microcapm_price_log_return_3s_capm_residual_zscore_mean,hm100,1207,-0.0655803150791842,-0.8995970047197581,-0.25580405117676785,-1.0,-1.0,-0.9636363636363636,0.42504454446293166,0.5749554555370685,-0.0009528138452717089,44.10215889807658,48.22694318790578,46.59657687514547,43.99582844429582,41.266517201190055,34.87660914369328,31.472554443009393,22.996185028129165,9.682175266380781,-29.81283899393687,-0.010750019595605426,-0.008803250084254607,-0.0051662240229531945,-0.002271921005985282,-0.0004781521129473775,8.116546445466044e-05,-0.00048339661019763713,-0.003257420952920327,-0.008505775018002116,-0.02499250729550118,465.7533656015842,484.3508044593282,514.3863366506768,543.3099957599957,569.8649591348519,595.5306083940765,616.8816984255996,651.7104303215017,686.2543330595166,786.1166606537789
hm100/microcapm_price_log_return_3s_rolling_alpha_mean_p95,hm100,1207,-0.07000641124940898,-0.7063914295202124,1.0,-1.0,-1.0,-0.4909090909090909,0.3709418411616591,0.6290581588383409,-0.0009914615865715,29.913578882854672,40.81980992471338,43.79541396968958,44.20641726389101,44.55600191766704,43.04722039218395,38.01915672252454,31.215202355316638,18.35803937015344,-40.54268962660176,-0.008758494359505622,-0.007921786550755448,-0.005399212994703789,-0.0027791491986249514,-0.0007418893920223987,0.00047997020412347683,0.00013888953144951523,-0.0023058773457926775,-0.008952154809793415,-0.0327752447472123,416.05539925108644,451.4448057327055,474.9886564426626,498.7787082849137,527.563884319405,558.0407686418283,591.9960462881367,636.6556978784678,708.0214232149365,945.3776327570256
hm100/microcapm_spread_bps_capm_cooks_distance_mean_corr_microcapm_price_log_return_3s_rolling_alpha_mean,hm100,1207,-0.0113562928940386,-0.18091157358341578,0.5934958896313514,-1.0,-1.0,-0.5151515151515151,0.36543471890551593,0.6345652810944841,-0.00014448371838339218,25.39436568526906,32.22092664627907,33.3800372029982,32.97272722294025,31.34287581643088,31.649231051838132,30.19219156132351,27.946098986238763,26.582474574301248,21.731455650833457,-0.0007538343599473949,-0.0015545334244698955,-0.0011152318600049298,-0.0005387262164634354,-0.00013485847364219015,9.56603458227437e-05,-8.704396093245785e-05,-0.00072266644180149,-0.0017254692172513021,-0.004675105566964856,569.9506680393839,581.5947651088096,592.2346331924189,598.1768363370848,599.4464492276511,606.7362487743394,613.7386612001698,614.7878612910469,615.6790155378542,628.4733672713159
hm100/microcapm_spread_bps_capm_cooks_distance_mean_cv,hm100,1207,-0.0008032408328527994,-0.13230583509569027,1.0,-0.8189904938686045,-0.8189904938686045,0.3333333333333333,-12.03167437959115,13.031674379591148,-0.0004856408231448166,13.246639796133286,22.76194919762846,27.207847522425343,31.374068256049874,37.01759737685471,38.67703529895212,41.458934149601575,42.47220240115414,34.88434621457813,4.334023754684887,0.002231880790183387,0.0013224333246248403,0.0005755187194047699,-0.0001270881725298883,-0.00018148476192167987,0.00028140241933603615,0.0013028461300429403,0.002296672474457868,0.0014134402667841802,-0.009433221200090436,503.46800773469846,551.4046267454529,569.617031000795,581.5834313857847,595.7524195878268,601.1605451302844,606.3439826109473,619.7687380720313,636.4141483821666,717.6553873430614
hm100/microcapm_spread_bps_capm_leverage_mean_corr_microcapm_price_log_return_3s_capm_abs_residual_mean,hm100,1207,-0.010843279764281465,-0.45045286638996007,0.6365371195414967,-1.0,-1.0,-0.5757575757575758,0.02701058527809028,0.9729894147219097,-0.00021781123162914245,25.690712136691893,34.08359584171509,36.11843675185441,37.9778087211164,35.24893476908654,34.05235076373371,32.30864738580466,28.90560726889944,23.462980206924453,5.547734264326948,0.003349554457435821,-0.0007681906786987064,-0.0014303535148525914,-0.0011122600166669407,-0.000325750371138453,0.00030496199802881803,0.0007548999057228771,0.00038388586904702275,-0.0014071930993801356,-0.010375023082150048,618.9063175177537,589.8775360415224,580.658812883016,578.1634063225446,573.8869639675212,577.6447543677424,582.0051090885495,595.1162677412668,617.9352204685154,703.8490679352385
hm100/microcapm_spread_bps_capm_residual_mean_autocorr1,hm100,1207,0.05386720629699273,0.8463324910420799,1.0,0.5063078048248557,0.5063078048248557,0.9878787878787879,0.5591092247136163,0.5591092247136163,0.0007315270788788371,-1.1407889550372183,12.038758517251436,18.58377858986144,24.034612733588208,30.488552594649132,35.841663388361006,38.46507961171897,42.37309941454865,48.429498331420646,44.303836998699815,0.01909166484953661,0.007301860584738068,0.002752633605983448,0.0006658639576823469,-0.00010337458566936769,0.0003681093524207893,0.0015798680944908708,0.0036670073965373523,0.007192908323466393,0.010619137638927436,783.0540926354198,671.186929232766,625.1496633918655,598.573138585531,578.6845729888398,568.0736687770152,554.6106397164556,545.2025693092318,526.7881321895576,487.6138345111196
hm100/microcapm_spread_bps_capm_residual_mean_corr_microcapm_microprice_pressure_bps_capm_abs_residual_mean,hm100,1207,-0.05307684521565259,-0.932234500705944,-0.35981128306629945,-1.0,-1.0,-0.9272727272727272,0.39427020396332196,0.6057297960366781,-0.0012264201351393656,39.00993061852881,41.381329436131104,40.050203079310485,39.1028700545139,36.34429147602655,35.24780108029298,32.523631120130204,32.457366612967945,23.508186838876753,-26.23565351298372,-0.008536543756851993,-0.005982556772203116,-0.003841650989988895,-0.0017332771601946417,-0.00034904899284025193,0.00022662741229718315,0.00016454096264757802,-0.0009111863030454326,-0.005263455824344811,-0.025623873655988855,466.49426181088296,494.46593703038667,511.9316221178257,541.6534363477471,563.2852316645165,577.7007284607637,586.3971938408802,609.9877790050153,656.4467984398883,859.1767445178721
hm100/microcapm_spread_bps_capm_residual_mean_max_range_product,hm100,1207,0.0012105452542881534,-0.20759697916424324,-0.047565353901859106,-0.3838012930646246,-0.3838012930646246,0.3696969696969697,2.218517371096926,2.218517371096926,-1.5204953807845479e-05,30.96475676647254,25.510966746970634,27.339486659058288,28.40838340677314,30.469491337126662,30.627519052122473,33.02946670359002,33.54453165715697,33.87478124248326,26.582384216385005,0.0020974064883201404,0.0007179579955025077,8.635753823621879e-05,-6.694613163662493e-05,-0.00011542776113557383,0.000158311820425677,0.00063219378062977,0.0009502353947489108,0.0004955875130672266,-0.003729926430062243,718.1965786715027,594.596560138694,592.3295222555814,593.8425686885038,589.6829813492187,583.7003322014004,588.9153494203723,592.1326498661222,605.6298606530515,639.6622644174703
hm100/microcapm_spread_bps_capm_residual_zscore_mean_corr_microcapm_spread_bps_capm_residual_rank_mean,hm100,1207,0.017548629486139958,0.7849770298533864,0.9305369596576467,0.5456202288100098,0.5456202288100098,0.9757575757575757,0.4768492138941989,0.4768492138941989,0.0003217188967844053,13.990946762159428,26.809061821445514,26.311825034627972,27.217382155918813,27.31305894022417,29.93017209652749,31.51500742033739,35.93415873761818,38.47543222452424,35.96330585004769,0.006379622155602221,0.0007921252227661199,0.0005443713229589471,0.00037084018223820347,0.0001276798887943401,-2.7196037401516338e-05,7.66099387266175e-05,0.0010904238412289473,0.0028848346215435586,0.004987599452898085,723.9191098178753,640.9822198447861,624.1033249840343,610.9235977066479,601.0641963650387,588.0173938849039,578.9636197531992,561.5773555611834,542.2381826257963,506.90549485627434
hm100/microcapm_spread_bps_capm_residual_zscore_mean_entropy_1d,hm100,1207,0.020178017693174444,0.9848641152919465,1.0,0.9649694710149057,0.9649694710149057,0.9757575757575757,0.7370697336199616,0.7370697336199616,0.0006873206902478776,9.785792044417185,22.709119082171934,27.664130234366525,31.29958836454595,33.45188037098259,33.30231027132134,34.239426485136164,35.31630600120887,36.331097002793285,36.27710125224775,0.01411207583485686,0.0022683897780301806,-0.0005558244329620391,-0.0010533090500508984,-0.00040532928185961747,0.0002919984356087616,0.0005629037158000922,0.0004916286252688612,0.000842485894319822,0.002935677483914564,763.0212803915379,608.4317698067296,577.7348443883365,568.9082845118601,571.4970909342833,591.4579236071193,605.5705245167625,607.7540332847028,595.7415714573406,571.3477597241516
hm100/microcapm_spread_bps_capm_residual_zscore_mean_skew,hm100,1207,-0.021019921087423916,-0.7881602306105127,-0.6078608949079005,-0.8733658351413726,-0.8733658351413726,-0.9515151515151515,0.471251772628656,0.5287482273713441,-0.0006363623968839591,38.65009962064385,41.71423332521466,40.30958069479517,37.758810120502105,29.15057747867118,27.259997484073846,25.148766120905325,26.944995241826078,23.95936891556324,2.4836640506823824,-0.004584824812051284,-0.002799589560574263,-0.001679579966734818,-0.0006247839770156824,8.299015097883279e-05,-0.00012749616671910936,-0.0002760281806360292,0.00014987616717363495,-0.0003847348394918317,-0.010139387505469437,559.2199584495237,575.2983354054431,584.646144336451,595.9626557599122,609.0299182960655,621.3043275543787,618.4752855526531,607.1757673355653,592.8825646425619,629.602419710202
hm101/ask_buy_chg_vs_mkt_tot_p95,hm101,1207,0.054676105070335664,1.0,0.9999999999999998,1.0,0.9999999999999998,1.0,0.5197199920744131,0.5197199920744131,0.00010975257025484004,-11.044826099468775,-4.484242387064924,12.97410039180333,25.5144767395886,32.083725438394936,38.546087916595205,44.502076354836625,48.52196410488333,50.96976861737675,53.68962052897542,0.012525543972815903,0.01017099685656614,0.00439403056417797,0.0012012726089233737,6.73802863882822e-05,0.0002998555202283921,0.0017503231620672962,0.004358699951728945,0.00753180391169222,0.012266445665492356,747.3067854225611,688.3609844068641,645.4748162164135,613.2647620251726,588.7913075849797,568.317709439959,552.792204501334,535.2797866842259,521.3502838190432,505.5014807600338
hm101/ask_obs_drop_vs_mkt_drop_mean,hm101,1207,0.057464963230567045,1.0,1.0,1.0,1.0,1.0,0.5268631935273845,0.5268631935273845,0.00020379342828002447,-5.048753278345442,0.007034817784103572,7.981352566668472,20.339944779536417,30.15974075618745,38.430665557305495,43.35699574984805,46.75671479959672,51.414677256774915,58.14193043782405,0.012892111688292554,0.010210523482718559,0.00541006327256488,0.0016068857207097043,4.921862286111009e-05,0.0004295795680497556,0.002186826378960715,0.0048192334442956515,0.008020312008380506,0.011636415615453644,614.9885690491608,658.105306316136,657.0432082561699,646.8828994896257,615.9993269101606,581.0637815260513,556.4594302938851,540.1573080686651,538.1546947468923,580.2715216251436
hm101/ask_obs_drop_vs_mkt_drop_median,hm101,1207,0.05567257478292318,1.0,1.0000000000000002,1.0,1.0,1.0,0.5167858038845629,0.5167858038845629,0.00029029421515839427,-3.6070289754077245,0.9769448301417227,10.59212673516696,17.649762286734518,30.19377151604512,37.628679823447,44.267621335591876,46.58722209849321,50.49832813136466,56.746897005035954,0.011749388077063902,0.009704056442296431,0.0051027610260673175,0.001981128736886026,8.344210185906558e-05,0.0003766429280022086,0.0021972722685946636,0.004597080449603923,0.008000218011762624,0.011590290525628662,613.7174565282527,654.2494703415296,661.8457295533253,651.3353702620836,622.5578489255404,583.1242399328588,558.2403147452985,545.1859147415586,535.5010295300531,563.9809919314852
hm101/ask_obs_drop_vs_mkt_drop_p25,hm101,1207,0.04815025183161467,0.7760278919582269,0.45839367755309895,1.0,0.45839367755309895,0.9636363636363636,0.45317644329363904,0.45317644329363904,0.0001226004860683857,10.67731563457514,3.8364371357275138,6.109142436915259,13.299061440357159,22.257001184084654,34.508046999989006,42.167855079189756,48.776972054029876,51.806835724567335,58.08243734386358,0.005645420126727776,0.007385789483668239,0.005689903820019942,0.0026063573891955956,0.00043752939691007445,0.00013675159270886637,0.0017924358912011328,0.004862970069317721,0.008179181222036572,0.01129131235376037,584.9133842536719,622.2775893039935,649.154607866921,650.3594947875375,635.5917592536003,609.2676976274332,570.5866074900496,548.5433385096647,542.2209550169625,585.1009239790369
hm101/ask_obs_pre_rank_autocorr1_abs,hm101,1207,-0.03820602021843538,-1.0,-1.0,-1.0,-1.0,-1.0,0.48590128359902546,0.5140987164009745,-0.00027460978419199534,47.90622268586679,43.896738356028614,41.20628820805494,38.02001503967069,34.789393942473964,28.47430228051008,23.466498548302095,17.285722077732185,11.224541084390632,4.505219968552327,-0.008672978705972547,-0.005458677259341143,-0.0029610977132547567,-0.001131607659972407,-0.00020655968017947764,-8.044372627318463e-05,-0.0010296474453442073,-0.003034989012823179,-0.0058113991272929705,-0.009544010103789519,559.5735616929252,561.5444542178409,578.2110248610074,588.3473063483126,600.4139169378717,614.0979664235143,625.3092736410315,632.8611384421282,632.6176221025137,618.0521196382464
hm101/ask_post15_buy_vs_event_stk_corr_pre15_ret_vs_event_stk,hm101,1207,-0.022017170175757682,-0.3539111707737424,-1.0,0.49853412248802836,-1.0,-0.806060606060606,0.7736945332285484,0.2263054667714514,-7.300975891380356e-05,50.4143556342187,44.12805801446683,37.149014616880415,32.11189606232957,25.812237392889717,20.07429216986517,18.00110932927404,14.308571600375808,17.237695135254175,31.538316238194458,-0.011567361347777081,-0.004764258954306333,-0.0011547611167744467,0.00018763574528291358,0.0003206687227725321,-0.0005314812983313277,-0.0017869600491391363,-0.0033437975839076717,-0.0030364555327096845,0.0037326109980463595,519.5363302583153,562.1548750853117,593.9303930660257,616.4294439538327,628.0596501443924,635.5061002966835,637.7582516424258,634.0754786016804,613.5974796161404,567.6471711958591
hm101/ask_post15_vol_rank_autocorr1,hm101,1207,-0.046756089831926036,-1.0,-1.0,-1.0,-1.0,-1.0,0.48644443916835184,0.5135555608316481,-0.0006409587594230188,50.45183752888465,45.385531286367566,41.80885009919356,39.968012492934626,34.83438436535217,31.551951689848284,25.928590626099457,20.464431586906723,12.31771511775463,-11.95316191014036,-0.011928076431565484,-0.006265113267245188,-0.0029998923007778636,-0.0011379295792062589,-0.00010143749294396543,-7.15128527025441e-05,-0.0009679338289914829,-0.002468359288954572,-0.005460464255695788,-0.014714411774419855,501.66456381678273,523.775849840532,546.4575936441863,569.9166769479629,587.6642567149157,603.2352028934718,620.4903318429659,634.7777624962193,657.9973231682459,730.0632277838021
hm101/ask_post15_vol_rank_autocorr1_abs,hm101,1207,-0.03846747955495704,-1.0,-1.0,-1.0,-1.0,-1.0,0.4422692606973458,0.5577307393026542,-0.0005831005705611089,44.10733957856032,43.628748595461715,43.11149367201724,38.915790064070904,36.06214325091331,33.23377133288345,26.589032547905735,21.503205350677764,12.96963573891744,-9.356755890393492,-0.007032389278129346,-0.005042053270461709,-0.0032164736799654005,-0.0012331421941740766,-0.00023103786267629188,4.581347550759086e-05,-0.0006308245608158551,-0.0020609315042793676,-0.004985830167053005,-0.013497509942348405,531.5502445548606,536.5711097923219,549.3417585704979,564.3538530370279,581.1760824799202,599.1559763222115,613.6736521071148,632.6514574197764,654.7945222366625,726.9689274548807
hm101/ask_pre15_depth_vs_mkt_mean_max_range_product,hm101,1207,0.06368177902196719,0.4969695790604044,1.0,-0.6241952756521895,-0.6241952756521895,0.6727272727272727,0.6553775677725217,0.6553775677725217,0.0005108161835146969,-27.94461445615176,-1.3413687198320938,22.77396950947391,34.13146692316555,43.366733908149804,46.63194362890588,50.222962551115906,52.9191736559255,44.99100482707168,25.746313270666374,0.024383952283699162,0.012935787470136151,0.004173390626928784,0.00040504779720029505,-0.0004973461990510036,0.0008993116954848658,0.003794541397379104,0.007992352699230895,0.008060473320389474,0.0010234517470548395,791.4626112945571,692.6858095282167,641.9830360573119,594.8681486841936,557.987995267443,526.2102078702832,501.2401704322152,482.33987255112305,537.6103178310735,544.6575575293072
hm101/ask_pre15_obs_vs_mkt_mean_p5,hm101,1207,0.07799379985919314,1.0,1.0,1.0,1.0,1.0,0.5661709353293146,0.5661709353293146,0.0007116495667946048,-35.25733972731037,-1.50063903245599,19.246994594027253,29.560629199409995,38.69452374505681,42.73146532937095,47.271630287009025,49.01408283536444,50.7934831969482,51.00351827776572,0.025459308073304945,0.012619526282740802,0.004773756532820267,0.0010979374142723183,-0.0001956209878303785,0.000610573912793213,0.002821382636943587,0.006084450847577141,0.01021574237369543,0.013795093206081212,765.159993257126,710.6971865575133,660.3571028538797,618.3430360999736,584.3872749080306,550.4729089955573,532.0406275424544,507.44371698015885,478.85536473465123,461.6199871416092
hm101/ask_pre15_ret_vs_event_stk_corr_post15_ret_vs_event_stk,hm101,1207,-0.05500819972898904,-1.0,-1.0,-1.0,-1.0,-1.0,0.4436792555965216,0.5563207444034785,-0.0007157045828800598,48.83160907776829,46.78271683484992,44.32901534389602,41.37091308446969,40.54384637726243,35.203173578068245,31.005833159668807,22.774625004419736,11.32503767100997,-31.31025638474149,-0.01154787511384647,-0.007010365580873579,-0.003742666053234507,-0.001459247503367779,-0.0003282995795810916,7.641219376059999e-05,-0.000518961048253386,-0.002554448469742352,-0.006912751506898939,-0.020294292484071542,498.5349465574559,517.8223321731854,541.3673980327471,561.4570334649442,582.2675696494283,596.7339518574062,614.6272974722251,634.1680854589277,670.943419897959,751.9536811501036
hm101/ask_pre15_vol_vs_mkt_mean_corr_post15_vol_rank,hm101,1207,-0.027043234862610264,-1.0,-1.0,-1.0,-1.0,-1.0,0.5185939041676043,0.4814060958323958,-0.0003048082980070254,46.520504238330105,41.797271027608154,38.559303854275754,36.87784545630269,31.681327026098785,28.42802670111776,25.852405365819024,22.184897567020275,12.858549357304518,6.138217206267623,-0.008465496931479142,-0.0034510482839786344,-0.0014460012267893474,-0.0005128647598306829,9.026178641433858e-06,-9.818512794394398e-05,-0.0005325257314733191,-0.0014397241215011434,-0.0038409962180508323,-0.006960610342197619,530.0161459612281,557.3684941239188,575.5609522869113,587.2606288560914,595.5529592024127,602.9118850229978,613.0082933120652,627.3576556318802,648.488759849395,669.7263625697219
hm101/bid_buy_chg_vs_mkt_tot_corr_pre15_ret_vs_event_stk,hm101,1207,-0.030048734277855607,-0.3243751179908013,-1.0,0.07441568987048251,-1.0,-0.8787878787878788,0.6741269855320676,0.3258730144679323,-1.930503511195226e-05,52.06011445459302,46.533945119443786,42.257426961850314,38.05252498267742,31.134999732630483,25.93125034343526,15.424975595371745,8.423753964349189,5.444785869573674,29.225416785423054,-0.012483538167639597,-0.005581464724057272,-0.002080744811525548,-0.0002725333412129193,0.00017463243177600726,-0.0003975488900664899,-0.0021895710178818427,-0.004521811672792147,-0.005963503279396668,0.0032866542300527836,503.7715498028103,544.3008480478305,576.1589366846044,604.2007526019501,618.7336774979383,635.9527016453193,645.2526628449059,658.3446247101173,649.2330049896475,569.9600645019677
hm101/bid_buy_chg_vs_mkt_tot_iqr,hm101,1207,0.04370401199076947,0.5196684806171731,0.23334034686708494,1.0,0.23334034686708494,0.9636363636363636,0.4196850005901943,0.4196850005901943,0.0001695334241028438,15.36723702313936,-2.8453712293386406,10.138300560127524,19.02259286264932,26.453607121321056,33.81556887000942,40.72603915478607,45.966711713898704,51.492689762343005,54.775512669101126,0.0024287336805479055,0.008790028551358743,0.004796916538786358,0.0018792039605874161,0.0003758849316648442,-3.549561272541967e-05,0.0008917340754944607,0.003144356857888391,0.007445185776153395,0.0138179298069105,649.6354265647087,680.9692649618518,662.3580394717427,636.9308180502476,617.3886149474116,599.4668816565843,576.4351005250913,556.9288418835062,525.4519850958227,484.25148999655124
hm101/bid_obs_pre_rank_corr_obs_post_rank,hm101,1207,-0.03513096628786241,-1.0,-1.0,-1.0,-1.0,-1.0,0.5174803251914056,0.48251967480859437,-0.00024536411921402996,52.4828059365807,46.649643560500564,43.3145756024784,38.46721543439564,35.06850276604512,30.793555011215346,23.6459086872046,17.183860852260526,7.785919942331753,0.0121744367997935,-0.010038810422732004,-0.004809245028860278,-0.0023664712232565007,-0.0007532561480719218,-8.482993180948268e-05,-9.307716115424855e-05,-0.0010246366234472671,-0.002729895856726703,-0.005978995596926887,-0.00700638417566312,547.7375966281211,576.0992130232993,587.8175398289217,598.2900520787365,603.534831321797,611.8372649389769,618.8314737631528,626.5731412837321,634.92439837235,613.4808402907003
hm101/bid_post15_buy_rank_entropy_1d,hm101,1207,-0.0832745731347355,-0.9934928190968773,-0.9382341699072912,-0.9999999999999999,-0.9999999999999999,-0.9636363636363636,0.44197819740941247,0.5580218025905875,-0.0007801685705389012,52.190029315979494,52.44698797120057,52.35047981577078,48.938732205790366,44.38353209186776,38.37386485033866,29.38310908433375,12.924768154268596,-9.601613894518508,-26.273004851219365,-0.01498277083004202,-0.010896409011102079,-0.006753461920446887,-0.00319251740229804,-0.0006355690617573454,0.00015678396755976274,-0.0013127649474342972,-0.006164776298671398,-0.014502821780288219,-0.024210097279715966,481.998006861138,473.34746100886184,497.50437006625526,515.4338650393108,542.2663093020468,576.640548474228,619.8074327231436,663.298928486302,724.0846646524587,786.3881090697989
hm101/bid_post15_buy_rank_p25,hm101,1207,-0.0683968841496358,-0.7488094822473195,-1.0,-0.648331086318656,-1.0,-0.9878787878787879,0.49382336088620343,0.5061766391137965,-0.0002044028341160888,53.832085696276614,53.440108825488714,50.12262549028667,46.51801969739298,41.59764377258187,33.19571838562559,19.146243339784228,6.802652365167943,-9.32281255143459,-0.2515490716217973,-0.01563961403298459,-0.009948741885043863,-0.0053970525655911705,-0.002303782102002526,-0.00038584972477746776,-0.00010502046685345824,-0.002291773093400742,-0.006325643190406226,-0.012463494532445907,-0.013331509722013846,458.3802199799804,490.11734658710594,513.3001313048878,533.6566219199908,560.7224754195017,590.4336680150972,626.8325601863402,668.0913618960875,714.6937038747209,764.263649011697
hm101/bid_post15_buy_vs_mkt_tot_p25,hm101,1207,-0.06427821428319468,-0.7395642256763557,-1.0,-0.623262961172952,-1.0,-0.9878787878787879,0.4936692237086178,0.5063307762913821,-0.0002216304301792018,53.52218671469491,52.371829674088985,49.862484860495684,45.88094740258429,40.143177612766166,31.90200236326444,20.43680178022487,6.626388868081426,-7.392743089487164,1.7270276423203252,-0.014484068236699427,-0.009442111253245936,-0.005144467281344031,-0.002207879276879907,-0.00034423797597482993,-0.00012207364092306345,-0.0020018539446395034,-0.006080598519677165,-0.011753294824750994,-0.012475998898880607,469.16510922284135,494.24663877366714,518.7841318220677,537.9298622943354,561.5336743379148,592.2536536710094,626.3823550710397,664.8718151935003,709.2565188948605,758.2058820837813
hm101/bid_post15_depth_vs_mkt_mean_trend,hm101,1207,-0.010974060259263396,-0.3315846467810881,-1.0,1.0,-1.0,-0.4303030303030303,0.9640595532416495,0.03594044675835042,-0.00019184066142862593,44.54108354071927,38.58790881495487,33.70740186909265,25.624993717435483,22.029179972548555,19.263545703020075,21.686401640458506,26.43231037646021,31.351807418716042,31.95210772807307,-0.007791046716814404,-0.0032637822769102914,-0.0004445182602551156,0.0006844008738566815,0.0004202445716811796,-0.0004850036118258179,-0.0010958163723447762,-0.000785669729963601,0.00046138057079761,0.001517591353943762,545.6164024901627,567.4529062507709,598.4095227174003,619.8444920669194,638.930261310082,641.3563141224937,631.4515464791169,618.0462525901493,595.160212353933,540.5789425509469
hm101/bid_post15_imb_vs_event_stk_corr_post15_ret_vs_event_stk,hm101,1207,-0.02306329513761527,-0.946257503937855,-1.0,-0.8962005252726531,-1.0,-0.9878787878787879,0.5971892757888309,0.4028107242111693,-8.936673018587456e-05,45.53940369625649,41.78105178546781,38.376533807693676,34.65270858627583,31.947846277562164,29.28441269875423,26.051800139207646,21.4062860573351,12.738367721412796,13.644110945598511,-0.008433336088101635,-0.003737269608852511,-0.0014594197091047619,-0.00016412685221356516,7.436859061526246e-05,-0.00021252579176119922,-0.000965173881977477,-0.0021191569953994765,-0.003910919708126316,-0.0020463683625077233,527.5446593023768,555.4449503662928,578.9860128358879,597.1787367997294,608.438947121048,620.1969980903493,629.464205952125,636.838671622495,637.8722748901047,624.546484243823
hm101/bid_post15_imb_vs_mkt_mean_corr_post15_ret_vs_event_stk,hm101,1207,-0.023929277703481147,-1.0,-1.0,-1.0,-1.0,-1.0,0.586193928880612,0.41380607111938783,-0.0001287206365350998,45.078346458855314,40.20393041948167,38.443064862483205,35.019425187358735,31.907562608727183,29.543257362537002,26.828268048269106,21.65866821293907,13.526506652766956,13.212953283504296,-0.008570162482547099,-0.0037366933318075907,-0.0015083786514564033,-0.00020257316153211136,6.606557072288903e-05,-0.00018548568191854414,-0.0009372051339844529,-0.002202786840880265,-0.003998372178296345,-0.0025249651752461155,522.7983812194593,550.5904472490495,576.316868778285,595.0123957527225,605.444136782634,620.5678137566258,629.4543853493124,640.0175101868173,643.3173541466413,630.7580376786515
hm101/bid_post15_mkt_drop_rate_corr_pre15_buy_rank,hm101,1207,0.029648393258865337,0.6451159066937415,-0.01618203554558376,1.0,-0.01618203554558376,0.8787878787878788,0.3508005913156402,0.3508005913156402,0.00016876442255078544,23.170243026018543,15.828515789904785,16.732188187916442,20.46791543501609,22.936418599006334,28.037583056118397,34.270886065811474,38.905748713852326,45.052867619556835,49.86214109616593,0.0009333358283643424,0.0041281836900039295,0.0031819401087196486,0.0016647134531079498,0.00043329814734887993,-0.00020771697922052586,0.00016654858549365405,0.0018530617324909295,0.005543100252808266,0.011783164017197503,609.9375022637149,641.3741408096868,647.4222904296828,646.0118539559323,630.8067050861847,614.2373370996179,599.7581567781248,570.226504840646,539.5117036998789,500.4254545184222
hm101/bid_post15_obs_vs_mkt_mean_p5,hm101,1207,0.07785594862099443,0.8682101787523296,1.0,-0.48850650899238407,-0.48850650899238407,0.8424242424242424,0.5771815365506716,0.5771815365506716,0.0007728989792527666,-38.39001198072432,-1.6718191300688803,18.154460969438645,31.95206099203819,41.789438227866256,48.511235373266864,50.2849414867272,50.67011698915713,49.56723630348696,44.38751634243881,0.025043612715839204,0.012953277668127306,0.005456629826392208,0.0012622344930046591,-0.00022484166913129154,0.0007911541418027634,0.003252123907916381,0.006337384917230196,0.009874055075063164,0.012337418565496965,806.0604398834995,715.1917989769877,664.1642156992738,619.5953888242508,580.2510397327615,540.7782566043824,517.8384976016997,496.6062896454267,469.9240909430913,431.40097800634567
hm101/bid_post15_other_cnt_corr_pre15_buy_rank,hm101,1207,0.02964842684576707,0.6452609538389572,-0.016015109028255935,1.0,-0.016015109028255935,0.8787878787878788,0.35080604863325227,0.35080604863325227,0.00016855019491677912,23.167744070945773,15.829980269934687,16.732402435056045,20.468894385243974,22.936418599006334,28.037583056118397,34.270886065811474,38.905748713852326,45.052867619556835,49.86214109616593,0.0009337003056900579,0.004128306395600463,0.0031817785682723932,0.0016646356251686725,0.00043329814734887993,-0.00020771697922052586,0.0001665485854936541,0.0018530617324909295,0.005543100252808266,0.011783164017197506,609.9407063317753,641.3716739776223,647.4225298069288,646.0121414869246,630.8067050861847,614.2373370996179,599.7581567781248,570.226504840646,539.5117036998789,500.4254545184222
hm101/bid_post15_other_cnt_mean,hm101,1207,0.03560392684998168,0.7146690009147075,0.3499206232920253,1.0,0.3499206232920253,0.9151515151515152,0.4238015130974914,0.4238015130974914,0.00011746292012235078,17.85326077170045,12.057076764087338,10.756512098995895,15.681547362652553,25.493246926853214,32.302991335421865,39.27225392701984,42.49480029151743,45.89485606290089,53.40373583346161,0.0027024671646347013,0.005419688423077614,0.004421462655438407,0.002154999988970869,0.00034059887583234085,5.571433359268445e-05,0.0010692615225928936,0.0030131701268277227,0.006082678329591817,0.010226422509300266,607.394032232923,661.5333792458019,665.0615035005316,651.4299711179933,623.945590128828,587.7726944997305,567.6226607668307,544.1257817856691,522.28974137659,561.6659411065568
hm101/bid_post15_ret_vs_event_stk_std,hm101,1207,-0.04876028454807935,-0.762776348719871,1.0,-1.0000000000000002,-1.0000000000000002,-0.24848484848484848,0.3795282204401477,0.6204717795598523,-0.0011036285854349583,31.283395724019037,33.61598140306332,35.45650116990933,38.3112734056617,38.93477352036895,38.45733402659594,37.59816461324584,34.72698237226782,24.940391878262677,-17.92156328138984,-0.008122902675021052,-0.004852421101279674,-0.003028844974785563,-0.0016453071079350987,-0.0004375699706093767,0.0003159474201147709,0.00036016259331535743,-0.0010012406816356427,-0.005524324431333474,-0.02372015503347459,426.8370482381422,470.45054859310255,497.56034546638654,524.125813340501,545.1640866491858,570.8733903024133,599.6704035082496,636.2183005894937,691.185162159091,902.3500244347291
hm101/bid_post15_spread_vs_mkt_mean_corr_pre15_divergence,hm101,1207,-0.0393263177043162,-0.8784925765129623,-1.0,-0.7632582306617558,-1.0,-0.9878787878787879,0.5391368073877321,0.4608631926122678,-0.0003893467340655896,41.69365004695187,40.333383375835645,38.84368398835629,36.070444794885645,32.76402003044013,28.23833417874159,23.691954471311668,20.655155830736565,15.729964945753215,17.409386264910964,-0.011665611291083285,-0.005883896107011601,-0.0026468191954738393,-0.0007452420910068694,-5.0785533674074465e-05,-0.00021909030013441923,-0.0014391951558488443,-0.003125371537345579,-0.005696625678019496,-0.0074643340806525085,456.68694345473244,505.8419939525527,543.2169424263894,574.4695682976851,597.9451135794225,622.1933439536443,643.8170738741806,662.2021373973622,677.4905982006828,692.0972175291525
hm101/bid_post15_vol_rank_autocorr1_abs,hm101,1207,-0.054855978606659285,-1.0,-1.0,-1.0,-1.0,-1.0,0.4148911203949447,0.5851088796050554,-0.0008200973522585998,48.21297190763032,48.07127556175826,45.496886419117224,41.66054673083928,38.40321316750834,34.68341020406194,31.145321524797986,25.022730382285815,12.373782183710668,-29.879440780405925,-0.009268151193873924,-0.006945472181721794,-0.004084638515672434,-0.0017696254254469122,-0.00035111999845141177,0.00015262362299380035,-0.0001955040176947027,-0.0018106532180303487,-0.00630713629792676,-0.023456204028576157,512.1019310580201,519.896409573969,531.5888748620406,549.7632330632795,572.1034905507314,590.7700800761834,608.7669805910468,631.3856104496059,673.2091598133696,776.9555484958748
hm101/bid_post15_vol_rank_lz_complexity,hm101,1207,0.04113524760097592,1.0,0.9999999999999999,1.0,0.9999999999999999,1.0,0.4879765347387055,0.4879765347387055,0.0005306596115836985,-0.5561203354279788,12.361701136840983,19.12442630034043,25.566786994547314,30.427848971140765,34.28446327837048,38.589922298272384,41.89655276463766,45.31373799918936,48.88835877723162,0.010188469463478731,0.005505903924305559,0.0029006823696777614,0.0010677323118993586,0.0001512980721950603,8.542972636323166e-05,0.0009110240203389361,0.0026613937421194945,0.0057702986297056775,0.011362355729308394,701.9862814663873,665.7936754185051,642.6696282348515,622.3927419985062,605.9352712491248,586.6018352984357,573.4687557775253,552.6382340455424,532.0818989836322,491.59673198077667
hm101/bid_post15_vol_rank_mean,hm101,1207,-0.05568695831172218,-1.0,-1.0,-1.0,-1.0,-1.0,0.42510642266133625,0.5748935773386636,-0.0009294885165150037,48.59893129533234,45.1009879841535,43.661123882828456,40.957524839670654,37.150036907462336,32.05130643543927,29.964159258714346,21.81450209453257,12.404322188828804,-16.570412703227078,-0.012161604933549088,-0.006020172229639323,-0.003227163847979604,-0.0015011353028431724,-0.00036767578461551777,0.00018336216187772415,-1.986255452696428e-05,-0.0018978505103176048,-0.006889357268271319,-0.022856009525342325,488.93380242310513,533.1072527202197,552.7424547488879,562.5256464125514,570.1262626375777,578.0892010053616,591.6011812228465,610.5512361000689,653.0750350894949,800.8359474733112
hm101/bid_post15_vol_vs_event_stk_corr_post15_obs_vs_mkt_mean,hm101,1207,0.010688867737300073,0.40187928633387354,-0.5493282619645189,0.7301002485649574,-0.5493282619645189,-0.15151515151515152,0.21454141267926452,0.21454141267926452,0.00028154158909506375,29.48069135331293,30.602587764735357,30.432640600945184,29.02599592717179,26.745709974283606,27.893463116288938,26.22854922311178,29.013762181236597,29.135814126984002,36.90091155434684,0.0006223474148531475,0.00022708859198077722,0.0005835770222209869,0.0005557116954804676,0.0002440777295143744,-0.000207133518932367,-0.0005170533895143087,-5.375130396601931e-05,0.0013655413803044518,0.00758692052626351,592.0362744432763,592.3824706416151,607.8774590826431,614.1567332658348,616.1450521691003,622.8519166860702,616.2933590916817,609.9095930703508,590.5110037439654,556.6947939931006
hm101/bid_post15_vol_vs_mkt_mean_corr_pre15_divergence,hm101,1207,-0.048172550311582824,-0.9372965555542839,-0.45093974245736024,-1.0,-1.0,-0.696969696969697,0.3572418345651369,0.6427581654348631,-0.0008813354091877247,44.47711845402672,38.53503797045157,37.66816968788366,39.75766598104124,40.24479162037099,39.64270267770301,39.47586049580675,32.39357990986247,15.737316259080885,-32.55402022215144,-0.009538146193552281,-0.003766310898202087,-0.0019111072278274236,-0.001217772414516945,-0.0004610636364470269,0.0005248129973150114,0.0013329879229216396,-0.00020037923944246216,-0.006788401073766158,-0.025265835138877354,513.2762387585669,547.215728863271,563.5422155748415,571.9880071555492,568.190490215076,557.5199461283411,563.4493289042528,596.997517773258,671.2281003312153,795.399345764735
hm101/bid_post15_vol_vs_mkt_mean_corr_pre15_vol_rank,hm101,1207,-0.03440174458899529,-1.0,-1.0,-1.0000000000000002,-1.0000000000000002,-1.0,0.46456717729662755,0.5354328227033723,-0.0004898668218112071,47.7807154605863,43.46933188535717,41.114134708065784,37.18737651969248,35.55981061378924,31.982676656306005,27.826464422067385,23.952144946247955,12.12581393235011,-5.596525925556667,-0.009149577164907333,-0.003914182432540777,-0.0018561267805730832,-0.0006753944786225012,-0.00015906447448528396,1.2645879848737902e-05,-0.00032366508102703306,-0.0012331496378244907,-0.0045533353993433235,-0.012060028197709011,522.8253264516014,553.75547991614,578.621518120694,585.4113063408765,592.6168907759599,601.6376447625966,612.2839700686346,627.1185925351494,654.0793361759211,680.2749857852281
hm101/bid_post15_vol_vs_mkt_mean_mean,hm101,1207,-0.06108998502657882,-1.0,-1.0,-0.9999999999999998,-1.0,-1.0,0.4685951128800535,0.5314048871199464,-0.0010269610110547746,52.839883656108746,48.66871380932516,42.23347125538392,37.46363278588839,36.31866681609769,32.543488434086186,27.642283773636112,21.630060518838917,9.93538620694874,-14.142427682917356,-0.016075880496259555,-0.007988308329919364,-0.0030205468433856532,-0.0008756283620978588,-0.00018487548680932945,6.07103321610236e-05,-0.00035486583008486125,-0.002286627844710572,-0.007415758488250039,-0.02192124266616763,452.0013137846747,502.36310750894404,546.425597567072,570.1384980856348,585.8667544568608,591.7813185911988,602.0125699289791,620.4317841809202,657.0317448045602,799.1962015973293
hm101/bid_post15_vol_vs_mkt_mean_median,hm101,1207,-0.06553156490717721,-1.0,-1.0,-1.0,-1.0,-1.0,0.452917397784316,0.547082602215684,-0.0010375169195877701,52.84869872005405,50.29171899191433,43.558235487548124,40.4247935869921,37.59088240227742,35.45658663321473,28.0674107622635,18.32826000737298,5.831438699960236,-17.269375655442698,-0.015670421164751674,-0.008374599576206955,-0.003515412294687263,-0.001370245419321342,-0.0002797979321485334,0.00018778137544927595,-0.0003917704354962268,-0.0028785494086481724,-0.008904067868390137,-0.023296965263388317,457.4401692389387,502.4405712778627,537.5271167839094,562.9336272168505,578.8400523580063,583.906220912028,599.5171427103448,626.3322011183408,669.63346551784,805.3017085354066
hm101/bid_pre15_buy_rank_corr_post15_vol_vs_event_stk,hm101,1207,-0.012641700418558652,-0.1504777396619792,-1.0,1.0,-1.0,-0.296969696969697,0.9535277206689292,0.046472279331070676,-4.956744880476809e-05,43.60630229043891,36.084113766269894,29.986336622688775,27.158971249176965,22.562755398466134,21.38782713138729,22.386378489956424,25.373156255722296,28.90114796141137,37.79413260577863,-0.009695915642082699,-0.003200775949348501,-0.000135727180890684,0.0006298152331154458,0.0003956556901969254,-0.00046003870498001584,-0.0013958897636966268,-0.0016902175222726528,-0.0007038671585682611,0.0036648280287731685,508.49196966494395,558.9174538103434,595.8543224974801,621.04050770653,630.6893642086661,637.9914466565555,640.795756183762,631.9874867240451,610.526423408496,576.4159845159254
hm101/bid_pre15_buy_rank_std,hm101,1207,0.0742479332808048,0.9999999999999998,1.0,1.0,1.0,1.0,0.5488915338219266,0.5488915338219266,0.0005973148562923394,-30.58279266674312,-3.330537415047755,17.748754773741087,26.870026220419135,35.85101883557936,43.178883463703826,49.089664513867724,50.48448429310856,52.554781856006805,53.44367325996158,0.022910989978815046,0.011949814011775346,0.004416506569390143,0.001226365161917892,-7.74748079344089e-05,0.0004839733925715439,0.0025162237290074028,0.005471239205417236,0.009554758357021121,0.015198222826531,799.7247667709853,698.2361116623167,645.104016866556,609.2432428541472,582.7055333859332,560.9702890652845,541.2498256084302,516.3564440868929,492.77870417291274,467.62517879933296
hm101/bid_pre15_buy_share_corr_vol_chg_vs_mkt,hm101,1207,-0.024384782647150348,-0.4132910628186102,-1.0,0.23974267325541185,-1.0,-0.7818181818181819,0.6918392113878122,0.3081607886121877,-0.0001568276480302685,43.55781422842539,43.06758628866905,38.773742364536815,34.22119063965068,26.95964863944759,23.623440464193603,17.6762517790799,16.8154286382041,22.8259720199569,27.91717338145759,-0.00935836953154777,-0.005325766936981231,-0.0020484855505689603,-0.0003029628164147012,0.0002737355553820175,-0.00048659470204601325,-0.0019651410619361542,-0.003074873391203683,-0.0021069043830915664,0.0001674078192879752,498.1590518526524,532.5659669563885,564.5000988655864,593.9429229831884,621.5513191699324,645.6585456567066,653.9852134217085,649.7936642065604,625.5311847157599,608.2445725526472
hm101/bid_pre15_buy_share_mean,hm101,1207,-0.03828305445156655,-0.8231296749628806,-0.43632488938428393,-0.9999999999999999,-0.9999999999999999,-0.9636363636363636,0.4186795908763153,0.5813204091236847,-0.0006150092286170948,40.57552824273176,45.1652646916317,41.3293197684518,36.434991887461194,33.4699590570291,31.85009707700015,27.454435012176354,24.415913139570876,16.593629848949924,-2.1444505954981676,-0.007294195187425185,-0.004791501443659361,-0.0024397764307234403,-0.000992550722765377,-0.00025281797848164875,0.00015945912095578354,-6.714219631550217e-05,-0.0011769603552370226,-0.00494397658035647,-0.015868583448941213,515.6675493551736,552.506100789248,564.666536531115,572.3288740260839,580.6729159607718,588.1780664229765,593.018218904269,612.2111954388754,643.9425066381714,741.9037444799479
hm101/bid_pre15_buy_vs_mkt_tot_p75,hm101,1207,0.042436413135565836,0.8085524982194939,0.7209778907018554,1.0,0.7209778907018554,0.9878787878787879,0.4794656622308572,0.4794656622308572,-8.503322902899806e-05,5.344825812773558,0.024112250630532142,11.729572374501656,23.483534604434364,32.84169228483949,38.17724512707739,41.12872745555449,44.04123715020138,48.10529904642691,50.28744666674954,0.00447728096517134,0.009464289395306368,0.004856722858797751,0.00152300813109745,6.627208984137622e-05,0.00019380526123868847,0.001171590521341562,0.003289939108527205,0.0066999439342135675,0.010778594099059432,636.4279126720513,701.9699021881253,663.7938026364568,631.3362203620725,601.1546654489756,587.7410743678712,568.1538636764549,547.0603766317314,527.5075261679171,518.8422365098227
hm101/bid_pre15_concentration_autocorr1,hm101,1207,-0.06350211883865707,-0.9999999999999998,-1.0,-1.0,-1.0,-1.0,0.4597026047734984,0.5402973952265017,-0.0009956298107122214,53.58704496500906,49.65621254644938,44.73995555865686,41.6608101062929,37.21100883668172,32.584256392597474,28.78471601644869,23.846598513939856,11.738500925646086,-28.62259876867499,-0.014482152972581541,-0.008487648372643264,-0.004008067124746504,-0.0015034220220659352,-0.0002531053293550777,-1.9095333775423522e-05,-0.000733912020606969,-0.002438928084867295,-0.0072635258444152745,-0.02331663192288751,472.3626281464793,496.6864763498499,526.7014442363381,559.4224144380288,580.2369870536843,601.2221056070011,622.769152390282,644.1562364522206,679.3018377918598,769.5977880961157
hm101/bid_pre15_imb_rank_corr_pre15_ret_vs_event_stk,hm101,1207,-0.02320057621191096,-0.5977600914651219,-1.0,-0.2819835397063942,-1.0,-0.9636363636363636,0.6383699864794277,0.36163001352057245,-0.00017517996887318835,46.630120972974986,42.44197859892447,38.249554170592575,32.02918359659613,30.281442411351673,28.164572573097505,24.14148975200792,18.790593113168747,13.087398718581564,21.531858937415713,-0.009547597412962072,-0.004052317036317837,-0.0013365042566539065,9.94877280801335e-05,0.00013820908950221296,-0.00026428860229828834,-0.001126589934606163,-0.00235344735375182,-0.0036867725122119205,-0.0008955759518180858,513.2043382616736,554.0654302693205,579.7986305995546,596.5424871108581,608.7461315877753,625.8113104686399,633.369809571244,637.4015475790748,639.0488991826248,623.8361304061501
hm101/bid_pre15_imb_vs_mkt_mean_corr_post15_ret_vs_event_stk,hm101,1207,-0.02703801724007961,-0.9359902298491922,-1.0,-0.8400476200297097,-1.0,-0.9878787878787879,0.6234701064724327,0.37652989352756727,-0.0001657151605761337,49.39137604160432,44.70191925348778,39.857833811218214,34.89637189121101,30.958122816465593,27.451304537118506,22.5362663598822,16.488967846526783,13.984273985404473,15.154941290115039,-0.010534031848349593,-0.004686210363791983,-0.0015564486524848181,-0.00012321549033689978,0.00014582931629589325,-0.0003047292687498725,-0.0013633891844564941,-0.0026321460556989005,-0.0036408540610228827,-0.0021771064709079136,514.0696140491798,552.7770950792446,580.4705760273093,602.3379947294569,617.5238999602576,627.4912928442037,637.3009993262579,635.4924007178413,633.7522357648602,610.449248571662
hm101/bid_pre15_imb_vs_mkt_mean_corr_pre15_ret_vs_event_stk,hm101,1207,-0.02311215951595555,-0.6422000638805625,-1.0,-0.3087962517761799,-1.0,-0.9636363636363636,0.6452449507982819,0.35475504920171796,-0.00024625417026846486,46.62975455222205,42.792710343597314,37.73484317268795,31.96555882335404,30.663608860975376,27.625840960362464,22.643038845172953,19.68445396282814,14.279728150251414,21.32810041296803,-0.009606267775663374,-0.004169969035778279,-0.001197667894756107,7.371704475534408e-05,0.00014607769170639316,-0.0002819268283533036,-0.0012042951367180407,-0.002293684458116941,-0.003451092127712422,-0.0008807968250503322,513.5459879242616,553.2286708847836,581.3629119695772,596.2349602208677,612.4866263250645,626.3835897789131,631.2616609580939,639.8121197171298,639.0800454349032,618.8957871232941
hm101/bid_pre15_other_avg_dropmag_corr_pre15_buy_vs_mkt_tot,hm101,1207,0.026600934899155725,0.5172268421594111,-0.23833309890106763,1.0,-0.23833309890106763,0.8787878787878788,0.30978257370511936,0.30978257370511936,0.0001985319816433688,27.35376472954546,16.921730214183818,17.323981318160808,19.506926781388447,23.33820685405065,28.195357814912892,32.01057507875677,36.295488387680955,44.604462569141646,49.70682302223598,-0.0008325758895551999,0.0035404390354751196,0.0032422967101816543,0.001795586422654238,0.0004332580490307326,-0.0002465210061730713,-2.795327639409026e-05,0.0014120655311480599,0.005350173120619889,0.011735634220525072,592.0883222531647,634.3016151947548,652.5530911903539,648.2203520942141,637.5158803140225,622.8468700382992,598.7182429253675,571.2807360000904,539.5089294309042,503.19994218631535
hm101/bid_pre15_ret_vs_event_stk_corr_post15_ret_vs_event_stk,hm101,1207,-0.0634070314824365,-1.0,-1.0,-1.0,-1.0,-1.0,0.44560950578722003,0.5543904942127801,-0.0008135664017015352,52.08295046553445,49.059793580617466,45.99885388667614,44.51989373178367,40.77085327533646,36.90949009751114,32.538291283286306,22.333207658777592,5.7171293452236505,-34.63562323140555,-0.013526346765435291,-0.008044727936024211,-0.004183393709161448,-0.0017927315672779914,-0.0003450430622369814,8.747604689399827e-05,-0.00048605391031813,-0.0030328555587611134,-0.008765231741318595,-0.022504556877095214,483.1323697020551,512.2191481687339,538.2539263081565,562.5118945634457,582.3455590946463,600.8820746867356,619.9049722958031,644.8764950416613,678.8318751746689,744.7790501651
hm101/bid_pre15_ret_vs_event_stk_skew,hm101,1207,-0.01641438984983163,-0.3620120121325977,0.4253576035911418,-0.8841796666187228,-0.8841796666187228,-0.5636363636363636,0.3989468200872672,0.6010531799127327,-0.0001440515195824161,28.296897838077754,30.50711439393712,32.49191507767582,33.06279329759796,31.14139085024527,30.002960473615282,30.506358786690765,29.473475614684943,27.41004216914119,22.31701208031771,-0.00189939361906775,-0.0017173708717193122,-0.0016798547101149943,-0.0010022137770946014,-0.0001921667606002418,6.63186933940742e-06,-0.00022619943763076331,-0.0011091110575805155,-0.0028351516728592225,-0.005615508292921217,582.7174736149162,584.1864444027957,576.3334796569131,574.2537995858526,587.3062215274185,604.845870769846,615.0612658968199,626.1720381392176,636.1673538025774,637.6940457271862
hm101/bid_pre15_ret_vs_event_stk_std,hm101,1207,-0.04254482047222311,-0.5575775270884574,1.0,-0.9378357865471303,-0.9378357865471303,-0.01818181818181818,0.36112364121399354,0.6388763587860065,-0.000968021192396448,25.546669640173608,30.63126720519449,34.98400754816968,37.376240854322084,38.69800204849853,37.49686201246511,39.127793903588866,35.42689555436864,27.766336563930853,-11.71300353426086,-0.006057940890368753,-0.004030956334724504,-0.0029183859039704466,-0.0015526641857857091,-0.0004544178311049307,0.00028959634965487253,0.00045917826110171504,-0.000717820313983369,-0.004732765239395822,-0.021860623191249696,426.77618712742077,472.65093494743405,503.4865928498941,526.7325393515516,548.5305667801696,573.698094316041,603.124917893177,636.5148920724785,691.4843957904243,888.5395535695549
hm101/bid_pre15_spread_vs_mkt_mean_corr_pre15_divergence,hm101,1207,-0.032070557785629304,-0.5590172813101281,-0.9522344344456731,0.10263201678970874,-0.9522344344456731,-0.8545454545454545,0.5853156638481611,0.414684336151839,-0.00016884551746269987,39.624476753527226,38.0227813280876,38.235968419089005,34.59117577020882,31.124458521776315,24.651247142887627,22.46006536863899,20.335233515566156,20.758507980108746,25.63849249006214,-0.010357408744383324,-0.005126473201464991,-0.0025643280114848385,-0.000672906547706279,4.854461090448883e-05,-0.000350089484721131,-0.0016132017874883515,-0.00330155265077321,-0.004424535123087657,-0.003539761327961287,465.0595513949248,510.3656751590724,546.8347231330811,577.6828492999292,607.4157483526159,631.4863525583917,650.0807894199049,664.0771214910912,668.3823789614144,661.9018938217214
hm101/bid_pre15_spread_vs_mkt_mean_skew,hm101,1207,-0.028400882602002058,-0.6505641712949957,0.6800839164230272,-1.0,-1.0,-0.6606060606060606,0.4728625443118991,0.5271374556881009,-0.0003341572528701406,32.66029362237467,34.34198726511517,37.08523017714966,39.02546061399041,37.81342633679398,35.023847428978485,29.518602604086805,22.909699555244224,17.903692861612775,8.959520840139069,-0.005523300954695103,-0.004313775756274508,-0.002307880370170373,-0.0009482800283538396,-0.00017846604959996496,-4.796669957809597e-06,-0.0008303691894934334,-0.002479221738441178,-0.00423434127074092,-0.0072462933214047795,479.5636044059974,505.7188792007311,554.687858810766,581.5064657932278,598.5032130361817,620.0495142235466,642.5549121761144,658.0439083652201,666.2142146269397,669.3717629015601
hm101/bid_pre15_vol_rank_corr_post15_vol_rank,hm101,1207,-0.04638851751898117,-1.0000000000000002,-1.0,-1.0,-1.0,-1.0,0.4751645782924392,0.5248354217075608,-0.0004886616579746374,51.912987789932835,47.17977809476009,43.395652504265165,38.06867580007707,35.03047437650777,31.820320724062174,29.14470043246689,23.355893855397575,11.798994108873547,-16.316803611351745,-0.011970774114147069,-0.006006961696293928,-0.0028731203094350933,-0.0008334647546903353,-0.00012566477931247257,-4.0516918765416424e-05,-0.00045752508476896975,-0.0019594302471477136,-0.005649865339199027,-0.015982532617246484,503.2446904029133,531.2457134980509,556.7758869315755,573.0582977012607,588.1927442882755,604.246758885206,613.7839876552416,634.9137737062981,669.8477959457449,715.0977877284491
hm101/bid_pre15_vol_rank_corr_pre15_volat_vs_mkt_mean,hm101,1207,-0.025704729873930635,-0.46167798565207546,-1.0,0.4075021160725239,-1.0,-0.7454545454545455,0.621470213547526,0.3785297864524739,-0.0001730544235988806,43.663203165510104,35.551520166151086,31.682500111675935,27.784806568606278,26.78582804925542,26.476505514894157,24.633025478820997,24.172694185516452,23.32308702424768,30.814157150989978,-0.010488503411189651,-0.0040993952646934985,-0.0013569558915485828,-6.486568654997819e-05,0.00014254445963789947,-0.00026476056950098257,-0.0011818082250651385,-0.0023449912311918684,-0.0038521291105296676,-0.002020810519700298,494.4021509217918,533.608769131899,561.5614371235749,584.9925088961351,604.0630162225065,626.6438982617623,641.8491158817442,654.4079109025612,661.0439550195549,638.4153562945781
hm101/bid_pre15_vol_share_p75,hm101,1207,-0.04138065416598366,-0.8614420341414424,-0.5192082882979655,-1.0,-1.0,-0.9878787878787879,0.42255568151138495,0.577444318488615,-0.0006267420176067009,42.0104862652938,45.66937816577905,41.240931934355935,36.78516055028011,34.10799146565145,31.416047697406285,28.34079511901112,23.36827331481313,15.69096360352708,-3.4856100713859446,-0.008152853743041616,-0.005097519354936569,-0.0026894470160201637,-0.0010291586102226032,-0.00025181839789159435,0.0001701262315960549,-5.439005810778357e-05,-0.0013468197306371365,-0.0054405823281368105,-0.016861449140978764,509.0149503519313,547.8920950583282,558.823697409313,570.3734704150064,579.0900166362433,586.2267950940974,594.8048893426524,612.1791396778548,649.6497002938621,753.2087393833311
hm101/bid_pre15_vol_vs_mkt_mean_corr_post15_divergence,hm101,1207,-0.049727044167833453,-0.9123520322089747,-0.2846075213933419,-1.0,-1.0,-0.696969696969697,0.3474857745211356,0.6525142254788644,-0.0008703771075608705,43.321956893346254,38.83281959642547,37.6782830719879,41.086428971270244,40.61020359442751,40.94991040690454,39.6055314355099,32.32925599877527,15.670170543831816,-34.70292204386316,-0.00908774937365226,-0.003908015632453994,-0.0020457785858460057,-0.0014088926067230476,-0.0005265605952847738,0.0005840672847054324,0.0013246256135747933,-0.00023600298661478528,-0.0070818786921348605,-0.02647048148584311,514.502095992356,548.2121666141329,560.0650254771937,568.7303078170064,562.4245667164977,555.3624177966889,562.0753863397638,596.5041062087569,673.958533765084,803.626654097294
hm101/bid_pre15_vol_vs_mkt_mean_corr_post15_vol_rank,hm101,1207,-0.040319238114326916,-0.9999999999999999,-1.0,-1.0,-1.0,-1.0,0.473645942000569,0.526354057999431,-0.0004799264167809262,50.36717678017508,45.381061551894355,41.38562540309611,38.075043874769655,34.37166702785161,31.048963209606168,27.19484307350141,21.944655975496133,11.099264945334104,-5.468527668895754,-0.010579505709684857,-0.005080391075118818,-0.002262041024249917,-0.0008019304403584409,-0.0001458600682264319,-1.6462800911606305e-05,-0.00037744251164411794,-0.0018391658724835722,-0.005554234324179907,-0.013182277870688337,515.741555350215,544.1369632987753,566.126671475356,581.5970589488239,589.0130294187018,600.7881333162499,613.5095045978602,634.2668979774068,667.5574413010334,688.637705905079
hm101/bid_pre15_volat_vs_mkt_mean_std,hm101,1207,-0.016236878923981322,-0.10967105325967197,1.0,-1.0,-1.0,0.11515151515151516,0.32937927279821533,0.6706207272017848,-0.00046619280955810023,19.318371798175196,26.6404871926344,30.703883130442254,33.06371850887279,34.65618255498332,36.076038980677325,35.24859522942045,33.48473987506549,30.507064334299567,15.18994035312623,-0.0019329234874089223,-0.0013803086550892335,-0.0010588440922597022,-0.0006244659228168793,-0.00019799496632289117,0.00018645772421724,0.00029869355763459876,-0.00024594180911579916,-0.0020569010063686373,-0.008758457456892984,457.43563890427134,506.18043376230634,534.4196328871897,555.9354828949274,573.0736958238399,593.5181002275268,611.7159840325444,637.6479102535784,679.3210156336091,791.3161629276591
hm102/imb10_late30_bot20_A5_inertia_area,hm102,1207,-0.07141391888306074,-0.9133625653190038,-0.6650251447319169,-1.0000000000000002,-1.0000000000000002,-0.9878787878787879,0.4641069693649911,0.5358930306350088,-0.0005885126003467958,52.79803201794925,56.18033631205042,51.19803202913861,47.97204369269397,39.36826338106534,31.25385632904736,22.28013169479144,11.202383895124637,-1.046380643349497,-18.51687101731709,-0.013638494904756769,-0.010537300049799251,-0.0057336074502567684,-0.0025794509701925913,-0.00038171128890915947,-4.7376829573889355e-05,-0.001556460549439485,-0.00510618968041442,-0.011124198128348127,-0.02012061643102342,515.5503469024553,508.1474928920404,526.7274638229777,543.2663614330553,560.7360666593949,579.0323024477785,604.4972826948105,629.8052518388854,667.5004736886432,701.6226722244264
hm102/imb10_mid3h_all_D2_dr_skew,hm102,1207,-0.016080211594369155,-0.7365311962466836,-1.0,-0.7199895259897113,-1.0,-0.6848484848484848,0.5211450707387061,0.4788549292612939,-0.0003691703388871541,38.71021046180612,34.98070497538548,31.70380622825161,29.061506341107563,27.11288091555846,28.64088513250795,30.109867914523658,32.044239339323255,28.248261529517517,11.138829962600255,-0.006045942029757065,-0.0023203876541838682,-0.00025931017166484993,0.0002851812829758698,0.0001527268661630177,-7.697627561896492e-05,0.0001266883647089638,0.0007978875213305452,-6.517465475238657e-05,-0.008305734504683263,518.756741413427,553.2915414921333,581.180800798821,597.7159776931478,600.6613446728189,597.6427192266342,590.8419622381106,589.9420294032727,613.0942328309335,721.1297708466534
hm102/imb1_aft2h_mid60_B4_dr_std,hm102,1207,0.06929756898947338,0.6615846804989411,0.6297040429570848,0.61459592974343,0.61459592974343,0.9757575757575757,0.5118175835192913,0.5118175835192913,0.00011669342189371018,-6.431636025975764,-17.49396556928813,4.772141467111076,21.087662801691113,31.192288866836822,40.07253316275712,49.458112934158684,53.90264477758494,58.97792617436079,54.46520860691963,0.012373480825979843,0.014483046664208594,0.006541814432944381,0.0018827448513162443,0.00012690178429832597,0.00034287898302345817,0.0025492153728419414,0.0060427421001649695,0.011006202591460448,0.013831847961341433,617.6697499854448,698.6028032707596,653.5425637818216,613.8360981843754,589.3967444946617,569.8314857128732,548.8257587771498,530.5961841463527,512.8108449266492,534.412648959127
hm102/imb1_late30_mid60_A5_inertia_area,hm102,1207,-0.07064351429858748,-0.9670854072275168,-0.843628257423552,-1.0,-1.0,-0.9878787878787879,0.45732950727588195,0.542670492724118,-0.0005725255863253944,50.232586673015234,51.42026103024568,49.07851340267126,43.59568505643522,37.41753924988993,33.90441723019245,27.542388652476053,15.85484565152318,3.127351249681765,-19.559104043335434,-0.013168971365464495,-0.010168409003501926,-0.005933672881637714,-0.0024148141811754947,-0.00035966331033306147,1.747783782654558e-05,-0.001272027708295933,-0.004825360173038082,-0.010998261692418203,-0.020947286234223688,505.13041944987134,482.47750935213935,499.8279114959786,520.0016680478043,546.9754148876394,577.8282404861911,612.7110166110905,644.7039481883716,687.6875554552904,737.3858615992451
hm102/min_imb10_A1_half_life_corr_min_imb10_E2_dfa_alpha,hm102,1207,-0.022213755527570777,-0.6973612450575836,-1.0,-0.4438655851508871,-1.0,-0.9636363636363636,0.5319850926646447,0.4680149073353552,-0.0003148469852244562,48.314863402856126,42.4891975450319,38.16423624253684,36.07971102852387,32.168529757769726,28.467204366042584,22.65005245379123,16.709577620370712,11.360747236388137,17.949649710261863,-0.006689843943036477,-0.003141920607086172,-0.0012777402684945544,-0.0005063465018535208,-3.404156968397121e-05,-7.803565196429456e-05,-0.0007553267011737283,-0.0018981248571061959,-0.003363416739782981,-0.004154111702164439,586.1118337317117,596.3592800494024,601.4226880718878,602.8641092591955,602.3484181238829,601.9063582888888,601.518351827763,598.461083648345,590.9578906819986,661.0358338150922
hm102/min_imb10_A1_half_life_corr_min_totimb_A5_inertia_area,hm102,1207,-0.0197855149102253,-0.37862807864505627,-1.0,0.1641774519949921,-1.0,-0.8181818181818182,0.6504108416774476,0.34958915832255244,-0.000185230414612784,48.87491087207128,41.08966502247734,38.09220341709438,32.19179877914586,28.459392384752366,25.43480024278456,21.220135009240348,14.939480548958068,14.221044174159555,29.840151361953467,-0.007702867987651394,-0.0035459144691327603,-0.0014560527441989345,-0.00016504741836783786,0.00012164508344216606,-0.0002467577890837223,-0.0011410444902203024,-0.0027925149554084636,-0.003325111697995662,0.0006533819730043984,575.435582126468,580.5911845315017,593.8785712035352,600.3963835892408,606.7254761506962,610.9787845408418,614.9349480657482,613.1009711380574,602.8727516419198,650.9926454578318
hm102/min_imb10_A1_half_life_corr_min_totimb_D1_jump_runs_z,hm102,1207,0.03378541871192872,1.0,1.0,1.0,1.0,1.0,0.4904161949715295,0.4904161949715295,0.00038851106239963995,11.75909884892552,13.456647299460844,19.448081988649797,24.44132965689946,27.96592151935715,30.626900353900865,35.24153679794177,39.069104023009736,43.299718432292984,49.09933526819838,0.008401233753828802,0.004807099158341704,0.002262409317210067,0.0007789853954638437,0.00012865674845321154,6.08998543418718e-05,0.0007620330860161762,0.0022624240170123,0.004625006103058334,0.009308160215802786,718.3589600875946,627.2406179120848,616.9683739973118,608.3757807430582,602.991332338717,589.5105018398436,584.7823091227308,574.8126770557088,564.2100575918581,551.9993324995188
hm102/min_imb10_A1_half_life_corr_min_totimb_E2_dfa_alpha,hm102,1207,-0.027069600256581956,-0.8429135650677508,-1.0,-0.6916675483157653,-1.0,-0.9878787878787879,0.5062690354855693,0.4937309645144307,-0.00034620048850353115,50.204039514266505,43.65909665008219,40.16274784407744,35.45101800400696,31.84197867520312,28.263103380405845,24.064251316233612,19.209964858772697,8.988079998833964,12.50124972383579,-0.007635553620088518,-0.0035345979552933436,-0.0017311971665712183,-0.0005706379822884378,-5.7243101238844125e-05,-7.974727419907605e-05,-0.0005862368153724267,-0.001636760780591992,-0.004265665621204079,-0.006625759451230514,588.7498981944177,598.0677425601508,601.4994106156965,600.9602729601536,600.2575303169733,601.8407924435519,597.6077534582525,594.6238474217251,588.9944442678495,670.5474193198611
hm102/min_imb10_B2_max_drawdown_quad_coef,hm102,1207,-0.006083687436307125,-0.1430683841199712,-0.5199019405510483,0.9530482540860508,-0.5199019405510483,-0.3212121212121212,0.647622000911718,0.352377999088282,-6.64401005357815e-05,33.97753484270667,32.787433845413624,29.71555386860805,25.939444313017482,28.478471050215838,27.345723382022303,27.239568470765526,28.16281886307878,29.072074811580702,31.655286354242843,-0.002525509561301768,-0.0013464921003639495,-0.000332896877051437,0.0002361802811321413,7.181649801207198e-05,-8.422392949834e-05,-0.0002091959765036366,-0.0003533245039015336,-2.5580009708937514e-05,-0.001448021156585954,617.279250429158,595.0842967872269,601.5376153249356,599.6613385465098,604.9545533846353,600.8681782141527,593.830696102237,589.5251627144518,581.1235357275388,667.7189142908717
hm102/min_imb10_C3_cold_gain_corr_min_totimb_A1_half_life,hm102,1207,-0.043764371576745995,-1.0,-1.0,-1.0000000000000002,-1.0000000000000002,-1.0,0.4621811739576009,0.5378188260423992,-0.0006107613618251583,51.087542554333744,46.72917165218655,43.751677455459955,40.47019970036832,35.52050839543778,33.86051037958905,26.929818461210107,19.365585297522912,8.384378729130976,-11.777022753406658,-0.00996223915958566,-0.0056663037930724,-0.0029592931163160106,-0.001177124276600725,-0.00017982588406603977,4.2788623080510145e-05,-0.0006228608747449918,-0.0023404068718920028,-0.00613922386805945,-0.014149120993664081,546.1652504944333,553.03059163488,570.0869127520872,582.1628191124546,590.0397824770346,603.1448848560527,610.8968839604138,621.4599537821807,640.0250477209587,715.5042868847462
hm102/min_imb10_C4_hot_cold_std_ratio_corr_min_totimb_C2_mid_deter_ratio,hm102,1207,-0.07087145202928825,-1.0,-1.0,-1.0,-1.0,-1.0,0.40056580758781374,0.5994341924121863,-0.0008133733936262738,49.326036050761104,47.0574068229774,46.564798116031,43.96329794446444,43.38977196355029,37.78948486086124,30.429310871224008,21.155875118292304,3.374993365059532,-28.737916000396265,-0.011161810317044305,-0.008198189811639282,-0.005252324231665805,-0.00273658447037391,-0.0007139620160211738,0.00037633960743452163,-0.0003125491340080975,-0.0036893734615947265,-0.01139446424954406,-0.02697516055120508,536.4477835736524,512.4335014937071,518.6056526950819,521.6393621426139,541.4869641303048,557.0492680102071,583.9090522849989,629.7091857019445,694.8651521294961,841.9277413208091
hm102/min_imb10_D2_dr_skew_p75,hm102,1206,0.05903121807702352,0.9546112395949479,1.0,0.799294253015019,0.799294253015019,0.9878787878787879,0.5372866076346162,0.5372866076346162,0.00041328411877734347,-5.302186831596768,-4.838382717552188,11.933267189056208,23.925021000679017,32.065226592832,39.090150216018856,44.18197572180565,46.32707538612747,50.76119061889138,49.45932191218859,0.014848990846408843,0.010927665197303458,0.004562262854735592,0.0011653377211593423,-9.62573663121284e-06,0.0004142947215297618,0.002030230626544926,0.004572543568856042,0.008373356158340369,0.011732877999998987,790.8937588356993,685.7654274775389,644.1082630575046,613.8540645325352,589.7123812551198,565.9133437666102,548.0252080233532,529.2708581031512,510.9383742212631,488.5497858144582
hm102/min_imb10_F7_absD_tau_slope_p75,hm102,1206,0.003907155867513553,-0.3284981228782904,1.0,-1.0,-1.0,-0.22424242424242424,2.0690136007028537,2.0690136007028537,9.654199192890704e-05,22.448960223371735,27.986118792749515,33.084739294077586,35.6097131420496,36.08978400289672,34.586866284596454,32.39306466812347,31.687112256413034,24.690412601085413,9.102802427671852,0.007983474712785533,0.0014011484045401972,-0.0003132317117561448,-0.0007993546386819769,-0.00038782483127603525,0.0004533604977320377,0.001194852948849696,0.001862283623511078,-0.0003287630419179569,-0.007255332088201818,742.5893837066998,610.3758114337123,603.7288149921766,589.0524016708154,573.5358341197319,561.9876778953537,553.6079169933857,552.8997264880707,573.3287005700072,615.1593151354883
hm102/min_imb1_A5_inertia_area_iqr,hm102,1206,-0.08518981252244454,-0.9487439321662579,-0.7228582387128271,-1.0,-1.0,-0.9636363636363636,0.4330358878276536,0.5669641121723463,-0.0004897926261330357,56.61385466536514,59.41593344102026,57.19100925772177,52.355776676237035,41.996745218580365,33.94564124654379,26.484299755576064,12.625271293151728,-6.056308816361354,-47.11845833522622,-0.012287142214150056,-0.01281145106871302,-0.007647417664560787,-0.0033743780006700195,-0.0005577593667252888,0.00010888088769751863,-0.0011471906615530695,-0.005446971253790952,-0.01363408074421879,-0.027902509809627007,625.7197692898022,485.0370292190686,504.1213256533317,524.9098382631922,541.8468484491392,562.0050596568266,586.6251675547169,622.884280064823,693.0525361117576,777.2190283031938
hm102/min_imb1_A5_inertia_area_trend,hm102,1207,-0.045365372611469154,-0.8669350587834777,-1.0,-0.7742876062115507,-1.0,-0.9878787878787879,0.48351640846255356,0.5164835915374465,-2.746927585771547e-05,54.56366304547405,54.22661192175178,50.162280201254305,43.798941602939834,37.486642858789516,29.39297701314976,18.725228689533832,7.254938996123026,-2.6785205597697415,1.4013898584857543,-0.0072511248952119006,-0.00791535128390783,-0.004645238678615451,-0.0018315040166932573,-0.0002784013136288316,-0.00011938977074062729,-0.0015819744391495883,-0.0047692967443796995,-0.00861956102245131,-0.008326061170832948,645.5991516357952,551.7952779496643,554.0957681302815,563.9453513472171,573.3759496438981,585.071720981785,602.8309030465618,627.6089597316712,658.85662456735,644.6020386123303
hm102/min_imb1_B2_max_drawdown_corr_min_imb1_E1_hurst_rs,hm102,1207,-0.08425323721171961,-1.0,-1.0,-1.0,-1.0,-1.0,0.45273831192111086,0.5472616880788892,-0.000984359263319093,52.969685917606455,51.80627734180148,50.008357875908864,47.90356334912462,42.65674094333141,34.89937980807934,27.37356528231033,17.009323917456435,-1.2726458716419802,-29.044116648108993,-0.01612909169890634,-0.011545929234588078,-0.0065574526932478915,-0.0029369246828664683,-0.000529612928315036,-3.847595167958177e-06,-0.0015493749835376518,-0.005184495780569553,-0.012394817484033656,-0.026437330867167784,464.3579825780807,454.79915827444546,483.41411889135566,517.7907813148171,551.5014721786984,589.0927490876253,631.6658242217237,668.942602162912,712.2823814522999,823.5577943842464
hm102/min_imb1_B2_max_drawdown_corr_min_imb1_F2_posD_ratio,hm102,1207,-0.08264977556978187,-0.9926702473446141,-0.9408241289855881,-1.0,-1.0,-0.9878787878787879,0.451984956861212,0.5480150431387882,-0.0009586355229864945,51.4544656794185,51.750396287134315,49.258431083447874,47.5683596366831,42.04459468059184,34.46905035055606,27.870265657080463,17.315807554846643,1.2803971995731112,-28.701447724356214,-0.01565191434342488,-0.011347646858895907,-0.0065089868850986814,-0.002901946784662154,-0.0005126715379125176,-2.3581709623479746e-05,-0.00144903738267124,-0.005080776135856678,-0.011871322899646685,-0.02634325550900341,466.15175318562416,456.54877321045785,483.42250999109103,518.4140948350566,553.0903193009698,591.9209547556766,630.9940522295847,666.6892112615507,711.9967190236144,819.5239244695443
hm102/min_imb1_C3_cold_gain_corr_min_totimb_A1_half_life,hm102,1207,-0.0436209383041996,-0.9999999999999999,-1.0,-1.0,-1.0,-1.0,0.47990078933134855,0.5200992106686514,-0.0005179979176621515,51.97709923686345,46.321484401075075,44.13368097660545,40.794679108342656,36.38464634630519,30.928692000000442,25.421265063356046,18.0857871508489,6.8011255954774255,-6.51837574916074,-0.010998039001496214,-0.005524323220739022,-0.0028703128776215885,-0.0011112179336686292,-0.00018124208047589176,-4.127323296161546e-05,-0.0008161446861613937,-0.002627894136662884,-0.0061779919929438,-0.01275450122380633,533.9848274162612,554.2511607094356,570.7436486630982,584.9680958527381,596.0014223276497,605.4874178385502,614.7324028265418,625.3111075978788,639.6436830291043,708.2751402645816
hm102/min_imb1_D2_dr_skew_mean,hm102,1207,0.005013379564709562,0.20516628053876806,0.7882969710020814,-0.779025845227328,-0.779025845227328,0.45454545454545453,1.1418095161130286,1.1418095161130286,4.164719889604853e-05,21.248592641380963,19.586361136402925,26.961689712338362,31.9209722041753,33.627556387726784,34.10014677469198,35.17031292339743,34.72840472370165,30.484393255996448,26.554584811695918,0.004302848895263251,0.0019044508445064062,0.00016775493233177997,-0.0004795882181195568,-0.00021869512712886782,0.00023757735084041978,0.0007368969754459701,0.001182307843488776,0.00011760518817058492,-0.0029794263189852474,713.904982934729,587.6949210087251,577.684541986035,568.6311147990801,567.4980080755967,566.7285176141382,572.5673497245364,580.9652848285385,604.9327862351537,670.190611754584
hm102/min_imb1_D3_dr_kurt_excess_std,hm102,1207,-0.0275524144306184,-1.0,-1.0,-1.0,-1.0,-1.0,0.5357297221562627,0.4642702778437372,-0.00016956778236764894,44.990123548961925,38.31724193883152,35.467004522511246,33.62032460362977,30.931919964680382,28.102363827360172,24.53561063225646,21.458067557649088,18.528248705589778,18.403720440134066,-0.00796200745185081,-0.004211130499275202,-0.001913043969106226,-0.0005549372638209483,-2.8685642661756874e-05,-0.0001393348620511971,-0.0009184772950999055,-0.0023808005114023174,-0.004146690950187345,-0.005127738202795076,601.6540761930611,550.1828597153889,561.6227244012624,575.9623867833001,585.3888071117725,595.7816268940221,612.4118328985346,626.3060831963238,644.9880405383634,664.5802644379693
hm102/min_imb1_E2_dfa_alpha_corr_min_imb10_A1_half_life,hm102,1207,-0.02043265463540548,-0.7602708028022388,-1.0,-0.5273253166706547,-1.0,-0.9878787878787879,0.5218311648715369,0.47816883512846325,-0.000300458356773801,46.97214329938391,39.95877626553511,37.501429725855914,34.38388883521342,30.948295153134815,28.23540371525506,24.830680575459823,19.944259517016807,13.510169634886001,18.067316223054423,-0.006234470574529624,-0.002600339199948119,-0.001236471745973131,-0.00041324439086339157,-2.108152418653786e-05,-6.227172183044663e-05,-0.000511097283610258,-0.001491349593567626,-0.003150051948602609,-0.004411818295519966,596.9197496732065,600.671502905099,603.2103193256543,601.072905181585,599.871278131915,597.6130511783973,596.0828662789013,595.3192874150785,590.1320934987882,665.7007151114351
hm102/min_imb5_A4_final_r_mean,hm102,1207,0.07766052834507092,0.639996105193532,0.5027046246101269,1.0,0.5027046246101269,0.9878787878787879,0.5110667274262575,0.5110667274262575,0.0005941762878688099,0.08837038605950766,-16.15723989151001,6.069157356612163,20.75186763534529,32.93300888584601,39.71477805838263,45.41552940256719,51.645983731792334,56.11478264521845,57.84956382940172,0.014466169357624063,0.015571156260023322,0.007104043101114246,0.0021594483043771546,8.523131741536431e-05,0.0004188795262038875,0.002584041775083283,0.006355026403115304,0.011453133983213648,0.01686922202903193,820.7173011933222,722.8851382283278,665.4349273105591,616.4558974420079,577.9281439143328,543.3474395370528,515.4378999292695,492.8517005973436,478.8539313751039,469.53931743005336
hm102/min_imb5_B1_decline_count_corr_min_totimb_F3_D_std,hm102,1207,0.010405647459691353,1.0,0.9999999999999999,1.0,0.9999999999999999,1.0,0.8037220727018277,0.8037220727018277,0.00010979680129023129,1.549290636880614,18.13315797597779,25.081076783952952,29.78674707203189,31.937207247797193,33.296053620263834,36.51090240774273,37.60339870340221,38.66200825729603,41.849824887484935,0.00680459398372395,0.0019450567641243978,0.00011918928184330484,-0.0003920069580322345,-0.00020183064026077293,0.00021060446937609008,0.0008204761934259464,0.0011308390368550906,0.000979163463602904,-0.0011202349362575332,641.6171779304273,595.8092106545608,583.9293169894157,584.9134231852772,583.3828263026833,584.9033467228298,590.2042683686452,598.042489466078,608.3622930380104,665.6750090845135
hm102/min_imb5_C3_cold_gain_std,hm102,1207,-0.09165939358307047,-1.0,-1.0,-1.0,-1.0,-1.0,0.4392215760209441,0.5607784239790559,-0.0007323516196401159,61.75135395268157,57.755832911982125,53.01397809326489,48.885802459200974,44.94422372682457,37.286330541242,27.282198219908672,15.821448354976571,-4.692646911442134,-47.7656439864942,-0.015784960707742945,-0.01286093496478366,-0.007389365465869969,-0.0032265614570565018,-0.0006752960786473568,0.00016575334362082774,-0.0014529792209897253,-0.005949986609042806,-0.014295909008709768,-0.029456801794208513,585.248371595806,470.8989635978225,483.4559767840985,506.7300957174474,534.2113880756802,563.7048167629383,600.5429240702254,650.1947836699181,703.4907983568623,806.1272262621192
hm102/min_imb5_D3_dr_kurt_excess_iqr,hm102,1206,0.040876434935173775,0.49120045819479147,0.36095660966835275,0.7384445283675056,0.36095660966835275,0.9272727272727272,0.4999659843252507,0.4999659843252507,0.00023902549750825277,14.628995703673446,1.3862164134353692,13.711406769871607,22.19147537093166,29.58907130263982,34.48149949550292,40.370966940764426,43.329005153215604,44.70771377849746,43.16914164912655,0.006746053928001536,0.008274860814342566,0.0038948253308924486,0.001296063543922701,0.00010551879277141368,0.00018085457275448407,0.0014420142247962176,0.0035247125786666373,0.006247066737844598,0.008925438913672902,749.4844476987823,671.4686091618242,649.6300401132706,625.9827749839346,602.4644380745575,583.0369002515098,561.8066717913065,540.2905087960244,513.1199589075924,479.90750658083186
hm102/min_totimb_A1_half_life_corr_min_totimb_B2_max_drawdown,hm102,1207,-0.06418760289098083,-1.0,-1.0,-1.0,-1.0,-1.0,0.40936690037080165,0.5906330996291983,-0.0010667966499832875,54.73529996590513,52.14938768114385,49.595315239240875,47.54291027066694,42.68901980942699,38.368081768810875,33.109744205548566,22.468510723455218,2.7241328741125486,-49.09563306318143,-0.011604538429187976,-0.007255340998755206,-0.004388769523381305,-0.0021262567236737763,-0.00046466312478484525,0.0002490040359702634,-8.170442344415493e-06,-0.0021729165171675887,-0.008290137215159166,-0.027059017302513512,535.0842236318852,546.9513624106658,557.3756903426547,570.5523162200594,576.8249679381684,588.0513198033319,603.3632663116595,620.70489687612,646.2340016585131,758.4593070243682
hm102/min_totimb_A1_half_life_corr_min_totimb_D1_jump_runs_z,hm102,1207,0.035929955889015736,1.0,0.9999999999999999,1.0,0.9999999999999999,1.0,0.531372047483169,0.531372047483169,0.00042390290910336326,-1.1833227085176834,10.868358333332477,20.088938571757108,25.293157067589526,31.20842634047996,35.11881360581741,37.778653167357795,41.77011815600224,43.9829690401175,49.49374816840472,0.011428104176018201,0.0048432730020128755,0.002024055336652877,0.0005778075737298101,-6.316018431842124e-06,0.00016363105273354325,0.0009227798296441322,0.002355269431789597,0.004582260801602739,0.008615187794160458,727.6616658752755,630.3095215210601,618.2689992213789,605.6798782116084,597.3433369974975,589.6829777350548,580.7332398589073,574.7440469164038,558.0376596869701,551.253905619847
hm102/min_totimb_A1_half_life_std,hm102,1207,-0.07342827630038379,-0.9434180333830237,-0.6673001972119931,-1.0,-1.0,-0.9878787878787879,0.44960464001574674,0.5503953599842534,-0.0009006850799545965,57.13860376544168,60.3737401445531,55.69700187276715,50.042712108939945,44.161095959918164,35.518951530909014,28.88384160746238,15.251197471198871,-2.0385162896870384,-50.743330461688856,-0.013839235874136128,-0.010484816031301417,-0.005596600086070791,-0.0023092044245206084,-0.0003788851258414134,1.2711136393091334e-05,-0.0009675626975046785,-0.004003384717281237,-0.009810048458543776,-0.025150564941622367,561.6108104069099,533.3346348519378,557.141338768394,573.3865525087058,593.3667178685689,603.1020378469848,620.6153746739071,628.1095728478036,646.6212377488806,677.6386700220494
hm102/min_totimb_A4_final_r_mean,hm102,1207,0.08086873845010324,0.8346997919434647,0.7454290623207062,1.0,0.7454290623207062,0.9878787878787879,0.509989031140058,0.509989031140058,0.0005981828129627665,-7.444450658431822,-14.183594212553624,7.74325103024095,21.119136116108713,32.022375415189124,39.17563762953142,45.22381023079616,51.977445909138815,58.1859869389295,60.615496617359995,0.017350292483519644,0.014985250136917927,0.006451751239530397,0.0020209827058607736,0.00012882633263060634,0.00033776138368162505,0.0024460337027108177,0.006363736727298665,0.012141256275713141,0.018044664649276794,822.1367030409926,701.4928552535717,653.0912478638305,618.8099450027224,587.6482940232574,556.0341496375918,528.1323920381711,502.22063531634063,481.13270747165274,470.3047247972625
hm102/min_totimb_A4_final_r_trend,hm102,1207,0.017411521528541855,0.4225223686640007,-0.2770937463955145,1.0,-0.2770937463955145,0.7454545454545455,0.39451145558767037,0.39451145558767037,0.00033793341837177896,29.557860371317535,21.011497901549056,24.49536404673816,25.11747196493008,25.849215486811527,27.578623482851313,28.547229168524904,32.37320579964142,37.79280894866374,42.064074008834716,0.002956488804142915,0.0019340427626148063,0.0010719768278056765,0.0006116007475549741,0.00016161695532916412,-0.00011376926758962692,-7.763247710525773e-05,0.0007698552480353534,0.0027262892924514222,0.007033119216930641,728.9490433692101,594.155881417625,602.6487712092354,601.051042192062,596.7450864738481,595.1447033918885,590.887990226587,583.6502219832947,574.5085770905064,570.7758248463082
hm102/min_totimb_A5_inertia_area_mean,hm102,1207,-0.08462113746453635,-0.9980432051576711,-0.9876011719895089,-1.0,-1.0,-0.9878787878787879,0.4426760223107097,0.5573239776892904,-0.0009663574232578319,59.706003494522705,59.812809106385885,56.65180956040813,51.34729835666154,42.691274785990025,32.91941629235013,25.66231976827737,14.575206591212783,0.16447308773474845,-49.24421743500917,-0.014694691798368232,-0.011981502010724654,-0.00694771767449421,-0.0029166024568559198,-0.0004914513355074758,3.7993515707519335e-06,-0.0011819691907827463,-0.00458290409990648,-0.011157700954411553,-0.029704039871797934,582.1959073642753,508.2210351178688,524.8799987713534,546.2049428853475,561.3333229062719,578.8326846464403,596.673282991343,617.0110891893172,659.8042969882101,770.0081144837294
hm102/min_totimb_B2_max_drawdown_mean,hm102,1207,-0.06443469524114943,-1.0,-1.0,-1.0,-1.0,-1.0,0.4308744949659737,0.5691255050340264,-0.00046783681816594397,50.74320792130068,49.66740147230807,46.770636571455746,43.53250721215843,41.17880308206932,35.82854687324024,33.058229560643156,22.730859993354574,6.623702903865752,-35.83059905409892,-0.010105629689698688,-0.009770588241921091,-0.005118246107107229,-0.002127151395260611,-0.00044007238357533573,8.952309901518921e-05,-0.0006295299280194964,-0.0033649438296950557,-0.00912485334022378,-0.0233753666064974,647.4550739151017,482.18273731410613,509.4973414800968,534.4973880124771,559.03353284399,581.684383973673,613.5586591516792,638.7821624613531,669.2891850181688,731.5866619624494
hm102/min_totimb_C2_mid_deter_ratio_corr_min_totimb_F1_absD_mean,hm102,1207,0.01600022138435271,0.9808209865942573,0.9999999999999999,0.8975109425360764,0.8975109425360764,0.9878787878787879,0.645267568641366,0.645267568641366,0.00014344364659358772,3.224546746883105,21.353286505569496,26.24074209712191,29.95506632707434,32.003396624481915,34.10918851351174,34.55818794357187,36.420283417597155,36.05593325273214,40.49051873496063,0.007959719412194553,0.0020742491407494956,0.0004485035213027549,-0.00012665713391790182,-0.00012395052299853888,0.00019016160525304484,0.0006345084217176614,0.0012535721027383342,0.0018407114237858652,0.0017059597669338432,658.8309290191437,619.951874953832,605.5524483759027,597.9867309810219,590.3919373038513,586.9853567039659,582.1630955819234,581.894995287236,579.5915937159081,642.0708512732704
hm102/min_totimb_C3_cold_gain_corr_min_totimb_C4_hot_cold_std_ratio,hm102,1207,-0.0806537069345834,-0.9670782270921915,-0.7634111874465924,-1.0,-1.0,-0.9878787878787879,0.43064207908582736,0.5693579209141726,-0.000855737336820346,51.846071822488256,53.25080799960319,50.65831646875536,47.28548527338099,42.780627844418355,36.83870888743305,28.018639331028957,16.671071629141927,-2.3568000061590246,-30.682276544458887,-0.014121958309350955,-0.01037905682857693,-0.006349407719906699,-0.0028771034416544584,-0.0006368372349193723,0.0001756146678956202,-0.0009738051003370099,-0.004634465607712308,-0.012617950220526,-0.027382999802675133,517.0121698001498,497.49653248349676,506.9135198990761,525.9493834272832,543.4397031151508,572.3861864098847,599.4885740257579,636.6950892909064,692.7822118024247,840.1816885916058
hm102/min_totimb_C3_cold_gain_corr_min_totimb_D2_dr_skew,hm102,1207,-0.04656774442977711,-0.8999401386676679,-0.39102895508435276,-0.9999999999999999,-0.9999999999999999,-0.9515151515151515,0.42958913550026123,0.5704108644997388,-0.0005599963013314128,39.43120723501154,41.414780669050835,41.593233920883065,38.5216368512459,36.654671165195836,32.31615763936989,29.401886286915563,22.021005554493303,12.448175377177312,0.5405957634621796,-0.008436324492912886,-0.0058336672948432105,-0.003616275248033692,-0.0015231451192047637,-0.0003550165898181889,8.365587882928706e-05,-0.00039026924919228427,-0.002410080447081615,-0.006806961631067117,-0.01671966393512121,530.2802672264893,523.117857844858,537.2621654612198,553.3101494399267,567.5050956276866,584.5956562680943,606.209632943103,629.604728240402,665.6038388799492,795.6064553674629
hm102/min_totimb_C3_cold_gain_mean,hm102,1207,-0.0905767543826173,-1.0,-1.0,-1.0,-1.0,-1.0,0.43245513531694146,0.5675448646830585,-0.0008250195420810167,60.314669300506615,60.11092582457013,55.35435898564353,49.84713775794378,42.90093871662053,37.29931613319937,27.86312964705581,17.214817393216595,-2.814862283879377,-53.81323101047565,-0.01388132098079918,-0.013474595605250272,-0.007608377520065731,-0.0032560729124333117,-0.0005932316168458786,0.0001540909392565735,-0.001189462910326326,-0.005220931117918752,-0.013235698061813045,-0.03144613505434039,630.2519049165762,482.0534183400715,494.4494998982489,515.2167445557982,539.3237082124951,567.6157839896,597.378142126879,635.7400287420323,685.5272932427141,779.8595722462752
hm102/min_totimb_C4_hot_cold_std_ratio_trend,hm102,1207,0.02972440423533468,0.49878152237145634,-0.21754740783583246,1.0,-0.21754740783583246,0.8666666666666667,0.40188644761961473,0.40188644761961473,0.0004007140306080683,26.915304320621832,16.67314501957075,16.153073742326477,20.01490662408408,23.069383661152326,29.36135170034073,32.574245410422904,36.67643772271277,44.61673121186225,48.335112214987035,0.00368801581501001,0.003577272098837818,0.0028380401363234313,0.0013455332292717753,0.00033593240803263984,-9.611348836220656e-05,0.0003513923941408374,0.0018132652143597594,0.005408375995694568,0.010061976401417984,707.121793224864,607.848678707086,615.4616665495402,617.1793878720847,615.6406221342155,610.4384200735391,590.6755141692169,573.3306648962782,552.5086091813029,543.2169410838346
hm102/min_totimb_D2_dr_skew_corr_min_totimb_F2_posD_ratio,hm102,1207,-0.014004103341357297,0.13688670067577544,0.726813267883111,-0.30863417400036314,-0.30863417400036314,-0.44242424242424244,0.37264266705495197,0.627357332945048,-0.0002099323163968325,25.15438327931398,32.021734857836556,33.35460442284619,32.409152672009974,32.057306296579405,30.59197206986011,29.22339247136904,26.895109904307514,24.809989368578208,27.86467441777536,-0.0006303131570724779,-0.0021315346751204964,-0.0015282942936784148,-0.0006952349090349645,-0.00015491964564704781,6.973087756306319e-05,-6.24704138203288e-05,-0.0009556033745746153,-0.0021791452778504223,-0.005526386155724744,574.7113652148987,556.044688464309,562.1241830103861,570.6639337891534,580.147892333532,592.9275193264533,604.636467066773,621.650945726605,633.467138681115,735.3980074694994
hm102/min_totimb_E2_dfa_alpha_mean,hm102,1207,0.08241775138264544,1.0,0.9999999999999999,1.0,0.9999999999999999,1.0,0.5338240212637274,0.5338240212637274,0.0007427330137027685,-26.286852035913082,-10.149310271174983,10.095200952265944,23.39159987974703,32.30911138521326,41.98062916978826,48.6448283058441,54.33748996624646,58.98492857924503,61.14290246792324,0.023571594131005395,0.01325820922359114,0.0052620236143314,0.0014700090109510983,3.825076261879953e-05,0.00045474195228909766,0.002538580435270274,0.006117324807814925,0.01117262417463481,0.017791660256435828,843.9324115273681,676.2494861384699,625.9007570883196,597.4874856885532,575.2487359232348,558.699920764462,543.0455978892928,524.9110912220958,502.98545718474196,468.77279791221423
hm102/min_totimb_E2_dfa_alpha_period_ratio,hm102,1206,0.020414195618216894,0.2733181516624601,-0.4143358323436446,1.0,-0.4143358323436446,0.806060606060606,0.40655357635416645,0.40655357635416645,0.00024027712625147973,31.505615228505064,16.459372648309447,16.087632299850856,20.53710701176487,22.472084939990275,26.794964472852847,32.81664137346669,35.51693811292733,42.17768119287133,43.10357823271029,0.001749211952143818,0.0029572908716683356,0.0022904993701322023,0.0009688790730565995,0.0002358974449850283,-6.338521049876556e-05,0.00044458941820384065,0.0015342539307994013,0.003963723456288539,0.006092958185186396,723.912033124221,603.9319226869811,606.8953983690094,604.6816346081483,598.2630341629015,589.7244372115097,586.2831375102412,574.6163492782157,566.6034677418975,576.7693659261118
hm102/min_totimb_E2_dfa_alpha_std,hm102,1207,0.08793204320197068,0.9895568100655614,1.0,0.936554423027001,0.936554423027001,0.9878787878787879,0.5503858691528153,0.5503858691528153,0.0009786185708270559,-40.049347452644845,-6.346422743845636,13.641376907607828,25.39223849997093,33.61705382440931,43.495346395526866,49.73289453008192,56.63584651442687,59.43417242346948,58.91198311570171,0.029169834035955394,0.012659874085256626,0.004743693184239235,0.001320036523243296,-3.5501637268763724e-05,0.0005260171695990428,0.002781238452091673,0.006770702981713566,0.01181701814674038,0.01720051168957316,860.093390980144,673.0976165210113,623.7197529796539,596.7450367194301,572.632317960054,555.9942969808625,537.0284503672362,519.438803185655,497.6966050972767,467.6154415690424
hm102/min_totimb_E2_dfa_alpha_trend,hm102,1207,0.024304993935549767,0.35926472886166644,-0.13556872972678238,0.9929446295537384,-0.13556872972678238,0.8666666666666667,0.4413962101940422,0.4413962101940422,0.000202413021473082,28.273659998284202,14.227430194923805,17.23489851103276,20.208464613008626,24.9198699862077,28.307123407060732,35.13896977623358,37.84557609986001,44.14423722882267,44.08817109273681,0.0033218704872533004,0.00371399856776811,0.002320575624931035,0.0010788260369489905,0.00020351715446725237,-3.060898391828544e-05,0.0007055955414245334,0.0018079447281884311,0.004468722386904603,0.006512139370108684,724.2709970652178,607.9942847783435,606.0732514018872,606.0064281405438,603.6845317078752,590.8999620570302,581.3012480230996,573.8675699549466,562.8396050141174,574.511055915604
hm102/min_totimb_F1_absD_mean_autocorr1,hm102,1207,-0.004449428820970672,-0.807174874395638,0.38421628122637946,-1.0,-1.0,-0.696969696969697,-0.0042918046230482785,1.004291804623048,-0.00028187347533449494,31.292358348087905,32.31378735636552,32.617632786533164,31.959115582864904,32.11411775290266,31.960492967542734,31.71949098440122,28.51064761682134,22.976919293175822,18.899345956386906,0.0009586275891205765,-0.00013690716850416545,-0.00040986469259600894,-0.0002773167411277415,-0.00011665265359344966,0.00014166567462601626,0.0005098293017550999,0.0004479140319970363,-0.0005685149284935251,-0.004716335758820023,593.8543930071957,589.4840165522883,587.2144907688609,585.7499373004404,586.5873110502556,585.0748787891185,586.7977361067475,588.5213385953823,593.5350935591719,732.5366755869032
hm102/min_totimb_F1_absD_mean_autocorr1_abs,hm102,1207,0.004449428820970672,0.8110476863886805,1.0,-0.3731575283656225,-0.3731575283656225,0.696969696969697,1.0031849376996311,1.0031849376996311,0.000285012753000905,18.909898510812955,22.980731197669545,28.551348344020003,31.67165271055787,31.967044543915524,32.11418546447034,31.939723062400898,32.60006460091452,32.32393746133008,31.327986610565553,0.004711134606221584,0.0005639263139281467,-0.00045136370949278373,-0.0005043738359057733,-0.0001416439010495731,0.00011567885695122027,0.0002804098078020166,0.0004028912917565677,0.00014408905716824117,-0.0009563324194098733,732.2328448547386,593.555087174694,588.5484195316512,586.8438142226702,585.0842280886562,586.6117650368969,585.6622690215412,587.2024129860499,589.5356201103943,593.8677895328045
hm102/min_totimb_F1_absD_mean_curvature,hm102,1207,-0.027613176948208345,-0.7063424955834662,0.4211201528107167,-1.0,-1.0,-0.7090909090909091,0.29313922568032136,0.7068607743196788,-0.00047162830659000255,31.100033866584294,37.55576655274252,36.899870850174615,37.885323940900726,35.51012302795,35.2056001325814,32.54544419317539,29.98960988969217,22.351034400617266,-4.696944945095208,-4.722339691671607e-05,-0.003412671839209879,-0.0025583052818788105,-0.0015406836884863486,-0.00039736834607703454,0.000322506731166814,0.000366259634320296,-0.00044388827949139767,-0.003566790431068218,-0.01586338374397708,599.2797624687123,559.7983032238443,553.8366903727758,559.3779967114345,566.0608672699141,576.4266250513531,594.4775557250806,614.6750422923228,648.3648960339741,748.7875564971604
hm102/min_totimb_F1_absD_mean_iqr,hm102,1206,-0.02985223228067988,-0.8192696978509437,-0.27784856888638443,-1.0,-1.0,-0.9636363636363636,0.35597636514579706,0.644023634854203,-0.00014571300141086953,38.76872938263882,43.803792140345,40.063213678901306,37.231616263413514,34.89423735449328,32.05326851655572,28.228612391350424,24.706791108967774,14.643536821443956,-6.880221513977934,-0.0023638945428354112,-0.004601877846537257,-0.0022726154253662274,-0.001039463238598695,-0.00029696770083014227,0.0002552841826075918,0.000341955981368202,-0.0005668941162645471,-0.00458409495139965,-0.014577951621412896,666.3759103703472,555.0732240710759,568.7479483018146,575.6730681305282,579.3648209572555,577.9167198781323,579.1374490998247,592.0728453851167,618.7096757650163,685.0413248994297
hm102/min_totimb_F1_absD_mean_period_diff,hm102,1207,0.031699309255219014,0.40856538882705723,1.0000000000000002,-0.7548393484494548,-0.7548393484494548,0.5878787878787879,0.6922446088475428,0.6922446088475428,0.00011550327245158982,-6.394619848552633,18.22667030103047,27.225247842090152,34.0008926324792,37.496964890686975,39.355502238802444,41.479890876710996,42.206447880835704,39.00577347695822,21.799618476162703,0.016867170805509313,0.004783830882605014,0.000890254828585284,-0.0003903678413413622,-0.00028716925690072936,0.00042555843923495893,0.001776754094384878,0.003578313180663313,0.004674424281524195,-0.0007349634314974405,761.0331814695708,651.0636377643973,613.918445781296,595.3801281894621,582.8662626615762,569.5849654872751,557.1408301706412,543.7898430540002,536.8914021651211,576.3837179531348
hm102/min_totimb_F1_absD_mean_period_ratio,hm102,1206,0.022959397417308357,0.26783408419226484,0.9949034193300131,-0.7102604472410939,-0.7102604472410939,0.4666666666666667,0.700513821008029,0.700513821008029,0.0002547144477130945,11.124415736143836,23.24318246717241,28.301021596964276,32.16676433904172,32.1130053319131,34.23243883981502,36.734105465025785,35.30662809092316,32.280093666152496,21.967390183866865,0.012568715390800416,0.0031576288446985503,0.0006196572077223892,-0.000242198005190505,-0.0001988592162237678,0.0003453203992293508,0.0013665859225070348,0.0025810188831138807,0.0030663700165854306,-0.0005595564736475329,790.931050693568,638.4888553883821,609.8675248200083,594.519440783465,578.1748182942538,566.323054124533,560.4295695287008,549.2959931685837,545.3463887469985,574.4829015227182
hm102/min_totimb_F1_absD_mean_quad_coef,hm102,1207,-0.02759138719441718,-0.7060699327454477,0.440128856070507,-1.0000000000000002,-1.0000000000000002,-0.7090909090909091,0.2929821391964035,0.7070178608035965,-0.0004623166213350098,31.078131197828725,37.55590298980088,36.90094440046333,37.86809261966637,35.628729728290416,35.17208716039878,32.476554991522,30.03796331895388,22.317051816205442,-4.689792925655409,-3.9538197479763506e-05,-0.0034134987830181907,-0.002555203241526945,-0.001538792515691165,-0.00040130039319575606,0.00032008369696989264,0.0003669012124943353,-0.0004500803439039778,-0.0035637296161425015,-0.015853912391588117,599.3139750687589,559.7662968623551,553.9541296652769,559.4507156615002,566.0502778194896,576.4403468714202,594.2331863898503,614.9911211236438,648.2225457671594,748.746346377906
hm102/min_totimb_F2_posD_ratio_period_ratio,hm102,1206,-0.01176908669249137,-0.7512834233778256,-1.0,0.16270315916703565,-1.0,-0.8666666666666667,0.6675552792240896,0.3324447207759104,0.0003522116859121462,43.398192863258494,38.1344743648329,31.685531797183927,29.272370261370362,27.289729732955042,24.150661755961565,22.919434414634424,23.279302941464184,22.317778876429635,25.00285076154311,-0.0039600488861942845,-0.0034210911098815585,-0.0007795316473145874,-2.503208662319018e-05,9.406700645994871e-05,-0.0002112876431533355,-0.0007746418193301094,-0.0014327132217468327,-0.002033935179182317,0.0004229162085627373,702.4657214881028,569.6341710431446,584.4118992064127,594.554605736572,596.4881288626033,600.9022340611954,600.364023417896,601.2071200142387,597.9294373165782,589.2494134265196
hm102/min_totimb_F3_D_std_period_ratio,hm102,1206,0.02238740705424636,0.27345828658959304,1.0000000000000002,-0.7369077926850641,-0.7369077926850641,0.47878787878787876,0.6940336756580874,0.6940336756580874,0.00023687834411796027,11.788467403687326,23.761912600603626,28.41537172514838,31.600025898879593,32.29690891439199,33.89042908464962,35.9811237304984,35.055076326323004,32.50287047204578,22.178571919631665,0.012142714500715069,0.002994441140959924,0.0005962624734569431,-0.00016273012657305679,-0.00019747513009848235,0.00032454994561608347,0.0013115053930817767,0.0024266112192233304,0.0030484753482660017,-0.0003338260545192038,786.9348272002543,637.9186440213831,610.5150043262372,595.4870168216106,579.7415444609478,568.2047307558595,560.5394655419301,550.7627313720069,547.0439807447981,572.8936201120231
hm102/min_totimb_F3_D_std_quad_coef,hm102,1207,-0.02748796188681817,-0.7142263048339911,0.4515903528742569,-1.0000000000000002,-1.0000000000000002,-0.7212121212121212,0.29346381780152264,0.7065361821984775,-0.00041347804781419667,31.13761508468429,37.73715689214417,37.1449280100045,37.31762317564829,35.35130647272137,35.882417993647614,32.23870338766266,29.788105803682566,23.114696800297367,-5.368499341107908,-0.00017114248182611294,-0.0033479303417671634,-0.0025482889182894207,-0.0014901664922921587,-0.0003878531582248716,0.00033796165897499405,0.00036645208211788825,-0.0004269375525654013,-0.0034934847772893447,-0.01591309385784237,600.1702210075072,560.7663473615411,555.6490899516616,559.1791089028994,565.0693369809974,576.8695580242929,593.5567534078409,613.1440925874375,649.3996710608671,748.1797278052741
hm102/min_totimb_F7_absD_tau_slope_mean,hm102,1207,-0.018665684937226975,-0.586572971573247,0.7110468178341238,-1.0,-1.0,-0.6727272727272727,0.19355044908963392,0.8064495509103661,-0.00018608101588345037,28.31794194762882,37.98470111625985,40.14762211332137,40.07007498735716,38.14988383272407,35.834321584068746,31.785216744844828,27.594499479884128,19.715595826248926,-5.250113212948342,0.0014666730863994446,-0.0018618507713482804,-0.0016968510842946807,-0.0010817673971872492,-0.00040293947154383376,0.00039493327172756247,0.0007891580283524488,0.00023833214166857873,-0.0030889005396143934,-0.01323639118550312,608.0475113236422,575.5517213599909,581.7592764073819,585.8876293600413,580.7132186408627,573.8990812742259,576.7889057645955,588.7590715629772,624.3454920958741,696.5798749957876
hm102/totimb_fullday_mid60_B4_dr_std,hm102,1207,0.05344200208323725,0.9908289572877323,1.0,0.9796756047655438,0.9796756047655438,0.9878787878787879,0.4560125918300504,0.4560125918300504,0.00027995611588556047,-4.582949836501821,11.739402014415885,13.970959220202333,18.477135545730192,21.03750084186049,29.270807690939712,41.36389924873537,49.22806528340547,56.82477901000361,56.54189538906115,0.011763427684846024,0.0059495916840240585,0.003980906732538834,0.002008145593751225,0.0005404906734001707,-0.00013631733458035903,0.0013781110774280477,0.004996088148898444,0.010183749445637469,0.012497852261407755,674.8828682269096,641.6324101804217,631.9517881339666,624.6453630445865,607.6744662551482,587.5528715205028,562.2121704380004,537.7029594653309,519.2571871980275,602.7657186373549
hm102/totimb_fullday_top20_B1_decline_count,hm102,1207,-0.012289620318966209,-0.9128145583117632,-0.8132383182964334,-1.0,-1.0,-0.9878787878787879,0.4692535714648949,0.5307464285351052,-5.310310210213791e-05,38.93805917831663,32.13523555353102,33.09914000100747,31.77816462647374,30.543574563336517,28.993815926671683,27.9798535169211,26.896257995782097,24.902706086677153,18.75427630263333,-0.003001481385358967,-0.0013402370877726372,-0.0009475749750314789,-0.0004137686502886542,-3.896730785340764e-05,-1.9535339752404655e-05,-0.00023243055860910114,-0.0005891176564022491,-0.001540322482656688,-0.004113081773138492,632.616267479987,574.4323835407472,581.9866961159112,586.868683912005,593.0387744007061,597.7342167606345,602.1246270336545,609.9837809540365,621.8605414722211,643.1933995164081
hm102/totimb_mid3h_all_C4_hot_cold_std_ratio,hm102,1207,-0.025771404203729403,-0.48408711414500455,0.6719017590121585,-1.0,-1.0,-0.7333333333333333,0.33948445049265946,0.6605155495073406,-0.00011147008154013031,28.620162579026925,37.918091958838914,39.22714264220292,40.47517524639252,38.14871749725455,33.894024667128576,27.890686679291953,23.170296320655513,15.989144441498473,6.372767611224279,0.00016785460306464732,-0.003511633211103434,-0.0031385678427872325,-0.00179639716585725,-0.00043240501846599,0.00018231523994167347,-0.00041504698175567195,-0.0018999040111639524,-0.005077654372713271,-0.009738495361348767,662.8990110984568,585.8187476434856,566.2700495466736,568.9169806912032,575.8902421714106,586.7054060288724,594.8721502770879,604.2567889647217,610.9130531113204,612.56991297403
hm102/totimb_mid3h_mid60_C4_hot_cold_std_ratio,hm102,1207,-0.02944625688373659,-0.6921786629912825,0.14876730724314585,-1.0,-1.0,-0.8787878787878788,0.3967718157203695,0.6032281842796305,-0.000121869926806022,34.12289217463525,40.52169565697348,39.95171713359057,38.23880542626192,35.78020389937436,33.724164640897264,27.492168884661808,21.967235757658425,14.576784559751651,5.345710695344794,-0.0025032857873278644,-0.004422287910018881,-0.002945240612993885,-0.0014427292904123016,-0.0003215466570351395,0.00014476125608701255,-0.000493244097616316,-0.002133378137473122,-0.005253897981822677,-0.00995353773831742,632.2341858787489,577.285156243902,571.4356191601805,576.6208482418907,582.5470432941291,591.0689614222706,600.5063924435791,608.2356008657681,615.0889933751848,619.3978724649561
hm102/totimb_mid3h_mid60_D2_dr_skew,hm102,1207,-0.013370000417395281,-0.6876809560820956,-0.8377203657670821,-0.5764680505383561,-0.8377203657670821,-0.9757575757575757,0.509674349861786,0.49032565013821405,0.00011496075398229256,35.57052814546898,34.87754177246164,35.36605123581214,33.7810335142043,30.52695840545726,29.197820633865717,26.565863790095296,23.602349329884806,19.853223960476903,22.363731702553636,-0.0025175555277735895,-0.0022861659333309418,-0.0014082108159129104,-0.0006099654381296829,-5.1041102786167776e-05,-6.380926262900714e-05,-0.00056329570208016,-0.0015399733040568386,-0.002825263336439969,-0.0016196807482383075,636.3163843757615,594.2685735149264,593.8225378785767,593.7601082626653,594.9195414058139,600.2577427977441,601.4305393862699,599.8060857076222,591.3287120642289,577.0464507154775
hm103/SEG1_T180_BIN16_S3_TAU050_EARLY_INFO_SHARE16_RAW,hm103,432,0.015215733005862068,0.1114846761763695,-0.07613909640327107,0.6818640893182529,-0.07613909640327107,0.6363636363636364,0.03230773413070255,0.03230773413070255,0.00044929896250058856,82.33665854435937,96.27896066087631,37.466734599831625,54.6597911488244,74.01448204372082,82.304551703222,95.15794743973083,97.96098247918685,101.6800826099521,98.01507055035486,0.000503343023523999,-0.011195795272095839,0.006028109103489855,0.004457508172611222,0.0006839049976022403,-0.00022426006673470606,0.0007952966988975214,0.002483619849458243,0.005185150970856961,0.006049556565751965,696.2927314010213,627.9408393538793,784.2363953791473,723.7524281980947,682.6166625395904,654.5478538495432,639.5754162005517,624.1196544952152,618.2765057015578,626.7328832312945
hm103/SEG1_T180_BIN16_TARGET_KURT_RAW,hm103,354,0.034077656453546844,0.293377392467984,0.6975421930483634,-0.4949519149031962,-0.4949519149031962,0.806060606060606,0.6227237379933591,0.6227237379933591,0.00017821757423809443,54.98230932887472,48.367823885689546,58.65955011084698,74.60924937390223,85.49157426356115,85.97131290900981,88.2395169087883,89.71844232657297,91.74248826096084,74.65969971422746,0.007144036945296068,0.008929744232250868,0.004575776674314145,0.0007853395369835453,-0.00032491209404404535,0.0002840420473692337,0.004257421523638395,0.0016371223183916375,0.005912880489739101,0.0006979872053698425,678.4276266173915,703.2659104131312,705.24415833549,680.2954880990304,649.5997866473174,617.4422838806294,623.5030386185919,594.398686213968,609.8862215858273,681.8158117631007
hm103/SEG1_T180_LOGVOL_TARGET_MAX_SHARE_RAW,hm103,1207,0.04937078804473474,0.8422665473214098,1.0,0.0912312135346546,0.0912312135346546,0.9272727272727272,0.6057148143946176,0.6057148143946176,0.0005139550013076342,-22.945027879569757,9.435028372026002,20.631183667754865,27.246090954540026,33.35995033003421,40.66307744331452,44.32094605253627,47.117337132148045,47.95198905997288,41.88184069694366,0.019479214482699056,0.007175026684475929,0.002607198777096827,0.0005042734999693258,-0.00017240588543290979,0.0005258633393088533,0.0022624075418500806,0.004415204872036429,0.006525976048370872,0.005534073683052576,735.7158333527157,651.358941938729,616.5827752905983,594.419923601778,577.1622831711749,567.0223546646921,561.284046692004,557.8653308215007,560.6691980689991,594.161489389989
hm103/SEG1_T180_LOGVOL_TARGET_SKEW_RAW,hm103,366,0.02701065687994745,0.1530904373447724,-0.04182528267333586,0.7913086860685838,-0.04182528267333586,0.34545454545454546,0.40769148683565737,0.40769148683565737,0.0005007317188237425,65.98873361394104,61.89078753896445,39.39102399745542,22.827483844102616,62.523216886365184,49.12135312315339,43.954299782455266,59.089433665852106,75.85685550483564,88.30587032081533,-0.00014922706450609747,0.002076768719364745,0.005844521806699193,0.00376482579125567,-0.0007290184479729804,-2.8208138503783412e-05,-0.0022275262965368316,-0.00020078681223708445,0.004674619649867453,0.013483955953693423,703.2965020767157,709.3256704235272,717.4560649178698,709.0234039771799,632.6357973040805,663.4893013650178,666.4978566514645,632.069989588786,592.9277641658821,539.1863165513761
hm103/SEG1_T180_TOP10_TARGET_UNIQUE_RATIO_RAW,hm103,1207,0.044989325318482855,0.9677168016049242,1.0000000000000002,0.7592879162913878,0.7592879162913878,0.9878787878787879,0.6007213750517644,0.6007213750517644,0.0006875347484107708,-36.36095257046513,-3.074583787749344,9.630243464738495,16.13152265097452,20.453048832841883,26.425808978978814,28.611311394790103,31.759372959114582,34.98028979261941,33.809835040655024,0.018357057267882764,0.006221776348280804,0.002008314775428076,0.00017999464696779214,-0.00015411049005047898,0.0004598660609007357,0.0017838032443717022,0.003433273077172474,0.005206957981501144,0.006804857657617023,760.3779206779577,668.0444723390401,640.1321239070393,614.0552533817669,601.9131942488195,595.4715564904142,593.707706928821,601.1762487440238,612.1974564834022,616.3807482147885
hm103/SEG2_T180_LOGVOL_TARGET_GINI_RAW,hm103,1207,-0.056163493094543784,-0.4573159444119021,-0.0846421761933038,-0.5507485542963979,-0.5507485542963979,-0.9151515151515152,0.41683019806258426,0.583169801937416,7.864964639424257e-06,42.11477496987525,52.72529924348759,49.77958376234074,46.36735638771569,40.15248690784612,34.60067123826695,20.805160083006694,4.4488271542126645,-12.095917966603672,1.432071565673317,-0.005804518616263315,-0.008530352478201258,-0.00567346056826921,-0.0028402589469653738,-0.0005653276955544887,0.0002679450761531482,-0.0011068430574551263,-0.005416238422201898,-0.012811362536860663,-0.013690940813564959,568.6172428816817,537.421497784882,554.7753712778878,551.876317242936,567.5089487188892,585.1718570524046,618.7184476276099,653.5086822258337,693.5948639972335,712.4420976325424
hm103/SEG2_T180_LOGVOL_TARGET_KURT_RAW,hm103,201,0.01183430111192835,0.2250046864906209,1.0,-0.41481462320343065,-0.41481462320343065,0.296969696969697,0.8910162599262774,0.8910162599262774,-1.9206262809742734e-05,72.47548395056546,77.982275914156,88.58849434464362,98.38066007217142,101.8340377381508,96.91194229368507,88.96088445734257,96.18784909197002,96.60846841411954,86.06980650822489,0.005315747579996231,0.005028328753565355,0.0012720758568905,-0.0008472700536304517,-0.00020721432877395294,0.0010781687933953796,0.0010653604873567153,0.0013929022847043004,-0.00020809363062967496,-0.002036498368136313,661.8332162547414,694.964402837679,677.0773130318183,647.8608528996369,634.0231854883183,618.9008423727553,634.2170299776346,662.4818067819341,725.166009674361,733.5924202350583
hm103/SEG3_T180_BIN16_S2_PRICE_T2_GLOBAL_D4_FINAL_CORR_RAW,hm103,1207,0.06337386454505374,0.9994506946758173,0.9999999999999998,0.9937848071554266,0.9937848071554266,0.9878787878787879,0.5988876556329983,0.5988876556329983,0.0010961342768054396,-41.993941975072104,5.82079001052061,21.05327903228747,30.881985411401963,37.04846175288919,42.29424486517656,45.010736584204906,49.319633691271136,50.44055346600757,50.41515911113845,0.02631231571614181,0.008424428510233754,0.002708903040061482,0.0001361192205189421,-0.00028440260846059875,0.0005707764289043413,0.0022401366103125425,0.0047158334938978645,0.007348456632088253,0.010105163224549815,769.5338308408478,668.7858703386638,631.6700503919827,604.692023111205,583.8718270738926,569.8400417669444,557.5525937272146,552.9709685510919,547.1165649624,542.0804064937412
hm103/SEG3_T180_BIN16_S2_SIDE_EXACT_GLOBAL_GAIN_RAW,hm103,1207,0.022582749019532552,0.6928137305555503,0.3507247963363309,1.0,0.3507247963363309,0.9636363636363636,0.46127494406469616,0.46127494406469616,0.00023797697094403658,21.575581503765893,16.791862022648054,20.181123060142077,23.12406693951909,26.743710615359973,30.40431775425011,32.95516816617382,35.6612641449051,39.229950389396166,43.15354164917428,0.003942585962019463,0.003399999425136523,0.0019959454929908767,0.000854705937338717,0.00011384665936547081,4.040452679637457e-05,0.0004929238808932765,0.0013818770465508542,0.0034813369060469565,0.006641146211449998,703.8448083456831,640.514830415908,630.0194668603383,618.2639417809569,606.6580581685882,598.4538733647182,586.4428499923373,577.9905531396375,564.8256351128016,553.379352298948
hm103/SEG3_T180_BIN16_S3_TAU050_DISAGREEMENT_GAIN_MEAN_RAW,hm103,1207,0.026650544834066824,0.1686697688229305,0.027470864234474247,0.34013401143188254,0.027470864234474247,0.8545454545454545,0.5187524075539902,0.5187524075539902,-0.00013018829240020986,26.856740236551737,-2.361551072243167,12.675310109077467,19.67589205089111,28.50738839543783,36.294605336607674,41.06387777303645,43.065329782081186,44.15146948104218,40.28284337239409,-0.00013634121638206472,0.008726488198635567,0.003910503105245169,0.001344708724475457,4.7210973441545555e-05,0.0003068884090340361,0.0016745688702475077,0.003275638679947279,0.004505522795860392,0.0031255445859621413,607.1566909689933,682.9450322770203,651.3184734450807,616.5835740781849,593.4098129925513,579.3883946908353,568.3947082847909,568.8871238088605,581.5549472122115,610.8216170280755
hm103/SEG3_T180_BIN16_S3_TAU050_K32_TAIL20_ENTROPY_RAW,hm103,1207,-0.037637161001525164,-1.0,-1.0,-1.0,-1.0,-1.0,0.5109848487822125,0.4890151512177876,-0.00030128534748588657,48.317449295392485,46.03273874701711,41.043532381967346,37.03057144208104,32.829467191933944,28.07159094513154,22.419559401710163,15.641774581842615,11.562662867933,7.222966937977749,-0.009402148599665611,-0.005721748827678335,-0.002844060741780482,-0.0010170722455517122,-9.303636055459801e-05,-0.00011005968009494374,-0.001177033174957263,-0.003339678551874655,-0.005665605527981782,-0.00796543194389988,543.3039473869604,553.4918410184921,566.6597277557103,586.2113818943961,600.3956292787893,615.2108678042727,630.2025345547722,648.9046589639523,660.9964707336756,667.5186688246804
hm103/SEG3_T180_BIN16_S3_TAU050_K8_TAIL20_ENTROPY_RAW,hm103,1207,-0.020862473786244885,-0.886085160327714,-1.0,-0.11671528793123612,-1.0,-0.8909090909090909,0.6751346751729991,0.3248653248270009,-9.14088410795686e-05,48.06201996256652,41.10613404549113,34.36483321622316,27.31302076137677,25.64278191718874,22.052893404636297,23.042647577383537,23.753647844438802,23.244959300423858,21.60342554579165,-0.009589710627281168,-0.004159327069923419,-0.0009338244530224713,0.0004231344735497981,0.00023646149192580853,-0.0003629832529438581,-0.0009284542880133697,-0.0014932761228418294,-0.0018376693901864794,-0.0021254157064283245,539.4773984669898,564.3371086706666,592.8585462811794,618.6943404015524,627.2867671988431,633.0136980852362,629.739960024924,630.8638930878468,626.1281498652472,620.7205252047091
hm103/SEG3_T180_BIN16_S3_TAU050_QUERY_INFO_GAIN_MAX_RAW,hm103,1207,0.05459125190439074,1.0,1.0,1.0,1.0,1.0,0.5807845642189489,0.5807845642189489,0.0007164483073136128,-30.066219264250446,5.2656999873080155,18.74314577350084,29.32144868051767,36.864991382395935,40.684645513951835,44.523112549961716,46.582064462109116,49.05236262059521,49.30829690169406,0.020259853817166214,0.007957790984148554,0.0028143630018468875,0.00043508124474809655,-0.0001774347183998773,0.0004501984923694153,0.0018980107437862404,0.0041780751647717915,0.006861605271459132,0.009197259595180626,726.3184192410754,662.5836979301489,630.752358423137,611.9742443937238,596.011714072055,581.286152491109,570.5051986614877,555.7119940242231,554.1394557032435,554.4486210334749
hm103/SEG3_T180_BIN16_S3_TAU050_QUERY_INFO_GAIN_MEAN_RAW,hm103,1207,0.04063383199950611,1.0000000000000002,1.0000000000000002,1.0,1.0,1.0,0.5656668428259801,0.5656668428259801,0.0005953513364335629,-17.17360506260098,11.513462206038156,21.549440055655094,28.5531999960279,34.45100934466868,38.449491083148395,39.66154247421973,40.04080406030401,44.666031004028646,48.5537092839428,0.015083725526590161,0.005462658963417038,0.0019369361678659993,0.0002875645728235502,-0.00012244428246743658,0.000288550339605175,0.0011551493772709329,0.0024176361713971833,0.004987666757661668,0.00854103706890829,693.2786824294666,645.9518994877272,625.5775122492287,614.2933113477025,606.6349584167833,597.9915209840078,589.0540575898599,577.0061280610813,565.7085369321164,550.0883883890817
hm103/SEG3_T180_BIN16_TARGET_MAX_SHARE_RAW,hm103,1207,0.07134377543457891,1.0,1.0000000000000002,1.0,1.0,1.0,0.5638776956962188,0.5638776956962188,0.000968327334040307,-41.49749438002789,3.112301740850679,18.42002758948179,28.040075559731058,36.067644405190755,40.15108568724132,45.14722035199598,50.10807994426836,53.9425796225366,56.81049742000045,0.025906174172348907,0.009905811009689198,0.003403865212563637,0.000639126890419659,-0.00017183177650082116,0.00043831840142917147,0.002117637343275638,0.005131461765183221,0.009181167022929697,0.01382371805920036,760.6901747363871,666.3625029850505,623.9971260984261,601.6952144287403,591.6658172728095,580.4846863830627,573.4865473574482,560.518609852674,540.490501584439,516.8903105494389
hm103/SEG3_T180_BIN16_TARGET_UNIQUE_RATIO_RAW,hm103,1207,0.05387555021654069,0.7587427162998622,1.0,-0.31465531675362896,-0.31465531675362896,0.8424242424242424,0.65471958102203,0.65471958102203,0.0006370251819085154,-32.72655396011821,3.309418998057975,18.407623263698785,29.54219699796196,38.50609080285969,44.879398791152525,49.48499908478213,50.856542889230084,48.641810032467,39.39094833567105,0.02272748595867111,0.009189737166089803,0.0030740162363313193,0.00025874983333519107,-0.000393684389522154,0.000762619537409008,0.0031614180603850147,0.005801409539889313,0.00662707255226054,0.0020297005397830817,746.1161991080292,663.0897459621237,619.398787989581,590.2656666997169,565.677217917059,549.0223518947237,536.9326988421723,538.4539693565296,573.9784123993402,631.5789995536423
hm103/SEG3_T180_BIN16_X_S2_SHARE_12_RAW,hm103,1207,-0.02688658286932066,-1.0,-1.0,-1.0,-1.0,-1.0,0.5297150814545522,0.4702849185454478,-0.00028745484687388626,45.99511329983914,40.4893036497386,35.12429176278917,33.7941380044452,31.568490769667275,25.60121088653696,23.730193431945224,20.86974330776542,17.329626396739933,15.68124624840217,-0.008183383108521227,-0.0038769488349881804,-0.0014641348577608666,-0.0005041953461812459,-6.129711957892554e-05,-0.0001429386676556998,-0.0008119183427884213,-0.0019173023958603183,-0.0037498430119257084,-0.005887166337186165,554.7923479282695,578.4973290516047,585.3023300823606,598.7705831704,602.7147703281152,610.8997186434186,622.0566148563366,631.0458870111521,637.7954703838379,666.5738578643775
hm103/SEG3_T180_LOGVOL_S2_BOOK_K10_GLOBAL_D4_NORM_GAIN_RAW,hm103,1207,0.025831027846517602,0.3422177081943024,-0.18718842289863333,1.0,-0.18718842289863333,0.8181818181818182,0.38072865506475234,0.38072865506475234,0.00011344003171453155,29.648426133396935,11.817225259659446,14.139897401403195,18.725787410002713,24.02540234784803,28.496834807998443,34.26136255245313,37.84254168643292,41.56781428461098,48.202141468637976,-0.0005065702029644211,0.005017050691493956,0.003448294358299588,0.0015367369200609167,0.0002959108533495965,-5.160878668257824e-05,0.0005185976898761353,0.0020062908285593327,0.00460985088069958,0.008843034582110963,637.4482358441877,675.7472418488809,655.8235517080076,636.7882139354812,620.0385079184488,600.2857774850546,587.1641803614091,571.8606383472521,552.3313543706563,543.1570148511801
hm103/SEG3_T180_LOGVOL_TARGET_GINI_RAW,hm103,1207,0.04109744832463019,0.6060123829855264,-0.21370622461563193,1.0,-0.21370622461563193,0.8424242424242424,0.36172355540059886,0.36172355540059886,0.0004939286616151329,19.259404086270166,14.320970022174073,5.262447891675549,6.387922100872816,14.330309048622993,25.458199842124408,39.79471564068622,47.45359265848384,55.65861694462896,62.31826386621445,0.003069649746533285,0.003609546734657876,0.0045771949371607385,0.0027682982573948617,0.0006625598185371738,-0.0002602650687835033,0.0008253908693371003,0.003291244873466001,0.007431006485703853,0.01462889300900768,606.7318552160674,607.66549836416,632.2923938487442,644.8452353407296,647.6644496858831,634.9859050741616,612.4074088962161,586.9748413834307,557.9938209275604,508.77121647980096
hm103/SEG3_T180_LOGVOL_TARGET_MEDIAN_RAW,hm103,910,-0.023849751900096014,-0.24524173664974971,0.5654963453400166,-0.585286695588703,-0.585286695588703,-0.7333333333333333,0.3631377773969606,0.6368622226030394,-9.634037765838249e-05,39.88723967562017,49.02607606647463,56.28056152870646,52.03746094834087,51.73059354035175,41.52120626364216,39.7796874180783,32.785303686883736,19.90377743032192,25.558928242656897,-0.00064001449473716,-0.0020985120559823553,-0.004527452315638621,-0.0009733835069067921,-0.00038639869258843266,-2.3956613817858638e-05,0.00020588183020961217,-0.0010164599166513529,-0.006083579058340313,-0.00820953669798437,607.0058006826895,617.6078526421525,608.3183336032996,611.5805213671487,600.3920527668607,605.5821576743857,598.8191451303287,603.9091480282187,639.6573298032043,681.0706619598717
hm103/SEG3_T180_LOGVOL_TARGET_SKEW_RAW,hm103,1207,0.006783065753092751,0.0290773124848289,-1.0,1.0,-1.0,0.15151515151515152,-0.49007164516985724,-0.49007164516985724,-1.8380175727649056e-05,42.66036556357384,33.72991286329969,25.703649685846678,17.76857634053242,12.50370969834757,15.759672176764274,23.52031258821192,32.78402265032001,41.31084430408764,44.466636067633786,-0.005816006571805484,-0.0010297126970418566,0.0012692768446645026,0.0015548239791581475,0.0006884226491538475,-0.000536734679214386,-0.0007098303514134857,0.0006904657369304698,0.003626532212413037,0.007064208805975615,582.8841129956176,600.4327804525445,622.5831689860069,632.6661688228338,640.8202823062904,638.056540905796,619.8217414945125,601.0280148781325,580.9301629435704,562.0964231573863
hm103/SEG3_T180_LOGVOL_TARGET_STD_RAW,hm103,1207,0.029311020855193562,0.7255073364186567,-0.45090722598093397,1.0,-0.45090722598093397,0.806060606060606,0.3575212208905401,0.3575212208905401,0.00035623411757849455,19.524958645559085,20.69228253437266,14.070993098120425,13.663146502629928,15.155984293015067,25.98510563246088,33.561719833828626,41.70624185178508,49.19707310945176,56.68216126932121,0.003331179858364677,0.001917347836014383,0.002758720596514982,0.0018168588993692839,0.0005278435147940369,-0.00018313284560443323,0.000283117261717861,0.002130585556701944,0.005499077798880086,0.01087318826086226,610.1281371892627,601.0261248221686,612.6706830699154,625.310862183717,623.5155957974168,622.3004287187134,612.3223730182534,598.9816197028865,579.8702449354321,547.0189613106629
hm103/SEG3_T180_LOGVOL_TARGET_UNIQUE_COUNT_RAW,hm103,1207,-0.03531385689814751,-0.5640465054412268,0.44453786456308236,-1.0,-1.0,-0.7696969696969697,0.3360270633426247,0.6639729366573753,-0.00033212849343433056,29.269743759108866,40.95058504160265,41.16891029927865,43.07505130958992,37.766553830589615,33.71560896321062,29.242054888977822,25.82797654316261,15.746839859766451,-6.453495428462035,-0.0013374806415967916,-0.004641228176674983,-0.003266175932641289,-0.0019720802285756174,-0.0005378424869963702,0.00028116092330473516,-7.76166792151967e-05,-0.0015025468788183644,-0.005833522847500172,-0.01609439545599914,577.3358756403846,558.7825822972541,563.3716774785731,574.1872340154639,570.7884389578777,586.6641423446849,609.203158950615,630.2034430348456,658.2122948752267,713.8141489259699
hm103/SEG3_T180_LOGVOL_TARGET_UNIQUE_RATIO_RAW,hm103,1207,0.035282149662979934,0.6742690282246174,1.0,-0.6981744828073806,-0.6981744828073806,0.7454545454545455,0.7507354731070291,0.7507354731070291,0.0003652651141707055,-18.185856349733925,7.015738362120846,21.7092829202074,32.31157301452227,39.07615533775383,43.65549304073212,45.345056436036444,45.87047142319352,40.049182930445276,33.40823892525183,0.01778767358383139,0.007333442408548289,0.0019105375161085115,-0.0003329470778806371,-0.0004853625894337166,0.0007824515920687429,0.002754001009065051,0.0048371269490311035,0.0034051917744083735,-0.0030752306169378484,715.3655168583501,651.5362325302526,612.6397301451937,585.3126105796147,563.0831975836286,543.6812000605253,532.9645514771162,534.0807431379171,594.0667357148957,673.1755342879062
hm103/SEG3_T180_LOGVOL_X_S2_SHARE_12_RAW,hm103,1207,-0.026809396477813618,-0.9916567290903214,-1.0,-1.0,-1.0,-0.9878787878787879,0.5284663125217401,0.4715336874782599,-0.0002591774202058596,45.87635017625443,40.12323605011439,37.77062678987308,31.285235593559506,28.195103563577664,28.326796667527137,24.407861850911573,22.118827150903517,17.536653339120697,14.57103739903437,-0.008156884804852842,-0.0037348051828153006,-0.0018182919119431383,-0.0003118450062704737,-9.069456136643004e-06,-9.347079429702405e-05,-0.000727834064681258,-0.0018303816213252795,-0.0037255416190536046,-0.006142094596232183,555.2089907806103,575.3088432180391,590.2794433793013,594.1566746639495,600.330178167715,613.4617357371565,620.1725406076955,632.0572976096577,641.5988922349952,665.4079202774191
hm103/SEG3_T180_TOP10_S3_TAU050_EARLY_INFO_SHARE8_RAW,hm103,1207,0.031400013123567515,0.7760511765418453,0.5837927699410109,1.0,0.5837927699410109,0.9878787878787879,0.47916440430705465,0.47916440430705465,-1.2933771622365314e-05,14.381942975494242,9.513998878736437,16.145411133882693,21.60561055816298,28.03797950211322,33.1016214486152,36.51092498727181,39.76563787666588,44.64504566745994,48.119773657464414,0.004994978537286776,0.00583504426994437,0.0030046639200948604,0.0010986740017374038,0.00011860525749940973,0.00010853102491003396,0.0009123144508192581,0.002306431628568062,0.004847816861600206,0.008185886942729544,654.4391890275677,659.3214984953778,643.0412715027937,619.7447449422592,610.471514906038,599.9626934046071,585.6374758325547,577.3552378644166,570.086799094491,560.6694091880491
hm103/SEG4_T180_BIN16_S1_TIME_DESC_MINUS_ASC_RAW,hm103,1207,0.0034005522934545404,0.0009291330317568945,-1.0,1.0,-1.0,-0.04242424242424243,-1.7428897218436954,-1.7428897218436954,6.501771712818121e-05,45.49061158696925,34.253312684290115,28.85001389073962,18.54146180909127,11.406897782269915,9.784271882413057,13.273693142236151,22.208975593423823,33.24932946129976,45.55702517335139,-0.0068489003126187085,-0.0013456949504099488,0.00047527408328761967,0.0013050235249480685,0.0006008287248594921,-0.0006184654870056182,-0.0014425243721185338,-0.0005477475441778564,0.0024657072459947763,0.00929203366356707,560.6455652349817,590.0914028832381,615.1763615280156,628.0176567335517,635.5161085977055,634.6471515090658,624.5788002110472,600.5799234509564,571.1261932268559,531.8672277890273
hm103/SEG4_T180_BIN16_S3_TAU050_K0_ENTROPY_STD_RAW,hm103,1207,0.0430288760712035,0.6172713321573075,-0.2824593918403301,1.0,-0.2824593918403301,0.8787878787878788,0.3963260284216538,0.3963260284216538,0.00047188018397594704,19.011951483891824,5.525383734953277,6.355177673874555,8.42794160928601,13.071166538004237,22.238969244339252,31.024134881743812,41.47578691191659,53.03369344353515,62.514685091705736,0.005552044450460819,0.005191501322647191,0.0036704485674879926,0.0019418296567565738,0.0005106211641889854,-0.0001996523267238646,0.00037329266222504537,0.0028683669404803657,0.007495779415370492,0.015152764034333974,651.1456960049712,624.3361452628167,627.6364493027841,619.5799688925964,616.6648029304437,606.9006546776761,591.5730526260282,570.3168248750236,547.4385700668289,509.090531023793
hm103/SEG4_T180_BIN16_S3_TAU050_K0_TOP1_CONF_MEAN_RAW,hm103,1207,0.04114825515226468,0.9604273851062967,1.0,0.8319137425806032,0.8319137425806032,0.9636363636363636,0.5570979089504744,0.5570979089504744,0.0003732198191962205,-3.7171445547261235,4.296013525636322,14.186929835213192,20.825267238758695,27.949639619027295,33.04562738542739,37.680136313067976,42.53240704880103,43.41443437930906,42.46305008593589,0.012601520398804036,0.006810421723540361,0.0026612091716122256,0.0006930074084859539,-5.047178100844303e-05,0.0003077628123101533,0.001493229734463967,0.0033827780371752754,0.005524048323746127,0.00735152950393877,647.2355374331406,629.4977822448458,616.9092459626459,606.8647087017922,598.933878411261,587.4564152255712,582.1708003122113,574.0701400974469,567.3587645186861,565.9168995502835
hm103/SEG4_T180_BIN16_TARGET_MAX_SHARE_RAW,hm103,1207,0.07776081317577126,1.0,1.0,1.0,1.0,1.0,0.5513505505394064,0.5513505505394064,0.0010642945085674344,-44.92396709594597,-3.5593889770277953,12.686507924714702,23.610448977461015,30.689995878409945,36.95637077510103,44.98297205788815,49.995805504719215,54.79717447381005,57.539898873471145,0.02660670707090854,0.010720637386540699,0.004036185837440914,0.0009537850446684605,-3.064754793988913e-05,0.00040521796194705666,0.0024675516260634573,0.0058614742714527945,0.010538560165978768,0.015137046850143079,762.386059336086,668.7236359759264,628.7089230895742,605.1322000381931,589.85431098762,568.7254826745835,549.3024814450998,526.1933297654961,508.71244479936536,508.81055432865
hm103/SEG4_T180_LOGVOL_S1_PASSIVE_ORDER_N4_FINAL_CORR_RAW,hm103,1207,0.04353886364617834,1.0,1.0,1.0,1.0,1.0,0.4811332387765576,0.4811332387765576,0.00022026843489786273,-1.6124158011953493,-0.6112837290883559,9.161754676095633,20.36856607806019,25.838406050146713,32.72063349376291,35.756718440839705,40.58828739389032,46.922719124904454,53.528320309712505,0.008153357832949962,0.007524435526455008,0.003879675442912433,0.0011425303013613615,0.00014201690957529704,0.00014693580796773376,0.0009250511183228409,0.0027957648604550736,0.0062989912737027726,0.012309836137578016,653.7268068436272,662.6408556780763,641.2962043299987,621.999432219467,604.9323911727021,590.8987186204063,578.8260478160474,563.4059501509871,545.0671156258121,517.2455100283291
hm103/SEG4_T180_LOGVOL_S1_TIME_DESC_MINUS_ASC_RAW,hm103,1207,0.0038129524425182613,-0.01943423448868005,-1.0,1.0,-1.0,-0.15151515151515152,-1.5057761284200928,-1.5057761284200928,7.593932077286246e-05,45.99366747170638,34.49824501839004,28.42753805991634,19.773820356881583,10.800967050231316,8.166232244838172,13.601635501697327,22.778321969370023,34.083751258779344,44.551402298665494,-0.006678397861589796,-0.0012816417817543804,0.000501026561396012,0.0012227697396798491,0.000609138191951439,-0.0006605760136846883,-0.0013469435975507335,-0.0005451827523056856,0.002742831421432289,0.009173989214171098,561.7230685899372,591.772694179516,613.3511688759788,630.5831136689912,636.2380768150683,632.6695181244389,624.8372523016884,603.325716184107,572.0320014594627,525.6281857958022
hm103/SEG4_T180_LOGVOL_TARGET_GINI_RAW,hm103,1207,0.0022902286819055876,0.20983283468913042,-1.0,1.0000000000000002,-1.0,0.2,-2.770062710808969,-2.770062710808969,9.617031083591741e-05,35.27501418212431,33.31691549171804,25.83831034469731,18.770945937181715,11.555374123634902,9.455712405037952,15.19297580199275,25.86814903410238,38.39092873466652,48.98790309835426,-0.004956902066301662,-0.0024836943963336155,-0.00016822753085028518,0.0009439515199454692,0.0005871931945016876,-0.000696726087850647,-0.0015869931836106882,-0.0007794564500979997,0.0026660766254417807,0.008668836746225646,568.0358399692283,579.9133619366028,590.8264870858973,606.4465272404011,619.6240014058753,628.4345704545169,630.9945925675224,618.9467428651412,585.2766310163171,535.2261299276904
hm103/SEG4_T180_LOGVOL_TARGET_Q75_RAW,hm103,1207,-0.03189586182222711,-0.8440949962023669,-0.6272164279911585,-1.0,-1.0,-0.9878787878787879,0.463485125766434,0.5365148742335659,-0.0002648528140250751,42.211370947451414,35.612433598968046,38.91349678238959,35.174878157294614,31.10315044663129,27.12207436322725,23.46576763812838,13.933631787781454,9.704323005463758,6.466387176554846,-0.007599486173134916,-0.0034324391757469845,-0.002480403404951626,-0.0009607909702750664,-0.00018738246417713286,2.554002198370405e-05,-0.00035256131440223356,-0.0026430551217944396,-0.004905796746511682,-0.009094633659191652,559.1453924468511,577.2481852846411,586.6209952729764,588.2494374233237,591.5362143692395,594.9161493952267,601.276407887222,611.4810522926017,611.7958722739824,626.7874227872298
hm103/SEG4_T180_LOGVOL_TARGET_STD_RAW,hm103,1207,-0.0005475698350310413,0.31123840927615115,-1.0,1.0,-1.0,-0.06666666666666667,8.941907339881709,-7.941907339881725,-9.672790969640926e-05,30.903945699049213,30.41733112083441,24.449547996300943,23.62135889772922,20.48316202922091,18.629609201737633,18.97583048618971,23.79349606646974,29.38342699436332,41.99702933726023,-0.003395658967579686,-0.0014684541918901731,0.00017852610347096504,0.00039746648029176347,0.0002567338544309802,-0.0003364841645601695,-0.0009067227727000162,-0.0008140345126648783,0.00040271170569388407,0.0052350745401726975,573.1569036725556,589.3569650521611,598.1836747456796,605.4698246312737,610.0417622136455,613.7745310173062,610.3552385308315,607.3293560428099,591.4187223779144,564.8131776559411
hm103/SEG4_T180_LOGVOL_TARGET_TOP10_SHARE_RAW,hm103,1207,0.06441825063968014,0.6470883836563159,0.4942380260205518,1.0,0.4942380260205518,0.9878787878787879,0.4975085003063404,0.4975085003063404,0.000416696644085413,-4.83374845477898,-22.667194518075824,-1.8267901159076325,16.026088444317633,30.020462153889568,39.21999776387499,43.60994302488266,49.751005739900066,52.834008703422214,60.56401831571328,0.010200386841756044,0.013342732814717598,0.006327548254504477,0.0018751235914639811,9.55256431814765e-05,0.00033560292509509797,0.0019026610891970646,0.005043285134609713,0.009027352481527301,0.01585133521954192,635.8899380654433,672.1028581244835,669.7529244095618,642.3972326090352,614.2382307961204,590.4580442969385,563.8289046735748,544.4074541862065,522.9227388797466,499.838449102028
hm103/SEG4_T180_LOGVOL_TARGET_VALUE_HHI_RAW,hm103,1207,0.056304702159596265,0.9591707556896211,1.0000000000000002,0.7021413669348415,0.7021413669348415,0.9878787878787879,0.5846150873097935,0.5846150873097935,0.0005744657118470164,-18.01729941984649,-3.2898586206785105,12.223429599844494,23.803717532190326,30.16715117895575,38.961597338987694,41.70530647973677,45.157822197025496,46.66474504181789,45.31676708320932,0.019305990880824547,0.009573386339076558,0.0034381902900538766,0.0004738230524134172,-0.000210653515671996,0.0005662259117520374,0.002116678159864007,0.004333327139993067,0.006910461012661344,0.00922280717678246,695.3241853531886,649.7166716245391,626.6435201720333,605.1092913140088,584.0754370362195,571.9712358796584,564.2848876335005,557.5238766712429,551.3995008462277,549.3342884011411
hm104/hotpool_ext_ind_rel_x15y10_ba_cold_rk_vol_autocorr1_abs,hm104,1207,-0.07090485829182738,-1.0,-1.0,-1.0,-1.0,-1.0,0.4335235347715374,0.5664764652284626,-0.000863230319740992,51.689620161804235,50.38558984128069,47.49832113257529,45.37903089739074,40.22253405617347,36.015475517642365,31.47110003057987,24.01983011212129,5.501815999603734,-24.206130322210154,-0.013389676991647644,-0.008937324576538234,-0.005212190261811758,-0.0023575708327357213,-0.0004679314768785086,0.00014463268695135334,-0.000653598538514054,-0.0034410449618327557,-0.010473264925963689,-0.025253658093115354,500.18983998676674,503.9796351869681,521.4397666627829,540.216534599369,561.1008283068755,584.4385421531306,614.6594917410097,656.6378573842353,704.375409620508,826.5096918509835
hm104/hotpool_ext_ind_rel_x15y10_ba_cold_rk_vol_curvature,hm104,1207,-0.038116279156276994,-0.9847509859458493,-0.7673181211277056,-1.0,-1.0,-0.9515151515151515,0.3897398570485271,0.6102601429514729,-0.0005839421578899749,40.705220430651615,40.79878918124111,41.08961288837048,40.209857331061684,38.16998820834019,36.9342141966033,32.390727580562775,29.078712328002883,17.563175036496087,-8.941379721280072,-0.005305072551041808,-0.004487229505461906,-0.0029937846124802434,-0.0014950046619403475,-0.00034675632552419455,0.00020549800813937346,-9.688553578283215e-05,-0.0013290003120533132,-0.005474316560518842,-0.0162097849417229,600.2722263760729,569.7024528311965,571.2719728221774,577.2137237959347,586.3871348683167,596.3493596949743,607.712974324233,627.5054738637828,650.3932269211506,704.6488940859123
hm104/hotpool_ext_ind_rel_x15y10_ba_cold_rk_vol_lz_complexity,hm104,1207,0.054414096338689044,1.0000000000000002,1.0000000000000002,1.0,1.0,1.0,0.5498140715896295,0.5498140715896295,0.0007606108257999574,-5.145101950520587,10.21514251385541,20.728085954902276,27.36249845952068,32.07721680703743,37.623025383901236,40.229886226271354,45.640324939379695,49.365228538865516,49.39419336940493,0.018596088194550938,0.0073514592163082,0.0029515887266760533,0.0006423284633175141,-4.202327603598382e-05,0.0002736969261351927,0.0015813444544929007,0.004093483903036011,0.00752787994165632,0.010677638962751899,767.5473030636861,653.1213497608858,627.7897235900158,609.5969994421475,592.8587537090941,583.5151082422609,567.563376577263,555.6500308081994,545.6574153131826,552.5891553533911
hm104/hotpool_ext_ind_rel_x15y10_ba_hot_rk_buy_p75,hm104,1207,0.05978972287750146,0.6761028541887344,1.0,-0.006805769909663102,-0.006805769909663102,0.8787878787878788,0.5449704938414641,0.5449704938414641,0.0004062613149739799,-19.382019265395165,5.399944221966515,18.394212981898114,26.471535304191875,34.321661631255296,38.80147504794355,42.74398649362103,47.3781725470812,52.50551184264616,38.61366380532322,0.018750250957487072,0.008925625551196827,0.003804630261152386,0.000958195703111843,-7.646809920197099e-05,0.0003360895324325323,0.0016714373848264713,0.004555687324337853,0.009050429066537413,0.01140758388064697,740.9958975110574,679.9519854039839,646.3981406086696,614.1987382575628,591.4326882915884,575.9597719822632,559.8316500755794,535.56406927691,511.93860162260887,535.388540774713
hm104/hotpool_ext_ind_rel_x15y10_ba_hot_rk_buy_p95,hm104,1207,0.06477253876293744,0.9519689416314587,1.0,0.7127298950601285,0.7127298950601285,0.9878787878787879,0.5517919529152555,0.5517919529152555,0.0006947656584945968,-19.548744153354345,3.8583551959037354,16.63751006314557,25.753237810671557,33.06082779147794,39.16770430214532,42.10160913917175,47.3923824614957,49.262760823787865,47.5695528318503,0.020735961533785204,0.009658617013941967,0.004106839854492768,0.0009627836839051914,-0.00010660252636395872,0.00037594232028258245,0.0018686058203338954,0.005359105858414566,0.009607695391810415,0.01150882415384025,771.0794183754377,681.7936688498307,643.4554579044618,608.469793932689,580.1724133877751,572.4946419201652,553.2778002742435,526.0150430623295,510.48502195370315,531.0747687928489
hm104/hotpool_ext_ind_rel_x15y10_ba_hot_rk_vol_curvature,hm104,1207,-0.02931698724132093,-0.8284942711979472,0.13294798536857053,-1.0,-1.0,-0.8424242424242424,0.32013385960187357,0.6798661403981263,-0.000511055964496311,35.1416019213458,37.5443179187102,36.47917644021515,38.56828984800809,36.195806841160724,34.500593682436225,31.45541870622921,26.283317694456375,17.243327789060263,-8.255839731073156,-0.001713283856521856,-0.0030200180683340266,-0.0024787179407760773,-0.0015898513435789797,-0.0004198827498652464,0.0002759820501105859,0.00032281366894760643,-0.0008313426027929891,-0.004275272859614096,-0.015076357574399523,613.4310152438023,587.9084901045389,574.252321607422,575.8994784981516,581.1876834448732,588.9626898194315,598.2916460014355,610.91831515349,630.0074306327353,674.1660292436469
hm104/hotpool_ext_ind_rel_x15y10_ba_hot_rk_vol_median,hm104,1207,-0.04518440734093401,-0.9045885779745808,-0.5711872231953306,-1.0,-1.0,-0.9878787878787879,0.40535997042033645,0.5946400295796637,-0.0005233629859826414,40.71006270442932,43.01926978597484,40.460880387089006,37.27645047178949,34.55824236680072,29.715325725794017,27.368287398283368,22.284451533151483,12.842863627527239,-3.076777608831833,-0.007257993299727096,-0.005654524951783955,-0.003241066809704694,-0.0015827564018049836,-0.0003674581556436551,0.00016482973370573692,-3.688661809606049e-05,-0.0016495829525122374,-0.006303717210854597,-0.01873188768852974,530.6999117871902,541.000829256341,551.0343737755629,559.875886269238,567.3455818908884,576.8197649288275,593.0409142135493,614.0698448039899,652.8388568567522,798.6132122532675
hm104/hotpool_ext_ind_rel_x15y10_ba_hot_rk_vol_quad_coef,hm104,1207,-0.029316987421557354,-0.8296975460897549,0.13138650873414254,-1.0,-1.0,-0.8424242424242424,0.32014706715066826,0.6798529328493316,-0.000510590163961291,35.160925706881244,37.527561084667475,36.47917644021515,38.56828984800809,36.195806841160724,34.500593682436225,31.45541870622921,26.283317694456375,17.24243179007862,-8.255052730350743,-0.0017159730402109988,-0.0030178585227651237,-0.0024787179407760773,-0.0015898513435789797,-0.0004198827498652464,0.00027598205011058585,0.00032281366894760643,-0.0008313426027929893,-0.0042755022194538765,-0.015076064557210942,613.4947559276009,587.8471115755369,574.252321607422,575.8994784981516,581.1876834448732,588.9626898194315,598.2916460014355,610.91831515349,630.0069101020887,674.1667923596232
hm104/hotpool_ext_ind_rel_x60y3_ba_hot_rk_vol_period_ratio,hm104,1207,-0.01346851472819679,-0.22654860379206185,-0.7384661763649389,0.3370498803613334,-0.7384661763649389,-0.7696969696969697,0.6638856621458041,0.3361143378541957,-1.7361530226347226e-05,36.375687912300386,37.92126674978007,34.781970001985016,33.51256644274198,27.647503706369044,24.144947903657673,19.643735054247948,18.99308145451119,23.530844275055728,29.38345957711152,-0.0037270661501956548,-0.0031055942396046583,-0.0015141837335711286,-0.0006319200576215498,4.873643353373833e-05,-0.0002682097291836648,-0.0014263947214258044,-0.00253930562508313,-0.0012660387570373119,0.000978823382218733,578.2321774522007,580.7903152389816,585.1212757806778,595.2694112737792,603.87922043438,622.4448485393622,638.5799498583016,647.2021726203161,607.453322843402,569.1350687017177
hm104/hotpool_ext_indpool_x15y10_ba_cold_f07_p95,hm104,1207,0.044730800301497745,0.45542920628502515,0.1546558318431651,1.0,0.1546558318431651,0.9636363636363636,0.48977792501805406,0.48977792501805406,0.0003116484024152569,22.55404716850764,5.253156510972752,15.90119650064407,22.91468649742116,28.884447819647608,32.28174663166897,37.508338199402296,42.86393521949343,48.420373686494976,51.49181243657715,0.009618745393861832,0.007463426995744462,0.003393407582008481,0.0011725379043713885,0.00010740217220821333,9.54087980242785e-05,0.0009497145016193239,0.0032033930786249678,0.006775880160841744,0.011639235311777798,765.6353256457962,648.9364152431142,637.7750150181218,624.0867379606252,611.1197535884655,593.3972237815902,581.5256618552316,559.3713997783126,540.9243201465756,509.75831475087875
hm104/hotpool_ext_indpool_x15y10_ba_cold_f09_p95,hm104,1207,0.05686227014156586,0.587906032037138,0.40581272849263683,1.0,0.40581272849263683,0.9636363636363636,0.5055163772291793,0.5055163772291793,0.00031233296638431043,14.81761060318229,2.649599232145292,13.187123724765485,24.70803766472215,31.438410581893258,36.28917832596363,40.44795899144598,46.23958402275671,48.75798707753474,49.53613520713293,0.013435351263701418,0.009394592847677652,0.00436214961840815,0.0013196788283732469,7.514681517497983e-05,0.0001882882574623746,0.0013853630147256002,0.004250718956807877,0.00834139442254124,0.013797253150308974,793.841522278772,676.5754712278407,651.5814919265563,632.7816453044409,608.2543574941236,590.2678540647886,566.9148473146358,537.8278133753236,503.09068336477134,455.68096068808876
hm104/hotpool_ext_indpool_x15y10_ba_cold_f22_mean,hm104,1207,-0.02612465516846781,-0.6916272560724447,-1.0,0.5855675074468368,-1.0,-0.7090909090909091,0.6620996245501924,0.3379003754498075,-1.4143031510902333e-05,65.86778177121995,42.77659290822737,35.39053709604428,31.025047027607616,24.427368927624826,19.082485440372253,20.20510543545317,22.94030296277758,20.59956907477468,25.697110176719985,-0.0098470092180317,-0.005948327459817075,-0.0018156842582958631,-1.604945643840933e-05,0.0003393101098906558,-0.0005320740711032082,-0.0011504665491701854,-0.0018082713416764993,-0.0032950877130945434,-0.002036852179220047,667.6109570986304,526.2826593775013,556.6244360646127,588.1312415653929,620.3911602552712,630.2705704102997,613.1912795005821,619.0961282875304,624.093663659323,622.6211137462539
hm104/hotpool_ext_indpool_x15y10_ba_cold_f28_quad_coef,hm104,1207,-0.03143257704125188,-0.7993334567549745,0.08150669609810027,-1.0,-1.0,-0.7696969696969697,0.3480386722145145,0.6519613277854854,-0.0005419457475522246,34.97521333136729,37.98008906500344,38.70648936417526,39.340340219208784,35.63316038238522,35.28972469520197,33.777154852595245,30.585545012463207,21.52792462817857,0.19919229659104024,-0.0028197947954216327,-0.0035848011025534877,-0.002559942763769867,-0.0014470344974940636,-0.0003395611400883061,0.00025139127307717655,0.0002782610681297265,-0.0008098202362697938,-0.004283136109334716,-0.015576192989974685,587.2679149972548,565.9037358248299,567.4423247677486,573.7085495303764,577.8948492688852,585.8994503874166,602.4331365198557,623.6361201569956,654.8841225558901,749.8059057910041
hm104/hotpool_ext_indpool_x15y10_ba_cold_f33_mean,hm104,1207,0.016603768861052585,0.10355823851846195,-0.2163974997548756,0.8229764495685273,-0.2163974997548756,0.6484848484848484,0.5135096552329655,0.5135096552329655,0.00017399502985432274,33.95862637510308,21.339340727618254,24.745228051481128,27.732077570864778,29.468676562877057,31.280778764781367,33.45583035591173,32.8389215549696,36.20604232980481,37.01675472356729,0.004887711202264782,0.0023170648232275475,0.0009481610499880119,0.0002627822264603753,2.1128193673495825e-05,6.29183323567366e-05,0.0004059159261042304,0.0007744714039215014,0.002203360567400138,0.0045462601058014335,758.9106881164864,612.4838176999948,601.674837193178,598.0583637872717,593.9075637710339,588.7097879370752,589.3890673458291,585.7388327124726,584.0552819466712,576.3255573783092
hm104/hotpool_ext_indpool_x15y10_ba_cold_f34_autocorr1,hm104,1207,-0.03125586242224221,-1.0,-1.0,-1.0,-1.0,-1.0,0.4836784358316053,0.5163215641683947,-0.00015794466774497493,48.197852150036866,44.7130896289632,41.25396476241986,38.27022514842872,34.041252875709006,30.73739198756804,25.93713765890733,20.030432366742453,13.1417429957854,11.691832233334797,-0.007413877050661076,-0.004254297738364192,-0.002272678486972371,-0.0009704773944540333,-0.00013006154666347452,-2.0376849567917487e-05,-0.0006974574146714606,-0.0023892224322369406,-0.00539894201517678,-0.007550526825729018,551.1996520314301,558.526057305792,567.753191740907,578.2068151941041,592.5947887735533,601.9563526113067,617.414507284778,632.1782566627732,661.4978594381026,707.4039860911256
hm104/hotpool_ext_indpool_x15y10_ba_hot_f28_curvature,hm104,1207,-0.028526500979903113,-0.8107066139713055,0.9844506201778533,-1.0,-1.0,-0.7090909090909091,0.31379517868983126,0.6862048213101686,-0.00047329351419572236,32.41656824272287,35.51279220064372,36.32587695669962,36.99079003701278,36.954948221979976,34.472675682363054,29.65746153904732,28.99021279947217,20.60354466778209,-6.764429468844165,-0.00165361380444652,-0.0029522969862312573,-0.0023848366764828792,-0.0013953443922125443,-0.0004168693901513494,0.00031957535143466967,0.00023576371771102836,-0.000496166225129638,-0.0037450964524771238,-0.015564322607721741,585.0974893239352,568.1071080514415,568.2991348842431,570.6348700039744,586.1514158435116,583.5441307596219,594.8243068558462,617.210956390636,645.2460767108699,714.4454379169288
hm104/hotpool_ext_indpool_x15y10_ba_hot_f28_quad_coef,hm104,1207,-0.028526505546227397,-0.8107343534878069,0.9850606093764486,-1.0,-1.0,-0.7090909090909091,0.31379300646781133,0.6862069935321885,-0.0004734168280372006,32.41656824272287,35.51279220064372,36.32587695669962,36.98996323392452,36.955544267608516,34.473031276910554,29.65746153904732,28.99021279947217,20.60354466778209,-6.764429468844165,-0.00165361380444652,-0.0029522969862312573,-0.0023848366764828792,-0.0013952273548794554,-0.00041688822754902826,0.00031959589901642195,0.00023576371771102836,-0.000496166225129638,-0.0037450964524771238,-0.015564322607721741,585.0974893239352,568.1071080514415,568.2991348842431,570.6349500542408,586.1521272321744,583.5436459255224,594.8243068558462,617.210956390636,645.2460767108699,714.4454379169288
hm104/hotpool_ext_indpool_x60y3_ba_cold_f14_mean,hm104,1207,0.033792566468155295,0.9594123386187593,0.9357103897468675,1.0,0.9357103897468675,0.9878787878787879,0.5267462883832223,0.5267462883832223,0.0004299683990076764,16.650496529220323,22.41801206901405,28.527855838842434,28.0499072184446,30.56321082661789,33.645881810569456,34.72248716135718,35.81217845281199,38.22267247938822,39.246023742691925,0.010494308202043359,0.004659274627505074,0.0017642189484936186,0.0006078677284649973,4.7955197237715314e-05,0.00014560095378129975,0.0009273300386352238,0.0022261050581654273,0.004689002146661796,0.007800935168159101,743.2162091890632,652.8612368851475,634.3388422104125,615.0433364746674,601.4769657400071,587.7145686658766,570.9470314927984,558.7990469017312,540.9376563352785,516.4928682598758
hm104/hotpool_ext_indpool_x60y3_ba_hot_f07_std,hm104,1207,0.05935983964782798,1.0,1.0,1.0,1.0,1.0,0.5147693752059261,0.5147693752059261,0.0005290123287263682,-9.65246124045137,4.4622640893821774,14.056057744490396,22.423912936013114,29.828803028890274,36.14024887286195,40.45802703188094,45.34940779649278,50.76751058313303,52.11672535478854,0.015473901872763943,0.009036176925393812,0.004274172536083959,0.0013787485033799883,0.00012130838427994583,0.00026203641511425904,0.0016945333823341214,0.004403590195926267,0.008691274720057741,0.013495084383767534,748.769724985879,683.8231787703082,653.2296118429128,622.267442608641,600.5276038274093,577.2067653498508,553.0912207032361,534.9192244115418,513.2107613341476,497.6667689690303
hm104/hotpool_ext_indpool_x60y3_ba_hot_f31_mean,hm104,1207,-0.025177117209238348,-0.40318708093523237,0.9008905266884866,-0.7745093152230756,-0.7745093152230756,0.01818181818181818,0.40088261003095244,0.5991173899690477,-0.0003988796591203859,24.040806242373904,30.690746704022356,31.05374245238825,30.792173212285793,30.688098874084666,33.21902915619021,37.21895956649889,35.053300478680505,27.39419844817364,5.741323227070038,-0.004409015814542303,-0.0030393664186832443,-0.0016507458027249528,-0.0007143493163993309,-0.00011968718870839903,0.0001087386531954934,0.0003059325671764185,-0.0003099893785313238,-0.003159807097120278,-0.011789947753780021,465.4018633823213,515.843916209156,536.5948682659142,552.1362847240179,569.4454327438941,586.4183959186944,612.1304148220723,634.5982908003884,671.0855871234128,781.7971499610062
hm104/hotpool_ext_indpool_x60y3_buy_hot_f09_mean,hm104,1207,0.037722265446089254,1.0,1.0,1.0,1.0,1.0,0.4968897258574055,0.4968897258574055,0.00021175882595388112,1.4306786682399397,9.261840038229941,18.462105137525516,24.037805080910307,30.310291179975348,32.37328822562881,35.935464239080424,42.79485868025102,48.26654087409679,48.58862598509795,0.008729372844546023,0.0062067955662361545,0.0028416896656878704,0.0008244013307113521,3.632594407008492e-05,0.00010175283550254842,0.0005687680288374138,0.0027057137500052387,0.005774482786491447,0.0097212038680473,637.5591956546278,639.0314080080409,630.5381860766189,615.815181814164,607.3849382921287,595.2804309321464,592.5638889204486,578.5165913638897,563.4154639284584,552.8194054176159
hm104/hotpool_ext_indpool_x60y3_buy_hot_f12_p75,hm104,1207,0.0688104022172153,0.9999999999999998,0.9999999999999999,1.0,0.9999999999999999,1.0,0.5299829561792488,0.5299829561792488,0.0007691790911470474,-24.735559721032505,2.669772009300522,16.086060775674973,26.622993294609227,33.34573345517429,37.607576656769645,42.92006880165964,48.011791756612475,53.476680227184104,55.49053330788085,0.02073080999390179,0.010140723349625194,0.0041693506792808725,0.001094950829769309,-7.514627817162812e-05,0.0002959531228759262,0.001563212836336227,0.004635841430541314,0.009526927651669197,0.015958599510240066,740.7705043293163,688.0529950241261,644.5381524681284,618.9086974955712,588.6024872143612,578.4651516200827,565.1936690367054,535.0862678320129,507.2422077604872,479.7199151319712
hm104/x15y10_ba_cold_f00_corr_f28,hm104,1207,-0.030527658129115783,-1.0,-1.0,-1.0,-1.0,-1.0,0.443480178791711,0.556519821208289,-0.0004257004829320781,41.757680418624744,40.94202899773471,37.953527176916324,35.557586135233564,35.32633869493094,32.84604772238682,30.05786563702828,25.6456004126211,19.173949974103394,8.753049413743188,-0.006398370357496571,-0.0039039707839803517,-0.0019794130046474276,-0.0008492548140995014,-0.00021861259868620028,5.924685987946633e-05,-0.0003227812501086183,-0.0016479558941887326,-0.004425641627675031,-0.010415204175180718,561.1063127749218,566.0713802344376,574.7751539090626,581.8537225615498,590.5284369801959,602.4153379777682,617.1429592497948,632.6486053252873,651.9953374016021,714.8900301203979
hm104/x15y10_ba_cold_f02_corr_f28,hm104,1207,0.036475379710635636,0.9878103495947751,1.0,0.8674859306420112,0.8674859306420112,0.9878787878787879,0.5905217814547358,0.5905217814547358,0.0005316816017574661,5.3100266948727315,19.358651422027886,27.07093999983728,31.23569733033839,35.12462894151037,36.700826115103546,37.587755954421965,37.377052406582145,38.846175099543515,39.45951225572177,0.014335834049986142,0.005351521169013688,0.001608287111053331,7.980238483119112e-05,-0.0001499080755584101,0.0003038416184820523,0.0013186632366734132,0.0024836922059338438,0.004342042088239976,0.006269922320222923,758.4402626234012,670.6462772338319,633.0373960469783,608.1860403541701,596.1289837984555,580.9183168362105,567.6917033018765,559.1562450299036,548.9138892832921,550.6278957469868
hm104/x15y10_ba_cold_f17_median,hm104,1207,0.03366180002626731,0.7135386595641093,0.3612999525799832,1.0,0.3612999525799832,0.9636363636363636,0.43961850063278957,0.43961850063278957,0.00029162716997103484,21.70805418481369,16.55725497697851,19.826811981852064,23.838897580601508,27.53546414683632,31.897731390235336,34.82319322805309,39.69452415647956,44.97206196590537,47.368021821983305,0.005534313062812147,0.0046408110543142275,0.0029373875908753743,0.0012957176505673086,0.00026191599837292967,-9.576515716617258e-06,0.000534771969666504,0.002229556459396601,0.005318577206887191,0.010626698379120622,715.4269294999477,651.4733376057362,642.1941669852041,630.2061543519617,617.377604345282,601.8242832741621,587.5484261577478,568.0258373831746,546.4861419284811,503.61786337195605
hm104/x15y10_ba_cold_f20_corr_f28,hm104,1207,0.027656406705093457,1.0,1.0000000000000002,1.0,1.0,1.0,0.5794349304119016,0.5794349304119016,6.248973809046779e-05,5.625204460071236,16.546143887796116,21.761915025141068,28.667319134182566,30.36620276071534,33.313211024400935,37.23385765227211,39.811528705105516,42.33625712174574,52.42570603507255,0.009500694610152516,0.004537793984251432,0.0017514324359700142,0.000254524369873693,-5.5566042680505305e-05,0.00021597127407950334,0.0011353411507606995,0.0024960634313635696,0.004065041409187904,0.003692620344044135,632.4348375783759,626.2076299446665,610.877839144041,606.4999525969605,597.0024927193308,587.6334615805265,583.575674490156,577.4016417570406,575.0183180148198,689.5197076700795
hm104/x15y10_ba_cold_f34_mean,hm104,1207,0.06136729422717798,1.0,1.0,1.0,1.0,1.0,0.5408531104090688,0.5408531104090688,0.0005899368303815372,-16.279264283801755,2.972055821654197,16.79141945016506,26.238956360453525,34.78400272685291,40.789175517940556,44.69004189844345,48.37595677909903,53.84275800431746,55.902999934565315,0.01915299032406818,0.009117692301496493,0.0036373591979814383,0.0009961748439334323,-3.259387697857747e-05,0.00035515213457362396,0.0018109075934864707,0.004316610735108251,0.008115793643376957,0.013307270499750142,829.6799886022857,680.1953898499995,634.9990576336351,607.9704220861947,589.0766551091514,568.3971922532373,549.649107764511,534.7219424145669,518.7625819651586,497.8772444247218
hm104/x15y10_ba_hot_f00_corr_f28,hm104,1207,0.02567528188114529,0.8559718648702401,1.0,0.4607820881087624,0.4607820881087624,0.9393939393939394,0.56136497485989,0.56136497485989,0.0002462963024670807,12.88767478073141,19.205121719440516,24.042044793648323,28.34315400835311,30.1189336007837,31.450703958718755,35.04534520033749,34.10432621270461,35.45103845811535,34.568057596022435,0.008565938268969465,0.003961752764896088,0.0015202335612475274,0.00025651841252147023,-2.9501157547370082e-05,0.00015873628260121603,0.0009941840376398723,0.0019259279214716954,0.0033503078621637166,0.004724887624714495,674.4323654836708,638.7389581319164,625.740453123174,613.7310059197977,603.0772007622911,593.0996404099668,584.3141624874216,573.7562957843277,562.4727571759666,567.7984434780157
hm104/x15y10_ba_hot_f05_mean,hm104,1207,0.024884894438946866,1.0,1.0,1.0,1.0,1.0,0.5419886379998733,0.5419886379998733,0.00023627190568615162,4.015406662327844,13.012417857745174,20.77017902871347,25.60871241109495,28.784108737212293,32.729328689879345,35.1310538616681,38.65485437125891,41.80695685830574,44.714448630022595,0.007395640695796002,0.004133862709686368,0.0015189611658717205,0.000337018773328107,-2.6209989307237723e-05,0.00013882089021712525,0.0007378312325092366,0.001801572966474565,0.0031901856161212308,0.005420938472563593,621.2382708622571,626.972701473699,615.6103682514806,610.9149506846137,603.4793398547882,601.5736695905852,595.5384638665713,591.4244009791315,589.2174579566055,583.6667558876641
hm104/x15y10_ba_hot_f07_corr_f30,hm104,1207,0.04111408301240158,0.8076407776456821,1.0,-0.025965146860712364,-0.025965146860712364,0.8787878787878788,0.5741614475958075,0.5741614475958075,0.000476741427007179,-11.800244017673629,11.69793043829606,23.202815118834458,29.209287434161656,34.63876580306093,37.22916823923851,40.093439692906706,41.29332077576831,42.73919120284898,36.93540348329587,0.014927324339946552,0.0060836508440434995,0.002060297353922403,0.00038304724351304417,-0.00012192491031013254,0.00029831724860517213,0.0014210276829709216,0.0030835237269420746,0.005332838663516543,0.007169239392244349,740.4453306809955,662.2314786214594,634.2978534902256,609.0064904646516,594.6284977399002,582.1136245122866,566.9612477103007,551.2821888047067,537.4851337479759,537.1366159986438
hm104/x15y10_ba_hot_f08_corr_f25,hm104,1207,-0.03248053290195226,-0.8055723601661458,-0.4051992725884805,-1.0,-1.0,-0.9636363636363636,0.47613252945601814,0.5238674705439818,-0.00027759139679306216,38.390409861384775,42.262204072966654,39.89042426455764,36.05269989983891,33.115203810535945,29.037889401722172,25.432748300362626,21.20443961639254,13.47157176260868,6.306387201160669,-0.0072751761006745845,-0.0047248522554852665,-0.002315657067295118,-0.0008742842377471012,-0.0001428983335735666,-3.5610008460535196e-05,-0.0006586131277619386,-0.001996838062045264,-0.0047945561916280695,-0.009384456120487744,580.1156795878917,565.6645267149846,578.1347362430737,583.5952933401734,592.8320032566921,601.0816629298643,611.0530739472516,617.8789453646853,629.4877144260865,682.6701501542391
hm104/x15y10_ba_hot_f13_std,hm104,1207,0.017800790801063802,0.8250712120717261,1.0,0.34728510760855774,0.34728510760855774,0.9393939393939394,0.5486441271484669,0.5486441271484669,0.0002022044897145242,17.921855629082554,19.378401914232622,23.215984742105512,26.879827329687032,30.437619031841145,32.03372709914514,31.606622070835332,35.08712415301935,34.81924341719729,33.82804150716021,0.005514531808275757,0.0026964063440429046,0.001254091202436663,0.0002294017179771762,-3.9070046895320537e-05,0.00011565508056125781,0.0004901757663806883,0.0014365939914965295,0.002039278593578921,0.0038615218534946995,697.8085847442754,615.1932836540188,608.437784703283,598.9696132420222,595.4452645740852,593.732113281273,586.9365550127637,583.3279875076672,579.1007670477127,563.2853218677919
hm104/x15y10_ba_hot_f16_corr_f25,hm104,1207,-0.02548646605212453,-1.0,-1.0,-1.0,-1.0,-1.0,0.4744684970749925,0.5255315029250074,-0.0003329004818963627,41.97707618002004,39.59506182145484,36.31103873418217,35.7794644757894,33.73368432752682,31.159781292379733,26.647809602417638,23.474233362535458,15.447134733243615,1.0350928070706134,-0.006334921246512239,-0.0032888157300994198,-0.0015374010462126876,-0.0006683260510614026,-0.00010511037829769372,-8.045509537652321e-06,-0.00047729641146344604,-0.0013039434451789715,-0.003531299433376657,-0.007898406318488009,552.8638393125848,561.7292808678792,574.6543301047996,586.9106939624974,596.9369366281041,607.1428256616651,614.4920133607999,624.9540814916658,634.1862800900029,679.6483542176203
hm104/x15y10_ba_hot_f22_corr_f28,hm104,1207,-0.041804845546609445,-0.42953880885429563,-0.08636769553345489,-0.5256039583512356,-0.5256039583512356,-0.8909090909090909,0.508037459553004,0.491962540446996,-1.6486234420918106e-05,36.30822334838049,44.49397085422903,42.83146004900391,40.1940068081689,34.76058948113963,28.198641566780534,20.65312444646781,13.605221411239386,9.093955410900467,15.034676421539624,-0.008874168087061806,-0.006944773140786432,-0.003789090661322292,-0.0014637180039368206,-0.00015830201074503277,-0.00016337742718708568,-0.00159942169875045,-0.0042032787496680555,-0.00711582131607816,-0.007476408216652402,533.4508628205283,531.0420891852123,547.8051771425673,569.2320075935576,591.6201679861533,614.6503142526121,641.149572317061,658.1970022908836,661.2619301900337,661.8068441289571
hm104/x15y10_ba_hot_f23_corr_f25,hm104,1207,-0.010427006053721427,-0.9019404276841442,-0.5147003214464566,-1.0,-1.0,-0.9636363636363636,0.42003648064553545,0.5799635193544644,-0.000182383752366089,33.66152055737482,34.80834438856242,33.95134749134337,32.714461783664376,31.228918103097328,29.70486222093963,28.40093363899767,27.398384535050486,20.74639196186729,12.564818780052098,-0.0019144540779586143,-0.0013482860617405276,-0.0006349549332887913,-0.00032120346735943175,-8.421655665670125e-05,2.1240999897691717e-05,-9.357090030898051e-05,-0.0001212770642167759,-0.0016117610589734283,-0.00413613918074979,578.9440130124539,584.6389892839959,589.5051715197501,593.6566079188818,595.4692777584769,600.8588598126876,603.2381930404324,608.4661624404164,613.6288010131457,668.2895668417243
hm104/x15y10_ba_hot_f23_corr_f28,hm104,1207,0.015531185475349658,0.7792093711140767,0.967451958634599,-0.32567191680739654,-0.32567191680739654,0.7818181818181819,0.7413315435659295,0.7413315435659295,0.00028711918465159665,5.299619556405216,21.556116930316232,27.950631345032523,31.500849607954663,31.067396218762855,33.79090953554457,35.504408089637344,33.84929012947378,32.56369507444007,32.13581501266465,0.009508445328233955,0.0022637764129931756,0.0001458304139506364,-0.000435899290514415,-0.00018124567115879295,0.00027504956438886727,0.0009966194762141985,0.0015077460635142873,0.0014174661339700044,-0.00025372214089383583,698.4641509602943,627.8977888231511,606.1332561637079,594.5003534100723,584.6932398999711,583.5215981860191,578.9663228193317,572.1051130465107,577.737577180719,611.6007094751631
hm104/x15y10_ba_hot_f23_corr_f31,hm104,1207,-0.027323713092254686,-1.0,-1.0,-1.0,-1.0,-1.0,0.4797370162918048,0.5202629837081951,-0.0002189797257916562,41.8098102986377,40.84071169209771,38.93496830738469,35.13811038338267,31.620112562544502,28.634886097875146,24.603751744342404,21.14886498998555,16.358572289212432,6.0760935303671,-0.006335360271001099,-0.0038523873991996717,-0.002020385212029659,-0.0006912466683927328,-0.00010376436198876616,-2.8301757150830682e-05,-0.000582115499043166,-0.001675754284942873,-0.003883447827152008,-0.007931970085562281,566.8832837749004,559.2986496956406,576.2353131241158,589.5589621512519,595.7391940749718,605.5702297018423,613.5289890631344,623.6673465874147,635.7626013743703,659.2044553560895
hm104/x15y10_ba_hot_f28_autocorr1,hm104,1207,-0.06531290548106235,-1.0000000000000002,-1.0,-1.0,-1.0,-1.0,0.4181832710155447,0.5818167289844551,-0.0008941551408437502,49.95688250011278,48.26096975527677,48.00095337012376,42.98107079072665,41.533357910877356,36.91172221615619,28.770072853547994,17.495617934943436,2.177681893707315,-30.964040874814327,-0.01126442539388512,-0.007936537367333211,-0.005008296252798626,-0.0021944535428611482,-0.0005351311751282537,0.0002570161152265829,-0.0005146890804504423,-0.0033538504144677676,-0.009694126217120388,-0.02417425701140024,523.280663685629,516.3405058730921,531.7017306847625,546.142949536092,567.8128489913242,590.3988512970609,615.7133776227935,644.206149880656,692.1574622912151,765.2495252272321
hm104/x15y10_ba_hot_f28_autocorr1_abs,hm104,1207,-0.06531305566478725,-1.0,-1.0,-1.0,-1.0,-1.0,0.41821952375146204,0.5817804762485379,-0.000893041848809694,49.98898192327356,48.25249363693952,48.02698055256353,42.9861781959089,41.488124192485415,36.91976827162416,28.76716127311799,17.487432362837186,2.17926717070447,-30.97205160231052,-0.011264769137679856,-0.007936844316381782,-0.005012704734395367,-0.00219283634514941,-0.0005345529645743611,0.0002569924126421005,-0.000514123494305431,-0.0033555383505065282,-0.009693464407466117,-0.0241721724781609,523.1898082185762,516.3041147404755,531.7188014501853,546.1883310190688,567.7799931174734,590.4045940624246,615.6961068268025,644.2495678761231,692.1691434129962,765.2772217866747
hm104/x15y10_ba_hot_f28_median,hm104,1207,-0.05118135194786999,-0.8250081729270304,-0.2842558568719356,-1.0,-1.0,-0.9636363636363636,0.40240947047245584,0.5975905295275442,-0.0007156965933042001,40.207435098841415,45.579027985001765,43.05233840707824,38.484023516334595,35.94080783186983,32.41616243048255,27.55460242061143,21.260592278322456,11.10141687158522,-10.441879293093669,-0.008230383755527072,-0.00624551670050407,-0.0036984658200825754,-0.0016806731837266588,-0.0004528181884358756,0.0002501788642743188,-4.687854900689262e-05,-0.002063375981044269,-0.0075266766733474814,-0.020771045367165154,512.0859872926878,536.7638334320258,552.1055324920808,556.6113359996685,565.8481402026164,577.0727906204395,590.1883730458217,614.9634377566802,662.4714578719321,795.2550300900136
hm104/x15y10_ba_hot_f28_p25,hm104,1207,-0.053419096576581324,-0.8238198232393485,-0.29314672840610934,-1.0,-1.0,-0.9636363636363636,0.4064077869918356,0.5935922130081644,-0.0007349866122103972,41.010144472157634,46.62123514442787,43.29504944367804,40.34966235489804,36.35607285795398,31.78407159848127,26.865033542189327,21.023561093434328,9.313348946420234,-11.464859365414021,-0.008418356862241927,-0.006593660707387269,-0.003960718458944999,-0.001976649493164702,-0.0004618470185156118,0.0002252415022529966,-0.00022303197797890974,-0.0023612198167822242,-0.008136344088540168,-0.020777523043068128,514.7293124984755,539.4860899477513,548.6947756504433,555.2035624586747,564.8492620557191,576.0701585876683,592.5917197705522,619.9917088267744,663.7179139734178,789.8389370499019
hm104/x15y10_ba_hot_f28_p95,hm104,1207,-0.051200026253385426,-0.8266775692797966,-0.25917522082794464,-1.0,-1.0,-0.9272727272727272,0.3949352826177172,0.6050647173822827,-0.0007891256825374884,39.56533370268948,45.43896772376234,42.876171615873666,40.77261373327016,35.45558889589345,33.007969137617344,28.884487037028748,22.862893680684067,12.75142049788035,-16.464361648376588,-0.008092479743439992,-0.0061604644748235,-0.003463182716320044,-0.001791139211265601,-0.0004017771181123333,0.0002782276467987268,0.00014413826905946262,-0.0017064508263631576,-0.0066439294752218435,-0.022573842921159645,514.2559942719782,536.2501313957108,548.1133849012252,556.0957409760244,564.0666157791969,572.6789225676783,588.4126678731498,615.7219451965158,658.7735750282818,806.9789895244284
hm104/x15y10_ba_hot_f28_trend,hm104,1207,0.011131683248325476,0.2920940178434364,1.0,-1.0,-1.0,-0.006060606060606061,1.0442166845422425,1.0442166845422425,0.000233653148521251,6.837367034511113,27.70618033425371,33.08855990254809,34.972393373919324,35.74075598718204,35.370149214547354,35.03986311166267,31.532961540536927,25.018788430118658,19.905312388159867,0.011033438973555947,0.0019401933812488233,-0.00048223113890196926,-0.0007438227597599603,-0.0003676735972837036,0.0004280480725374525,0.0013567508440989447,0.0016588662778535465,0.0004923272264138016,-0.004417867179958653,712.0863146132087,639.6121709033209,609.342917754075,592.417751269948,579.6272648781853,572.1793658491686,562.9028525837612,561.454375826994,566.8558409191021,627.5812809805642
hm104/x60y3_ba_cold_f14_mean,hm104,1207,0.013194957516284437,-0.010236672955694115,-0.6913750559895706,1.0,-0.6913750559895706,0.44242424242424244,0.35010463927686647,0.35010463927686647,0.0003060908450946342,40.83451863613689,25.782324723440443,24.251320124405954,26.035569144438817,27.277253783574423,28.9236075707988,29.521328564158637,31.682674569959804,33.02862998297118,40.49844534901838,0.0014443412062146257,0.0012253496104336467,0.001119926534835998,0.0005616627279074757,0.0001611719372127821,-0.00010739108195703146,-8.870955522644531e-05,0.0004348792230630183,0.001706753212296197,0.006430882856409522,739.8387049999983,608.2959199446251,602.5717045276162,604.2547048880685,602.1152557663341,600.6962721910924,594.1579400963182,591.4643577458868,579.3839632997826,555.5044848520895
hm104/x60y3_ba_hot_f05_corr_f33,hm104,1207,-0.023716345290350535,-1.0,-1.0,-1.0,-1.0,-1.0,0.46298483746025215,0.5370151625397479,-0.00011345910399012058,42.01882914786802,41.55663745118088,38.661990896630236,35.81848624562301,33.86226993450541,28.676000107502887,25.65103151911796,21.566040537208515,11.165154144743633,6.892823375112435,-0.004791399258670605,-0.003449369483594444,-0.0017917044447184952,-0.0007520075077213208,-0.00014329772988004596,-1.3708941105327086e-05,-0.0003771532728296165,-0.001514605653985493,-0.004393456519023372,-0.006376183374831702,591.1260489536498,575.1941633207523,582.3984968479039,588.0636425016877,600.5852365375091,602.0250038226652,610.4748848894852,621.5263653036952,627.1877459476593,637.1165048263954
hm104/x60y3_ba_hot_f28_p95,hm104,1207,-0.049073178029695595,-0.8149303152479715,-0.23734739286382267,-1.0,-1.0,-0.9272727272727272,0.39689100310245273,0.603108996897547,-0.000718122294174577,38.25581103776549,44.12607532956134,42.60417557187152,39.90628557797123,34.602006115203785,33.57872967648756,28.290084166939515,23.23773713388118,14.697591767813615,-13.442081421627934,-0.007876076726998676,-0.005821353256491173,-0.0034460652204312218,-0.0016694599307842857,-0.00037873144124059033,0.00027638312583945664,4.022492744519275e-05,-0.0016217164191096082,-0.006384138232851132,-0.021474122560898968,515.3793521218993,538.1300583985926,551.154426336041,558.9007298875678,563.5549019665436,575.4317439401975,589.2502374108706,614.5336139046012,659.6452567645734,799.5969440806604
hm104/x60y3_buy_hot_f12_mean,hm104,1207,0.044538577966457785,1.0,1.0,1.0,1.0,1.0,0.5036987320563462,0.5036987320563462,0.0002675364533928386,-2.3089132357385567,6.56920552149979,19.523767385918287,24.941268592673506,30.599914025382184,33.48017111409984,36.57464546842522,44.22634381278464,48.78241155005542,49.0817010487645,0.010856435139152656,0.007431161877205428,0.0030043066060326763,0.0009843037162514806,2.3060138302435692e-05,0.0001346763367961348,0.0007871337508263141,0.0031217032451042255,0.0065576995580378,0.011370561145355798,657.6012680615232,648.9346847566478,637.3582796917098,621.6987693589025,604.2870675952154,596.1617436780432,584.4423650906896,568.913442308654,549.07601617001,523.0824700667155
hm104/x60y3_buy_hot_f28_curvature,hm104,1207,-0.03345546158489744,-0.8866511578335092,-0.22747704243512598,-1.0,-1.0,-0.9030303030303031,0.37625429068390603,0.623745709316094,-0.0005350653979531856,37.35868621386578,36.989272031738984,39.77076924754122,38.518241234852155,35.72060736068401,33.55978760524292,31.297460358448085,26.7795702804545,17.549714675792927,-6.156848303536038,-0.004324878675107439,-0.0035500378137232674,-0.0027853695799677364,-0.0013954385743671744,-0.00033071567318626447,0.0001793115919923537,0.00011812681282778566,-0.0010537994855114028,-0.0047973976831555,-0.014980197106745623,570.7408810035117,559.9386268597011,563.6674196195592,570.8051714647221,579.7203003321728,587.9807526151427,598.8967693399637,617.3348184982194,646.6220537287423,711.9055329012082
hm105/x15y10_ba_cold_f04_corr_f09,hm105,1207,0.01243851946912375,-0.5678395727425883,-0.6862679774456224,-0.8126904172187931,-0.8126904172187931,0.030303030303030304,0.5064719594531436,0.5064719594531436,7.427576313639376e-05,45.48384216332578,24.07571677786353,25.823689322162792,26.305298960322446,28.058722187509563,31.376407091250663,32.21582291841311,31.977985335563556,29.012335258465832,24.09236760253363,0.0024373693979228847,0.002106428788088315,0.0011383998940447592,0.0005196247026661536,6.0319954205507994e-05,6.94410190364237e-05,0.0005774794041666971,0.0013893639747071707,0.0013259668988217673,0.0027398496723276882,741.3189549483232,611.9180777398432,611.0660065445679,608.1890046321105,605.6167384454226,600.8476424183692,591.7591142047769,576.7853222474889,575.1747893690175,576.635664433958
hm105/x15y10_ba_cold_f11_corr_f28,hm105,1207,-0.03467941253228828,-0.5196671591563581,1.0,-1.0,-1.0,-0.4909090909090909,0.31077152443350753,0.6892284755664926,-0.00045706046867535766,26.79813509624249,34.83403004724701,37.1523752009741,37.586746516409754,37.94291547681835,35.90406638439021,34.33072117316928,29.876846465978026,21.30677792441613,2.683288609280556,-0.0011589995837364587,-0.004011120659732554,-0.0031281051828893082,-0.0018178720921803635,-0.0005192350019705017,0.0003789105422866577,0.0003815550325666441,-0.0009356059622990529,-0.005406836395221291,-0.018005042760436716,563.4458979504083,536.5337662153505,541.1718415029036,545.6492153140441,560.1520431413609,572.543157524413,598.5028667081087,627.9362015891015,682.5176087264593,824.6567574089228
hm105/x15y10_ba_cold_f12_corr_f35,hm105,1207,-0.010741401191242393,0.5786262278629258,0.7221816569983949,0.6444997196437695,0.6444997196437695,0.3212121212121212,0.4214195576162098,0.5785804423837901,1.5665083965845544e-05,24.01814191856693,24.914495455015025,32.98811176564942,32.445686747787796,31.54109707381129,29.673058732208727,27.44145473728288,25.944433015979563,25.750945119055647,43.8941508874958,-0.0020027956628781447,-0.00043802718275092633,-0.0014212951946987857,-0.0005639427131850635,-0.00010717735743358793,1.227267851876559e-05,-0.00018218156955504257,-0.0009703728268989893,-0.0018184580309798444,-0.003265088415346624,560.649845471871,579.1528810485884,582.9257249668705,588.9277651971012,597.4290028102087,600.718008247386,601.6320452094149,613.2981031327292,621.4137163940832,758.5012274477513
hm105/x15y10_ba_cold_f13_corr_f20,hm105,1207,0.054767351713808275,0.9999999999999998,1.0,1.0,1.0,1.0,0.48489284367756935,0.48489284367756935,0.0005694051420542548,1.482216512141192,8.70967157944867,14.95312884793069,20.117106256943725,25.447786606036452,35.069136378728224,42.675293119070766,47.7154479256138,50.25248107829319,52.066563809584906,0.013618466126110201,0.0076186123947247835,0.0033528401134238304,0.001376694215706842,0.00031358358469711373,2.9899537665669538e-05,0.0013170455274125591,0.004066630449780518,0.008324425934247101,0.014179748687985383,747.0912982542941,675.4470546713577,641.3282192407081,630.4743122049073,635.3886629413739,617.4952783665633,585.3369668496956,549.7523301257894,509.2797556650479,466.9549236531569
hm105/x15y10_ba_cold_f22_corr_f24,hm105,1207,0.014954588372767455,1.0000000000000002,1.0,1.0,1.0,1.0,0.5283816177140771,0.5283816177140771,0.0003231428280750131,1.3481468968171177,20.79560430583078,24.0765210997144,27.329883703954334,28.479579351629535,29.067637103079033,32.83076207383233,36.33179294037143,37.19600426341351,61.03984423166681,0.005055116558592723,0.0015960446274324675,0.0007459287734412208,0.00028081717170684936,5.307973522676228e-05,-2.48576351204391e-07,0.0005267839059454854,0.00155299676525676,0.002034788133374258,0.0027861384500671303,620.7037953072685,600.4825394710913,602.3947378967752,602.4731138621589,602.0869325761623,597.5496783257843,585.77131600601,578.4331829649325,579.5437974884966,725.9068709762143
hm105/x15y10_ba_cold_f22_std,hm105,1207,0.030645233710220727,0.6652051198507949,-0.32998500429409094,1.0,-0.32998500429409094,0.7212121212121212,0.3936154309369081,0.3936154309369081,7.372672051179293e-05,24.52937338819575,19.6854622710363,22.764821102514468,23.644567590174564,20.62962369868271,22.764364156182527,29.383626926480364,35.39121983254456,43.92339874121319,55.7589464664346,0.005568972116701369,0.003970018770934948,0.0014256006835009663,0.0005975486071559844,0.0004712767198516987,-0.0003754237895014805,-8.325155042084207e-06,0.002156829880941126,0.007137383032042354,0.00962762612312402,649.5467605508555,619.2580376138042,601.8503689522003,600.4937898948905,632.8837093923391,620.5860688535558,589.8621298928891,560.3368359983334,530.3836759186955,680.6671153198042
hm105/x15y10_ba_hot_f28_mean,hm105,1207,-0.059410579122376045,-0.7869569883853518,0.005555727821531494,-1.0,-1.0,-0.8787878787878788,0.42021913998706323,0.5797808600129368,-0.00067195002624716,38.59051888533135,45.88922628349675,44.665236523062305,41.03350153946679,38.671170072791746,33.432422589131555,28.37093875807919,19.388237124664524,7.726780266285264,-15.330694015615117,-0.009928567009947601,-0.007567745114919307,-0.004595969958747616,-0.0021014900748243023,-0.0004893240443555429,0.00017556863207096886,-0.0004854581296703247,-0.003142013743852792,-0.00884204581327946,-0.02176158383860291,504.9100994003201,525.7368082284523,536.4517296546837,548.6392487364669,565.1266457803162,584.2124384548746,605.7038405790852,630.3466230754768,670.5702061757264,788.5432579542431
hm105/x15y10_ba_hot_f28_p75,hm105,1207,-0.05600341420556614,-0.8216643093467546,-0.0798945037229469,-1.0,-1.0,-0.9272727272727272,0.41394569594358555,0.5860543040564145,-0.0007623423185166708,38.16584211883499,43.89967048576399,43.09827117923583,39.695163300124385,37.17008375490406,34.3673869934818,28.8693427648988,20.63267023906061,11.239034916469752,-14.670268339683663,-0.009597102859750168,-0.006832145162308847,-0.00413565761023956,-0.0018729809872682014,-0.00042891732738759334,0.00023206217016777045,-0.00023419807349470178,-0.0026772531057767035,-0.007681269641106742,-0.02201360928988482,507.2676528948059,527.4928260054057,539.4710205309257,552.4062557462369,567.4806828182687,580.593149682664,599.4180546763032,625.3627520888514,666.9910431208282,795.8366033182994
hm105/x15y10_ba_hot_f28_p95,hm105,1207,-0.05265516946180811,-0.8812701100773568,-0.3118828430493528,-1.0,-1.0,-0.9272727272727272,0.4020747173442729,0.5979252826557271,-0.0008697575869220053,38.70254401044612,42.442567110796865,41.620280076072724,39.716489189441575,35.31228110005248,34.924346908464095,29.822689246394376,22.838510958811714,13.838551657125956,-16.81794154690435,-0.009028427219393141,-0.006017855268663457,-0.003585188675084198,-0.0018008423216443975,-0.00038929135736637835,0.0002850698776710338,6.5569129273819075e-06,-0.0019402342580382603,-0.006711670387480522,-0.02260352917781414,512.5612237019891,532.5614057838617,546.0777695786742,556.4489076790005,565.9606856299526,581.0281838778105,595.2729461784643,619.3271882724434,661.4395321749193,796.0331523991752
hm105/x15y10_ba_hot_f28_trend,hm105,1207,0.001733207138558137,0.1635343877527335,1.0,-1.0,-1.0,0.006060606060606061,2.633968503123952,2.633968503123952,2.4013628160237207e-05,18.393617274575437,27.202476727676697,29.949020289883567,32.100428993450116,33.473864896230346,33.94492727667523,32.922760664546196,27.578659657072233,24.15907735586619,22.76508061371795,0.00452251883815021,0.00107415949374903,-0.00022840569305947065,-0.0006249392004856681,-0.00024137156622213972,0.00031458105904064594,0.000842912800220611,0.0003511205066009423,-0.000854723566622048,-0.003446659160974201,653.7707444615501,625.6931506154559,608.5445312340887,593.3190699723363,599.8511936931378,584.5046197552092,582.7968279079029,583.1631044921206,592.1687102130363,622.8402917208238
hm105/x15y10_buy_cold_f22_corr_f28,hm105,1207,-0.0025197235026416247,0.41424876968904606,1.0,-0.7525241802241096,-0.7525241802241096,-0.030303030303030304,-1.830156128019365,2.8301561280193677,9.744710941862453e-05,6.18542120369318,28.11267914115496,34.13341574132623,36.05987045911307,37.816929051605605,36.527517942415656,34.81376741248958,29.89766124503771,23.98210496074754,25.753656187885756,0.007219109944932709,0.00046462042693714363,-0.0011921146520659388,-0.001220153437959091,-0.0004816314481105296,0.0004292205594825199,0.001034031923894461,0.0002679007998865668,-0.0022259341895055004,-0.006912220539552609,598.4510016737546,585.3608956084706,576.8657432170871,567.8685105576782,570.2572316556751,572.1536348302035,580.7572274111969,599.4293177194135,629.0672683298218,721.3742352133715
hm105/x15y10_buy_cold_f23_corr_f28,hm105,1207,-0.0024963912713246096,-0.4651445297855878,0.713643027767784,-1.0,-1.0,-0.5878787878787879,-1.2328816615814646,2.232881661581465,-3.330476399169286e-05,27.38135223022645,33.33727193187706,34.60001414699804,36.81557717961476,35.239078429239925,34.00088911153328,30.889407577948816,27.075743706894162,22.937841073740778,10.972141247620176,0.004686491087645991,0.0002860406201365112,-0.0007888634153950927,-0.0008591349746435715,-0.0002878391319643393,0.00030198334687842727,0.0006475352368293654,0.0005163637660798822,-0.0005528418457672273,-0.006412821197132868,666.7719890074509,611.2510918959765,595.7830672215,587.6180964662886,582.9013605347343,580.8982307816252,579.1173845959679,581.3133028204637,591.7002578108988,637.7786040190736
hm105/x15y10_buy_cold_f28_autocorr1_abs,hm105,1207,-0.08094379975564238,-1.0000000000000002,-1.0,-1.0000000000000002,-1.0000000000000002,-1.0,0.4357485832113501,0.5642514167886499,-0.0010305644374659438,56.38704514706172,53.75394574939194,51.57524481877948,47.60338468142429,43.554196996328955,36.64182653013679,28.896938024744593,16.005110196006697,-4.493222181373608,-36.73600450438722,-0.015467175293734746,-0.010070151148118302,-0.006010947860903671,-0.0026870808466474116,-0.0005867239203264156,0.0001793476960234058,-0.0008083892098481668,-0.004704564742578942,-0.012490703057767241,-0.0272668469342748,472.73022343245776,489.861147085254,511.06406104263243,528.9559682614993,552.7627959650567,577.6072426450306,610.8458058250666,657.2834172713577,712.4361692148093,817.7260533595285
hm105/x15y10_buy_cold_f28_corr_f31,hm105,1207,-0.021057177851107427,-0.2943363565160675,1.0,-1.0000000000000002,-1.0000000000000002,-0.1393939393939394,0.1543591490240038,0.8456408509759962,-0.0004170202139152265,19.00610910226272,29.5023209131699,35.50981342736907,36.02245807791873,37.44862346418408,38.059668064564526,35.573229268969236,33.375164676746735,25.63717504783753,3.1114114643343984,0.00310541902353699,-0.001695786888303299,-0.002438323424521702,-0.0016411450057551799,-0.0005161608735550966,0.00045042894606369375,0.0008604190099455706,0.00012341797913807136,-0.003528978733253371,-0.015359447670487922,585.5425332831002,548.4788045002908,548.3245069063389,541.971669336071,553.6301786002595,569.0957447292742,583.9772124944011,614.0244199818295,658.2557432217736,771.0843577576235
hm105/x15y10_buy_hot_f38_std,hm105,1207,0.03370524051663279,1.0,1.0,1.0,1.0,1.0,0.4752048951962149,0.4752048951962149,0.0004682052183734453,7.574871790401564,14.73514308865853,20.029661595588394,23.777294698577794,26.725241554261924,31.098492550168736,36.26126326684822,37.53006329065135,44.178127761620225,49.25660019709932,0.008308913596194062,0.004411037904246692,0.002065941924290019,0.0008342552656056534,0.00017425318520579224,2.652016458127644e-05,0.00065551732280507,0.0017930434928594362,0.004836414016879287,0.010131138425592033,694.753813801192,633.814032622899,620.2031227846871,612.8758671541021,603.575506783403,594.9272504698895,585.6805677776273,570.2525230469801,555.3288944996409,527.5479917664005
hm105/x60y3_ba_cold_f00_corr_f09,hm105,1207,0.045351095836006654,1.0,1.0,1.0,1.0,1.0,0.5470239418327137,0.5470239418327137,0.0005064744749533374,-2.8523138797110192,0.9062649397087894,16.958773321402038,24.94298939144988,31.814038453052763,36.915104371476716,41.19614514543314,45.269860071148464,50.521538831029375,53.22148856079784,0.014181932253946554,0.0070561927817134485,0.0026646933474229573,0.0006669951677469385,-3.873200391101408e-05,0.0002759480952208466,0.0014620967639166474,0.0032173646116955843,0.005949529930344738,0.009408600412956583,854.2583096247889,652.1888551945352,625.8990801759335,603.1026452628058,584.6123801795143,570.4405253873995,553.5863338838494,544.2288033920563,533.0848529551619,506.79688774804504
hm105/x60y3_ba_cold_f00_corr_f12,hm105,1207,0.04723344765446649,0.9896524949137678,0.9844363425062823,1.0,0.9844363425062823,0.9878787878787879,0.561218377139588,0.561218377139588,0.0004948162767656871,2.0806322868069467,1.8298606599064415,16.701072606128584,25.715977400266635,33.80437116887027,36.85100468337913,39.86496138876337,44.51362654444071,47.47978363868769,50.04905832718298,0.015573876261262817,0.007481631850624985,0.002779527370807672,0.0005287936963332518,-0.00013325032751000863,0.00032440531153732686,0.0015120368342299388,0.0034604417091801958,0.005961766382128371,0.009249402289106335,852.7205744694861,661.2129255726136,625.6375736112681,600.4919132069801,584.8076186758475,569.307216478325,553.3067488154553,544.6332711982685,531.4114243209644,511.4472243057827
hm105/x60y3_ba_cold_f02_corr_f08,hm105,1207,-0.05207531801655661,-1.0000000000000002,-1.0,-1.0,-1.0,-1.0,0.4430649905707574,0.5569350094292427,-0.0006554921559829256,54.15355424468262,50.64691990468613,47.14824346931937,42.34139787980737,38.417004401439904,32.9191342818848,27.343836253576526,16.15764527343086,1.314656873774785,-11.6414792426211,-0.01042969005281108,-0.00656875700093583,-0.003790707031763006,-0.0016526990765738043,-0.00034047149798135305,8.722796140347895e-05,-0.0005379083739658951,-0.0030833798336343788,-0.007898236933206335,-0.017205204021105498,498.262151529774,522.0583926155589,536.7063233318281,548.9272460359007,564.7161532968606,581.8965091057671,601.0795011464991,628.8183288909423,667.0572565244925,869.1036667604805
hm105/x60y3_ba_cold_f02_corr_f12,hm105,1207,-0.05104493255961124,-1.0000000000000002,-1.0,-1.0000000000000002,-1.0000000000000002,-1.0,0.4352062763434117,0.5647937236565883,-0.0004931244400065947,49.04243450747632,47.746953974679144,46.67657348171818,42.21398425785521,38.08754196612006,33.43365973516685,26.94489356808033,16.464675749711223,0.3058572711720497,-2.101273688655187,-0.009728762124873959,-0.006247745087327967,-0.003980645857849565,-0.001675031778413626,-0.0003682793256946804,0.0001357788001647436,-0.000545415114996996,-0.0029314413246870332,-0.008342085772764345,-0.01686818053316125,506.8512839433091,524.5385571357104,541.2803086232409,552.827969270138,566.269136131753,582.8167128520071,601.0257134356333,628.6653906044365,667.3436762665069,858.5428072556567
hm105/x60y3_ba_cold_f08_p25,hm105,1207,0.032803618046433794,0.23640776995009433,0.9245805122480207,-0.36264376946871546,-0.36264376946871546,0.7333333333333333,0.5652619819138414,0.5652619819138414,0.0001648795471868907,18.340129540606117,17.75800986109431,24.400680321007826,29.576960707764172,32.61274070557806,34.169290843213275,36.07676116977699,38.45807844862345,40.45282159098525,27.01886799712248,0.01136089563863959,0.004965323596570223,0.0018817747351951466,0.0003265637386563825,-8.511969780943809e-05,0.00021749372618484246,0.0010154264309539004,0.0025410591177334337,0.0047752891367349665,0.005640032076387865,768.4664214775383,642.5543660008827,621.3485512826122,603.4117288315146,589.8662814516874,580.4187433865221,573.706155872194,565.6158158499883,555.7657935845801,572.4304776704032
hm105/x60y3_ba_cold_f09_p25,hm105,1207,0.03558477997899661,0.17462753576246653,0.3896816123194686,-0.29963705377537064,-0.29963705377537064,0.7818181818181819,0.5487434077103602,0.5487434077103602,7.313724418054812e-05,21.428399916150397,14.204975554846422,20.29426012196831,28.204614615922285,30.652554745495223,35.839826637261574,36.428014312290614,39.18117935648605,42.75978830459813,29.918676932193662,0.011244465831410802,0.005481803569946462,0.0023414174788984597,0.00043003101282319513,-1.0938045383065064e-05,0.00023461536849890484,0.0010859448981998957,0.002670603004706522,0.005263999022624459,0.006769700593090484,792.1323540691768,639.6168442886709,615.5316272507198,604.732064095059,591.7499993103669,581.4388312693184,571.0097505320448,563.0978014460916,548.3314604246395,561.6129067368519
hm105/x60y3_ba_cold_f10_corr_f12,hm105,1207,0.046950170487850836,0.9620085140080262,0.9425727335548897,1.0,0.9425727335548897,0.9878787878787879,0.5610764187428393,0.5610764187428393,0.0004271378320451922,2.5957009953384547,1.6607932048706389,16.804542554255004,25.650318893598783,33.285603065648274,36.73621778198991,40.50549039035567,44.190671860481814,47.51561399359566,49.94258573854023,0.015403889340155944,0.007575240400108042,0.002712981913263193,0.0005229369104612996,-0.0001120720124128975,0.0003392900902720135,0.0015144160268357413,0.0034390585860411002,0.005911259140560104,0.009216032260521083,850.8370499739012,662.2899292394889,624.9327748924248,599.2911623732089,586.0620513363,567.2304287891982,556.4723879557681,543.7402127504711,533.0481287641738,511.74244373755687
hm105/x60y3_ba_cold_f12_corr_f15,hm105,1207,0.03388541487164307,1.0000000000000002,1.0,1.0,1.0,1.0,0.5281828107735252,0.5281828107735252,0.0004742826858544809,8.085454813234456,17.408363083759554,22.401120009089517,28.80644601398297,29.181080713581387,33.59929235507173,36.76580445968433,37.96478359341607,39.77820233124741,44.900213528168756,0.010459391966079949,0.004649674617991571,0.0020634457163853236,0.0004270708906070001,4.7602517951783625e-05,0.0001523502356262785,0.0009728704369102817,0.002192996209692981,0.004167640845289841,0.00827808874925361,729.9163002249486,651.4903972021542,629.4465091022698,616.7159477405909,604.1639820895496,593.2120925815832,583.0317284283175,572.4818564142124,557.5435687963624,553.4705990670232
hm105/x60y3_ba_cold_f21_corr_f28,hm105,1207,0.0007404388978674036,0.6696887505399925,1.0,-0.9314291954884403,-0.9314291954884403,0.24848484848484848,10.58461308423805,10.58461308423805,0.00018933482183081704,5.3152437094612575,26.001196504132352,32.43233593012244,34.93535818276417,36.300196339282394,35.89841754629917,35.005760225006284,32.522838309584046,30.129989897327015,30.33478421522419,0.0078068059530362315,0.0006901895453528099,-0.0012060502909460194,-0.0010592664652161502,-0.00039845532823294693,0.00037747188221000843,0.0008841189082542119,0.0005891311215325259,-0.0007661759228426156,-0.006366665327111456,620.4043491236652,586.1112973861807,576.9490313541892,575.0305510640736,578.2793328709539,580.7523366553194,589.4980370440256,602.6010405261154,626.0495042699508,758.0196756269988
hm105/x60y3_ba_cold_f22_corr_f28,hm105,1207,-0.0015810178296948184,0.5405394198846403,1.0,-0.3575111807993452,-0.3575111807993452,0.04242424242424243,-2.9336916977186767,3.9336916977186727,0.00010238819387455203,4.873622397296824,28.15032861795453,33.33142723642604,36.3039187203389,37.172820115744344,36.175871514756565,34.528448581023206,31.342574800891704,26.120296507014697,30.879442954194225,0.007270308688205813,0.00042505071827166996,-0.0011251674241032094,-0.0011805099952552313,-0.0004510877118839844,0.0004024818028700651,0.0008604473518113132,0.0004341254054090725,-0.0016737217843603286,-0.006645333074534546,604.9803825763144,587.3043749772737,579.4521134469696,573.8653922201082,575.6836634701167,580.1744649703866,588.865617679773,605.9263452060612,628.4724046794622,761.4119081565391
hm105/x60y3_ba_cold_f25_p95,hm105,1207,0.018142414953310492,-0.2720410983991201,-0.5806283324157447,0.04499449194420205,-0.5806283324157447,0.38181818181818183,0.5098469572361146,0.5098469572361146,6.915336395717619e-05,39.34478965913879,23.263139005698605,24.40304537710937,24.881109351775102,27.52991602957568,29.649302341663454,30.451362199538455,33.60824418122762,35.55486662460369,30.157855959128664,0.005025505913786526,0.00270070655422617,0.0010416562179177398,0.00040250005349503796,4.4228689238651806e-05,5.596656945314443e-05,0.0003618352119219515,0.0013978253991230637,0.0029301190889718153,0.0041129178912192015,756.8957895250925,621.5697377346727,608.8673443174805,597.3201561745344,597.0294971525697,595.1332512836306,588.127855790148,584.7367000011296,576.6192291574611,575.8284725752926
hm105/x60y3_ba_cold_f27_corr_f28,hm105,1207,0.015282208073896093,0.6513486139143576,0.9791775407751724,-0.6582413866919673,-0.6582413866919673,0.5636363636363636,0.7152776793618765,0.7152776793618765,0.0003525486991860544,13.11412591493554,25.424776901699516,30.69218332269831,32.27193446385069,32.07037968711722,33.77045188944026,33.47520118868826,34.38066120032279,33.38997481750345,30.282544164842587,0.009011964213045037,0.001994044533270112,0.00013249121948892136,-0.00030898987677140544,-0.00015065797782677816,0.00027439822615218885,0.0007417097618129539,0.0014621828754980196,0.0015316360488002796,0.00024088035124072155,696.052908706354,631.4565110664344,618.6359813709714,607.6813835241813,593.7601041925617,587.9544666527083,587.128451119859,585.8991736087432,593.0453142325568,611.7231219420486
hm105/x60y3_ba_cold_f28_autocorr1,hm105,1207,-0.08412881373730081,-1.0,-1.0,-1.0,-1.0,-1.0,0.4228218136524848,0.5771781863475152,-0.0009478426735698598,54.541958233900594,53.3040172761174,52.125034803179965,49.645256568842356,44.35913274510426,38.84022021015036,30.131671235586886,19.667318170991685,-2.1380369828486936,-41.71137886432854,-0.01470708945047487,-0.010361994928919073,-0.006408064564776349,-0.0030364064151460813,-0.0006571736872252683,0.0002519206243277263,-0.0007650734964515908,-0.004278799324629632,-0.01284783178022722,-0.030370458040208746,496.4643531068416,489.75571986108065,505.58789106864543,526.1928719659222,548.0095869120652,576.0300181217385,610.7915477502874,657.8739459184358,725.5386838739147,867.0030184893086
hm105/x60y3_ba_cold_f28_autocorr1_abs,hm105,1207,-0.08412881373730081,-1.0,-1.0,-1.0,-1.0,-1.0,0.4228218136524848,0.5771781863475152,-0.0009478426735698598,54.541958233900594,53.3040172761174,52.125034803179965,49.645256568842356,44.35913274510426,38.84022021015036,30.131671235586886,19.667318170991685,-2.1380369828486936,-41.71137886432854,-0.01470708945047487,-0.010361994928919073,-0.006408064564776349,-0.0030364064151460813,-0.0006571736872252683,0.0002519206243277263,-0.0007650734964515908,-0.004278799324629632,-0.01284783178022722,-0.030370458040208746,496.4643531068416,489.75571986108065,505.58789106864543,526.1928719659222,548.0095869120652,576.0300181217385,610.7915477502874,657.8739459184358,725.5386838739147,867.0030184893086
hm105/x60y3_buy_cold_f01_corr_f28,hm105,1207,-0.044078231577962965,-1.0000000000000002,-1.0,-1.0,-1.0,-1.0,0.40551677572614303,0.594483224273857,-0.0007048658945053116,42.526830981574065,39.18218731198947,38.76767707134593,37.854046650194135,36.72130839211812,33.5329327972717,29.729097280123746,26.56540193253399,16.82767561820546,-8.513163331169986,-0.007450276617096623,-0.005073243306525077,-0.003151489842168342,-0.001531611235053677,-0.0003820064035029633,0.00017309876888634273,-0.00012905346794446523,-0.001670994937015299,-0.005945836052494121,-0.01821195259054342,543.3646233234867,530.2557860790662,540.8663601777247,555.3073193442083,565.6292593508526,581.2867849185833,600.9241215546332,628.1381018707923,669.2079380550689,775.5552426931122
hm105/x60y3_buy_cold_f04_corr_f28,hm105,1207,-0.03348126861533067,-1.0,-1.0,-1.0,-1.0,-1.0,0.427284925931597,0.5727150740684029,-0.0005771714320735796,41.99960647480973,39.67101905331247,36.582792734804855,36.575865641021814,33.66402301030553,31.603082991857274,28.8771025610044,24.635763368238283,19.726813552692157,-0.13408995285569433,-0.006277965974703601,-0.004165641437362995,-0.002280326121054194,-0.0011183642871159154,-0.00021712690755737056,8.909392598946261e-05,-0.0002725284625069156,-0.001492711370640579,-0.004157871122744163,-0.01301065542556082,571.5434783955506,555.479742748357,563.3335356493834,574.3043740121744,582.9760252067996,592.9179013708691,604.3415771086133,618.0814417671436,644.6318184360737,710.3990034193836
hm105/x60y3_buy_cold_f05_corr_f20,hm105,1207,0.007732915310311448,1.0,1.0,1.0,1.0,1.0,0.5576711668339321,0.5576711668339321,0.0001465226090555389,19.801581399983775,22.769521216912228,24.186819874026437,26.827552993090936,28.241191105332465,29.53021655273079,31.316468787649402,32.9164358350325,36.091191234129276,41.5792600520574,0.002741910299768483,0.0010597100579554392,0.0004379151340743139,2.197084354565714e-05,-3.079386557408386e-05,2.8254708605161064e-05,0.00024004101175257854,0.00042031963328692415,0.0010001799244810032,0.0016668849533604323,594.4909771330927,582.1966426962392,588.6197239124725,593.020047548706,596.3474246541238,602.7277223799655,607.4495048576516,609.8799039068257,614.8314145654949,641.9527079949314
hm105/x60y3_buy_cold_f08_lz_complexity,hm105,1207,0.020552708184602843,0.9999999999999999,1.0,1.0,1.0,1.0,0.4796070194364692,0.4796070194364692,0.00015133088045663642,15.348508386468444,22.05694805923712,24.507786019682165,25.686223279077506,28.7076429682985,29.28444119553989,30.519598483171315,33.73639709758856,37.82188500055659,45.597107483021325,0.005378649659340751,0.0025774445033069893,0.0012127358930443615,0.0005550924107909882,6.0721294757278586e-05,3.822711199317965e-06,0.00024677183519332803,0.001206937166757362,0.0034563864422398325,0.0057028153875159525,622.4135958856835,617.4061533916979,609.4452319502417,606.6505731814336,599.4431141545231,596.3455588941243,590.1437474081474,580.5391629900093,567.170431043991,648.5839811108895
hm105/x60y3_buy_cold_f13_corr_f22,hm105,1207,0.05359788622643628,1.0,1.0,1.0,1.0,1.0,0.5112191999406293,0.5112191999406293,0.0004401162446412486,0.9313077318264105,5.207528328860018,12.891048820479236,20.167267909270837,29.962396654445993,35.47421604268621,42.396870578076275,47.211239317060276,48.83880889615411,50.19806031166779,0.013239059927835433,0.008224575498346522,0.004145270757360143,0.001472627239151989,9.373921802715361e-05,0.0002025368395557364,0.0016624933975212736,0.004297898185508282,0.007671751497628972,0.012147817420859498,746.2856722332996,691.2935015498416,654.6057233913217,632.0279769427799,607.9540335926393,578.481752968317,554.4182527418951,529.1396471302517,498.8988748166789,474.6072769838389
hm105/x60y3_buy_cold_f20_corr_f36,hm105,1207,0.03339582141297537,1.0,1.0,1.0,1.0,1.0,0.5224413221679403,0.5224413221679403,0.00043844625564320154,4.705744371455181,14.646024165058213,21.24474541080866,25.101076621265495,30.084700625625988,33.26628609912334,35.158564635287206,38.51262903532286,42.14268498007153,48.41494037759715,0.01020105618799076,0.004369101759978935,0.0019288278605023767,0.0006995103715507385,1.9798472358660317e-05,0.00014249864681024302,0.00082484176834474,0.002243071832646139,0.00439733913974741,0.008131329117402213,685.6143506651044,628.1579832064767,614.5204801677568,609.2924123181541,603.6618019144635,593.5361669831259,581.8871693165786,575.8024844951367,569.2463922244848,573.3942273149872
hm105/x60y3_buy_cold_f21_corr_f36,hm105,1207,0.032770664081931224,1.0,1.0,1.0,1.0,1.0,0.4988706198664909,0.4988706198664909,0.0004241529071003947,8.213716002789429,14.841039196334766,20.845711183132476,25.005180317446907,28.002680205902255,32.375265476747856,34.88360255831746,37.43877765625209,42.310915933816,49.35406583957267,0.008797259567192116,0.0043488830266070495,0.0020713044485152466,0.0007930356928403178,0.00012624134515148034,0.00011838015775817577,0.0007778949354017709,0.002001085704102861,0.00466180628097104,0.008650620016290732,685.3231263608131,627.0727951213798,616.6654751608958,611.41137482592,603.7179727979773,593.5488715437011,582.7061107397083,576.4288489098695,566.4067547273232,570.5223530068592
hm105/x60y3_buy_cold_f22_corr_f28,hm105,1207,-0.003628656766829812,0.39341191978172285,0.9559437645404706,-0.9835770619360635,-0.9835770619360635,-0.11515151515151516,-1.0387633953143534,2.0387633953143527,0.0001544609520722558,9.127510430877704,26.397384205640797,33.824563786207676,37.38787256899992,36.75132810841764,36.47265354150826,33.50704463390452,29.60671865261808,25.04421835148206,25.13883957235377,0.006281560170339198,0.0007766369194529574,-0.0013232402619209557,-0.0013477300593473355,-0.00045746256196325355,0.000422909039596358,0.0007764037895391475,0.00024031588805931403,-0.0023806925113723115,-0.006771818131285193,590.2824605988067,583.7782565457658,575.0495899830088,571.2891908990109,568.3293858215214,574.9844016882328,587.5082398073145,607.0438047354763,636.722229904092,706.7377217982646
hm105/x60y3_buy_cold_f22_period_ratio,hm105,1207,0.0016051980285518867,-0.11923333437240674,1.0,-1.0,-1.0,0.006060606060606061,2.042968207741934,2.042968207741934,-5.8981748501869375e-05,23.618653701937795,25.648858580285015,28.21179606647374,33.89834195576694,34.21525991426917,35.26464951145953,33.699248748606955,31.75609281416687,26.457744214021808,20.465512315809363,0.0024517811399101482,0.0012721566527517734,0.00024334149092778543,-0.0003723490969675195,-0.00019506381013428343,0.00024063253954349485,0.0006254388086150184,0.00047240543109087417,-0.0005740515098207887,-0.002500111868862737,611.3505239672262,601.3792893520136,588.9570591451345,588.8392759425132,582.2550389550523,585.8011665640457,589.9365460580611,604.8975732547644,619.3929476880704,641.5053241339069
hm105/x60y3_buy_cold_f23_corr_f28,hm105,1207,0.004081362331012099,-0.2065150062117613,0.73984260756097,-1.0,-1.0,-0.3696969696969697,1.7177761710314892,1.7177761710314892,3.225128707668859e-05,21.95470101557774,31.06734445802244,35.728477693579734,36.396480557541075,34.23701182658298,33.43974178049551,31.091349261059715,29.453020890355578,25.429914060529487,14.437371223167363,0.007470586155968521,0.0012598013763459785,-0.0006156489229742421,-0.0008507663475746646,-0.000308505796632925,0.00033919216703708006,0.0009104636643424124,0.0011646895637303031,0.00033475336877671064,-0.005655454185083774,690.0276200886024,620.5836354709578,603.2002852920411,588.6205970624691,574.4689761840169,571.9539135066028,569.2069804392308,574.4379952973063,582.350459476228,636.3048998551875
hm105/x60y3_buy_cold_f23_period_diff,hm105,1207,0.014707559772813406,0.2490760932986242,-0.3642708162196043,1.0,-0.3642708162196043,0.6121212121212121,0.3532308590175506,0.3532308590175506,0.00017346908523880412,31.594013507993385,24.921475518392636,25.59692284101215,24.579888563927312,27.487663459801333,26.667334647326076,27.66460142941727,31.329195994903262,36.16316799643204,37.23936025015816,0.001912953943301741,0.0014651880062165694,0.0009726866503454324,0.0006417610211019861,0.00014129971764523217,-0.00016789170114520937,-0.00023771750746106736,0.00042206207181129987,0.002900042433958803,0.00648370605179982,694.4142212757963,605.5597508565928,604.0758477776689,599.1108111548612,602.3200139291944,600.7156298505889,596.2893191668213,588.1277018324179,568.269720505627,563.8773052442982
hm105/x60y3_buy_cold_f28_corr_f33,hm105,1207,0.02563062349134156,0.5342185823171711,0.6340329945470797,0.17236883106131315,0.17236883106131315,0.9515151515151515,0.5538656429059263,0.5538656429059263,9.118794300008891e-05,11.576616329857114,4.934082114642439,18.00725376683532,30.841694247546503,34.59282160028438,35.62339057306516,37.256987642316076,40.57888337623047,42.270776916859134,37.57806931124936,0.004512106893119746,0.0065973197610446396,0.0029146892001974817,0.00029260703983160255,-0.00017130700475683522,0.00019110262241799658,0.0007659207356781832,0.0023705705402786536,0.004326710787856128,0.003739714972673906,604.0145190385019,629.8402345765262,625.8018530960401,608.4351953279313,591.3437289052536,606.5858926842254,606.5523196472748,581.0232896014907,574.776597697336,606.6807061998595
hm105/x60y3_buy_cold_f28_lz_complexity,hm105,1207,0.04491628831193904,1.0000000000000002,1.0000000000000002,1.0,1.0,1.0,0.5613100624203989,0.5613100624203989,0.0005592826315523362,-12.436197621970358,14.995227774584794,22.920803549880258,27.542740260802354,32.174592819343026,34.22253181391527,37.96437728482501,42.411627748080875,45.030310516053504,48.10730945078852,0.01705624835157021,0.005482288446522608,0.002008209699652768,0.00042584974739595676,-7.456261790167882e-05,0.0002125445789632333,0.001290633338956466,0.003372138537909213,0.006665865700708172,0.00791778989660979,710.3746371614592,646.3650152184429,618.9332006174812,597.9543260472237,584.6288947320569,572.5702798837777,560.18749195539,549.2269864531963,528.4351759859928,631.568585639257
hm105/x60y3_buy_cold_f28_p25,hm105,1207,-0.058056529802376314,-0.8686462936163426,-0.40292072491845105,-1.0,-1.0,-0.9636363636363636,0.4136052768966279,0.586394723103372,-0.0007170517319269416,44.914557372894016,49.68941189981635,48.1248671378785,42.13382752477484,38.47022769119495,33.62836121327973,27.671706243989465,19.437971326840348,7.349322191299503,-18.23797637067357,-0.009462221944810622,-0.007139288705590416,-0.004632013610403469,-0.0020372742308401135,-0.00044511221279173454,0.00023526600437122314,-0.00033965010315919857,-0.002751726307538188,-0.008731427166350158,-0.022036029793336732,504.77679237134726,534.8391646534178,545.7306715303177,552.6802603451431,567.0441965953319,579.2026563486231,596.7451470549686,623.6335972937597,665.8672591874886,782.766154779853
hm105/x60y3_buy_cold_f28_p95,hm105,1207,-0.050218792008289735,-0.8557601451915234,-0.3700062512646052,-0.9999999999999998,-0.9999999999999998,-0.9636363636363636,0.402640840053125,0.5973591599468749,-0.000747573634114716,42.53548107929471,47.524754156245756,44.11657724836027,39.79204670046464,36.67490791823166,33.07112626570739,29.8423814358826,23.660015368255646,12.633212999664384,-16.66620154027032,-0.008564224965742084,-0.006104848993501555,-0.0033654145365003235,-0.0014835759670392122,-0.00040106846184624216,0.00024326278919758063,0.00010362061054637129,-0.0015271765684928835,-0.0067417360968323,-0.02163005618396436,508.8466462397,538.9070108776758,551.9190049760055,560.626158709073,566.9794699248647,574.8927575350046,588.9632732246413,610.0534614458868,655.4584906997969,796.7365724934988
hm105/x60y3_buy_cold_f28_trend,hm105,1207,0.021656824629046077,0.31798699897418126,1.0,-0.9499611181018742,-0.9499611181018742,0.12727272727272726,0.8444726819455032,0.8444726819455032,0.0002518997228428947,4.532928899750956,24.003034793792565,32.44882556091077,35.827757843503555,37.43870470538999,37.58427989895227,34.86046406014766,35.30525710544665,30.553079590429814,20.695968945225943,0.015219547790307758,0.004056873597198159,8.72185828494662e-05,-0.0008333730575302366,-0.0004543925704416771,0.0005596754841629522,0.0016403817230466636,0.00285656673460957,0.002235336382668907,-0.003962909760668415,771.3097794337018,655.1289916262162,611.9896843691636,585.586916340761,568.0188308483785,556.1159909143257,544.3305554704225,544.9400449279161,549.9040200500582,603.1642071316369
