factor,folder,nd,ic,lambda,lambda_short,lambda_long,ssm,gamma,share,share_ic,resid_mean,r1,r2,r3,r4,r5,r6,r7,r8,r9,r10,c1,c2,c3,c4,c5,c6,c7,c8,c9,c10,gsd1,gsd2,gsd3,gsd4,gsd5,gsd6,gsd7,gsd8,gsd9,gsd10
hm100/microcapm_active_buy_volume_ratio_capm_abs_residual_mean_corr_microcapm_price_log_return_3s_capm_cooks_distance_mean,hm100,2428,0.023196249744924454,0.6018458429222795,0.17491104419238118,1.0,0.17491104419238118,0.9272727272727272,0.39714672557704905,0.39714672557704905,0.00010736116176811322,0.46043929843482495,-1.8230361829497805,-0.31443971873588367,1.001055220111525,1.428589648831246,0.9891202069871102,2.2110754212100945,2.6287138072687934,4.06671730867276,8.692391939992438,0.0021596034754400527,0.0041317746358187244,0.0019506939914505008,0.0007530899654128579,0.00017451442989172304,-0.00010460727811867128,0.00012046535434084519,0.0007996070500170645,0.003014075230970029,0.010089671727933232,245.76552345474002,261.3139018100103,258.3418773166606,255.9392451456614,252.77317548085244,249.26623766352787,247.24321738752027,241.55536367688183,231.01866592404474,202.04807320149433
hm100/microcapm_active_buy_volume_ratio_capm_abs_residual_mean_corr_microcapm_price_log_return_3s_rolling_alpha_mean,hm100,2428,0.028333705506212274,0.16795162396783075,1.0,-0.8751343199105973,-0.8751343199105973,0.34545454545454546,0.7516051311187045,0.7516051311187045,0.00022068218017024812,-6.3805274953396625,-1.6256460889951176,2.447134717722721,4.418322299182516,4.828861210324172,5.031324202567899,5.599650424839555,4.999022804680588,2.9514904377265636,-2.935024623770268,0.01554207820246676,0.005937865206127543,0.0008039848574961313,-0.0007178190237424011,-0.00043621665923500465,0.0005757920870619539,0.0019405425712184974,0.0029203848618584052,0.002630591422666069,-0.00108418019987591,297.7057668013483,272.1592652368463,250.001316528022,235.22461417045847,226.1317453400711,220.40172271697475,221.04295757616458,224.2472108801458,232.87398122642594,250.670397223393
hm100/microcapm_active_buy_volume_ratio_capm_abs_residual_mean_curvature,hm100,2423,0.04030563148194405,0.9784863712505634,1.0,0.8690501557984984,0.8690501557984984,0.9515151515151515,0.609276478498131,0.609276478498131,0.0005996920220531044,-16.527102124146328,-5.011556565540819,0.39977653385357653,2.4628367619838696,4.984527215173086,6.553693877404351,7.398646858951819,7.371654429913282,7.101563464773579,10.496888641324281,0.016193295444640498,0.006349983662823673,0.0016537077784681135,0.00020397512186825823,-0.0002090670382182606,0.0005048236769053263,0.0017499112304675635,0.0024997166093746435,0.0034823163969060276,0.007277276576655006,315.3864678669456,272.2439751771041,250.96544957387496,238.67003174676645,231.55422153529065,225.09707485521585,221.79502484785746,223.00969901150222,220.44551473963406,228.8304288597398
hm100/microcapm_active_buy_volume_ratio_capm_residual_zscore_mean_corr_microcapm_large_trade_direction_v2_capm_residual_mean,hm100,2428,0.06163880628993294,1.0,1.0,1.0,1.0,1.0,0.5290520800758669,0.5290520800758669,0.0004761147362519602,-9.332708663263201,-7.481108523784669,-3.296007931389952,0.29352645897376645,3.5346227296683868,5.460059623527714,7.135290134185123,7.911428219021328,8.360731141637084,8.537108648866141,0.015227039247991802,0.01037778930569292,0.005196018969004395,0.0015417387174469657,1.5662949377424213e-05,0.0003911698892646694,0.002201950636809453,0.004957386557657542,0.008477334753369176,0.012776600527066502,359.7908411375041,299.82276375916564,269.68908496938485,247.1516820007195,230.31399997700086,216.04846671476548,204.44825859471217,193.00495745253215,184.56821718796027,177.48041117475498
hm100/microcapm_active_buy_volume_ratio_capm_residual_zscore_mean_max_range_product,hm100,2391,-0.06173506858051573,-1.0,-1.0,-1.0,-1.0,-1.0,0.4915056208701839,0.508494379129816,-0.0007053440181999266,18.915799839494916,11.684219322682644,9.896561436575478,8.0620246277477,5.628007055260543,3.6660159191152184,1.145397284004979,-2.0895728778261637,-7.255212741398267,-15.591542448265452,-0.015023589182048788,-0.008570593620422786,-0.004603517412637344,-0.0016387187422585276,-0.00016003370516987395,-0.000153140927612979,-0.0013548453538587675,-0.004102357797690908,-0.00907409033203611,-0.01634883748857966,219.90843783500736,196.66041822586027,204.97946916518873,216.36352326697224,226.18324226346107,236.59373648035717,246.1936167362676,260.3830968221819,283.68495697707755,319.05595205666464
hm100/microcapm_active_buy_volume_ratio_capm_residual_zscore_mean_std,hm100,2428,0.039791049517369136,1.0,1.0,1.0,1.0,1.0,0.4894859626965323,0.4894859626965323,0.00028566390959563635,-5.441377284468009,-4.9429945714957375,-2.2803235973736125,0.09707611736763071,1.9260140111731148,3.897927145082748,5.847653386367792,7.1228428471389025,7.3419557381509275,7.548477623865664,0.008706494501176993,0.006145205217006555,0.003157992597172622,0.0011732239363300748,0.0001544154542324753,9.370757878147318e-05,0.001078223920676785,0.003110635111391775,0.005811705524906584,0.010073781766098121,336.5827324139667,282.5774116579113,258.99129611014075,247.2008728708429,236.6723482111318,230.20018226997172,220.38106179926888,209.93080933300664,198.25326087533537,187.18346381130007
hm100/microcapm_active_buy_volume_ratio_rolling_alpha_mean_period_ratio,hm100,2426,-0.035246220673548954,-0.28607646967535605,-0.6499080711875553,-0.0689893429769027,-0.6499080711875553,-0.8787878787878788,0.5215318519280034,0.4784681480719966,-0.00015387876480101538,6.825767652477954,6.6509180237187016,7.145457256547335,5.810586203502888,4.989649693263777,-0.05641221112695271,-6.96600322036888,-11.457010359526397,-7.2677392159549905,-1.5279325419311582,-0.006560372545928083,-0.005351893619343414,-0.004032576895931405,-0.0020042697512854353,-0.0003526612516716336,-0.00022551315084099006,-0.002577971526323929,-0.005715717898446495,-0.005605539772803999,-0.0026658254961725047,210.21221481267477,207.20934815491796,207.79132441039985,213.67391887918905,231.92835544391167,257.7441632838822,286.28252905277316,297.3977549731239,273.72483823487556,246.92928276082722
hm100/microcapm_active_buy_volume_ratio_rolling_beta_mean_p5,hm100,2428,0.03917663773170288,0.5943298649403402,0.3003098101300003,1.0,0.3003098101300003,0.9272727272727272,0.4283947008250557,0.4283947008250557,0.0001856456073203367,-1.7447499397181563,-5.43658361054802,-4.578665854259156,-2.131827723972476,1.4243494267441643,3.5046944923352457,5.463491744334232,7.222728594991048,8.396182264710188,9.072743473465094,0.004394766430963674,0.006174179588405053,0.004063850163665079,0.0017913925279395102,0.00027934569502362753,-3.7182759238765164e-05,0.0007962351123038947,0.0027572860451030193,0.006201883284948965,0.012569236035268447,264.38949994167564,273.940062326279,275.73475146443354,269.147705761779,259.55163457720363,248.3862693118657,234.6611899622127,221.30921681302394,203.62980206426937,178.2738261174665
hm100/microcapm_active_buy_volume_ratio_rolling_residual_std_mean_autocorr1,hm100,2428,-0.06407650591650323,-1.0,-1.0,-1.0,-1.0,-1.0,0.41691378918020666,0.5830862108197934,-0.0007631966146662012,9.460516975557804,9.197513959811818,8.846408046406468,7.2949297470644785,6.175752266202821,4.494692351721531,2.8728008816799826,0.1773143215250151,-5.370152188569911,-22.47207091391267,-0.011824744844186354,-0.007398291499860749,-0.004577117300794894,-0.002090770436442086,-0.0005052676052831625,0.00023347652953250962,-0.0002572338979717124,-0.0028474350426422527,-0.009037519564389212,-0.02500840563979899,187.97079864699234,198.73078091439154,204.65732027488284,208.63003652787512,214.46431708321583,221.7639855680984,233.92318355229588,254.21824032253318,287.50677867015287,377.2119209426092
hm100/microcapm_active_buy_volume_ratio_rolling_residual_std_mean_corr_microcapm_large_trade_direction_v2_capm_abs_residual_mean,hm100,2428,-0.05504031235246715,-1.0,-1.0,-1.0,-1.0,-1.0,0.42246530650351777,0.5775346934964822,-0.0006373109262090178,13.311979980930268,8.3767859010394,7.301576606351776,6.843124159164269,6.132047252286577,4.820156618223518,3.3023436018071903,-0.1928493695092496,-5.897342617347304,-22.937253895161867,-0.011360758205144518,-0.006121408015213462,-0.003425512769085508,-0.0016794879099385816,-0.00039621377287343194,0.00021299022120065188,-0.00012773894365813337,-0.00231137840995555,-0.007714492731013691,-0.021479000890576024,228.66826815932006,208.81706331618605,211.28123036619112,216.85779657816386,223.21531492087894,230.2669005614449,239.79473215174397,254.51992908634722,281.16062330373836,329.9252984796158
hm100/microcapm_book_imbalance10_innovation_capm_abs_residual_mean_corr_microcapm_price_log_return_3s_capm_leverage_mean,hm100,2428,-0.036244715411402555,-0.9758897680662622,-0.8190822823790598,-1.0,-1.0,-0.9636363636363636,0.39577023308740406,0.6042297669125961,-0.0006349986733556186,5.8653476978249275,5.021567579314188,5.193555750513583,5.04294931425992,4.3080379366730925,3.489925473931451,2.3854673235299786,0.5812076697304568,-1.975409824542913,-8.057496094237955,-0.004992700581658321,-0.004352092877387786,-0.002938837685142329,-0.001498435245403974,-0.0003111995040008557,0.00016770485660928396,-0.00014534514229216352,-0.0016203390939243945,-0.004997709792824553,-0.01492076167202184,212.8613246694242,205.74929524367155,211.65064183579076,219.70237304244873,228.78987385310208,236.97969303614684,247.72431095665698,259.74317714802817,273.3691233125404,302.21716739836427
hm100/microcapm_book_imbalance10_innovation_capm_abs_residual_mean_corr_microcapm_price_log_return_3s_rolling_alpha_mean,hm100,2428,-0.03289106702737599,-0.11624692131927801,0.9602723338076642,-1.0,-1.0,-0.4303030303030303,0.28034168684728217,0.7196583131527179,-0.0002202248172772479,-2.8375351377367473,3.976162505312719,5.272483890013579,5.27762540186688,5.113160300026483,4.35053946473292,3.7814058297146147,2.5288682365818054,-0.6201062297783193,-4.972435601447439,0.001113206820852979,-0.004078947426739386,-0.0035286130635719505,-0.0020850167461332367,-0.0005796286003088691,0.0003879591396358031,0.00042338222048046405,-0.0010240924123789325,-0.005568585139552099,-0.01773050700238349,239.31698536394003,220.12222328314533,215.5862876316398,215.38213068236718,219.44475020745932,226.35324658778146,235.80557233460118,250.7467822029379,269.6936427044717,302.1839751280424
hm100/microcapm_book_imbalance10_innovation_capm_abs_residual_mean_curvature,hm100,2427,-0.015386828887878847,-1.0,-1.0,-1.0,-1.0,-1.0,0.2232343568879355,0.7767656431120644,-0.00015751125501214854,10.720867163520799,4.900292500469874,4.132929548621294,4.032554768796801,3.969562571101491,3.0965358373609333,2.2773269108573753,1.7637238684607952,-0.5714298280691089,-5.924140805011846,0.0007741717479969981,-0.001423113374725142,-0.0014753597624436344,-0.0009530674388460321,-0.0003223380995972851,0.000251396955998649,0.0004265915187945208,0.00010214622234128626,-0.00208537880654952,-0.010524366595836547,278.91291216760663,235.7311024753532,229.17392912510084,228.81034944028562,229.64837340081752,231.32356755579252,235.42643971761854,241.13960208741574,249.77882792118774,280.005160375856
hm100/microcapm_book_imbalance10_innovation_capm_abs_residual_mean_lz_complexity,hm100,2427,0.04545847296707117,1.0,1.0,1.0,1.0,1.0,0.5510018623496578,0.5510018623496578,0.0005136895549726143,-4.358104637663662,-3.2179012436835643,0.5378624399560625,1.1615511295022605,2.892053999339759,4.388339847745972,4.580555562558965,5.3815027807075255,5.8962790773796945,11.223370433225613,0.015522823739057683,0.0065110970601401095,0.0021335365112976163,0.0006331141509421858,-3.591209846928858e-05,0.0002960259854839744,0.0013156664811247584,0.0031606763981955168,0.0056451389424025085,0.009762616241923488,319.72309411382355,263.25519348976087,251.76576406004799,243.09771663660703,237.26757958748908,230.35667297824608,224.07402056399076,217.65035474196594,210.9937973559434,229.63736564664106
hm100/microcapm_book_imbalance10_innovation_capm_abs_residual_mean_mean,hm100,2428,-0.04839170593576746,-0.8989334582923891,-0.45792382772276874,-1.0,-1.0,-0.9636363636363636,0.45725730100415896,0.5427426989958409,-0.00037099472993600273,5.329505257127442,5.930352971479586,5.521436739153215,5.26893000925992,4.31436200123131,3.670187543336243,2.1140833466564777,-0.9280717023716417,-3.9988311553672156,-5.358940288624834,-0.009524091494845587,-0.0066763744505589084,-0.0037522162514162763,-0.0016764564933355534,-0.0003286821081223726,6.456935212155366e-05,-0.0009103398610308857,-0.0038130930463001773,-0.008592113400616459,-0.01281191345172686,150.7489265842013,169.8866136282574,182.80435366901412,194.33968865291774,205.7801038656617,221.34223135524272,241.38926674220508,264.85607930605266,296.951121943407,371.76370938779985
hm100/microcapm_book_imbalance10_innovation_capm_cooks_distance_mean_corr_microcapm_price_log_return_3s_rolling_alpha_mean,hm100,2428,-0.03330574918371347,-0.5136110909456227,0.7691904517974758,-1.0000000000000002,-1.0000000000000002,-0.6363636363636364,0.3151665894713152,0.6848334105286848,-0.0004091044392003253,1.2549846236215394,4.766630779014139,4.970058932851202,4.67618840076219,4.485388318683621,4.564263212787832,2.8932336026837837,1.8124376438567025,-0.8041470401372717,-6.7575927729520195,-0.0015453961913066403,-0.003813063334783478,-0.002912907331368493,-0.0016239170406028474,-0.00047263943111623913,0.0003698864468839376,0.00039229693064264784,-0.0008506595257759474,-0.004773505064703697,-0.017666740202382465,248.95533405400943,225.96937081781752,220.8286271171898,220.14746271336207,222.260939705173,226.97823631102992,233.52193314472635,244.59048753925467,261.0205848453964,302.32562910350185
hm100/microcapm_book_imbalance10_innovation_capm_cooks_distance_mean_p25,hm100,2428,-0.0570018429865561,-0.9155025233360768,-0.5516221411619009,-1.0,-1.0,-0.9636363636363636,0.4788693337003806,0.5211306662996195,-0.0004645880227219768,6.76030221356469,7.460115499302142,6.958688231741297,5.673803407870889,5.0383951412914,3.5814741521452595,1.0819661791630153,-1.7805004475119899,-4.511712428097446,-8.40419391701127,-0.011825642907380179,-0.008361674922174107,-0.004757734859628518,-0.0018345446038676534,-0.0002943603207294072,-6.073885343829008e-05,-0.001560229856282061,-0.004600817619784453,-0.009003487693916488,-0.014238023326633143,148.46414945137542,164.61508994283557,177.73624511497758,191.9660034975895,208.51557790425068,226.13563520624726,247.07333396480587,269.37014524618695,298.5705963774486,366.6125425352336
hm100/microcapm_book_imbalance10_innovation_capm_residual_rank_mean_lz_complexity,hm100,2427,-0.024999354906017148,-0.40715695862627815,-1.0,0.7693737541858195,-1.0,-0.6242424242424243,0.6754999327836209,0.32450006721637914,-0.0002397142167475701,14.910547368847627,6.055297316016889,4.28606017942784,1.8832542697553822,0.17596228093060626,-0.4520151534737076,-1.2784095982520662,-1.1964089226334829,-1.2626596390252336,5.503748956380483,-0.010276700549365832,-0.005029771662583029,-0.001734701301596879,4.556424391561216e-05,0.0002704736482819374,-0.0004241745914616558,-0.00152407245946488,-0.002443901968586421,-0.0029969440583560935,-0.0006454119900523175,230.76734583789514,205.8670938927021,221.80078645661476,235.57718530973517,247.08763324069588,253.56568858373868,257.4036227496844,256.7069569848867,253.63898017629023,269.5028765273509
hm100/microcapm_book_imbalance10_innovation_rolling_alpha_mean_corr_microcapm_price_log_return_3s_capm_residual_mean,hm100,2428,-0.036930260590565214,-0.942990418060636,-0.1712436048987826,-1.0,-1.0,-0.9030303030303031,0.3685108760822194,0.6314891239177806,-0.0006235054028945623,4.958272103520886,4.744537366029357,5.28171439255526,5.274336457818577,4.736281344753058,4.631737192448141,3.535025508924365,2.5361590369047398,-1.0348726347421235,-12.812522614988202,-0.004100619326319643,-0.0043866680891661005,-0.00301179050700359,-0.0015178817541945595,-0.0003624744852272895,0.00022868433178318678,5.418538682396965e-05,-0.000834294006071952,-0.0046740441351888215,-0.017701852603105868,213.5366255297355,195.12385992214985,199.4736908716951,206.7767645217571,215.22531420734987,225.04548655441565,235.7897281199302,248.8940463878558,270.94554648058414,355.4607756147911
hm100/microcapm_book_imbalance10_innovation_rolling_alpha_mean_corr_microcapm_price_log_return_3s_capm_residual_zscore_mean,hm100,2428,-0.03844927218648989,-0.9317833373234561,-0.2278639017834244,-1.0,-1.0,-0.8424242424242424,0.3732088176088439,0.6267911823911562,-0.0006489940352192728,5.335312009239336,4.696079188723638,5.37856141090378,4.926551478765304,4.930291825729579,4.914455222339625,3.5815644294937545,2.622205101410844,-1.1237160757524245,-13.41115639118332,-0.004699737568949354,-0.004532810069709802,-0.003049918594997702,-0.0014659628301746824,-0.00035896805028960856,0.0002371782025725933,0.00011195944768351064,-0.0008884321950453096,-0.004823570198760521,-0.018330016293599816,210.2067354489805,192.49340517597844,197.83279123198272,205.84444943775156,215.41576748007176,225.05257116182608,235.4559538211008,249.3038814252849,271.69104880346066,358.50019684586397
hm100/microcapm_book_imbalance10_innovation_rolling_residual_std_mean_corr_microcapm_large_trade_direction_v2_rolling_residual_std_mean,hm100,2428,0.05382425850548538,1.0,0.9999999999999999,1.0,0.9999999999999999,1.0,0.5499219260637375,0.5499219260637375,0.00040295303406885614,-14.28218465129326,-6.900806805350678,-1.6040407366505829,1.8357485008009669,3.1192488705109613,5.392987594153931,6.791657669243019,7.096764503841983,8.18721990142119,9.71723172372228,0.01679104347355164,0.008814182559422812,0.0032271673542426872,0.0006002281226190044,-5.5074312155462227e-05,0.00035425228733957823,0.0017203217291966932,0.0037786901482342646,0.006730953894146475,0.011459540214818884,337.70024519620284,291.9353578736521,264.62187157084054,247.3058469675739,233.78135634351926,222.16207762549587,214.58020492877878,204.73836437433852,196.4418371238877,189.60155713490826
hm100/microcapm_large_trade_direction_v2_capm_abs_residual_mean_corr_microcapm_price_log_return_3s_rolling_alpha_mean,hm100,2428,0.02586909398755605,0.22647450157389767,1.0,-0.8507009154154845,-0.8507009154154845,0.40606060606060607,0.7083675305861987,0.7083675305861987,9.123323235767085e-05,-5.5379025105845505,-1.681195874822201,2.0493364909851053,4.119836957577211,4.620456039697984,4.802737549561814,5.35706038702272,4.336393684700261,2.7839767014523287,-1.5142863836527067,0.012621276036422178,0.005440602147355416,0.001037594529162649,-0.0004894556614106044,-0.00034981748457487506,0.0004551063310278406,0.001600911929239811,0.0023164406420488324,0.0023334081363962545,0.0008117941495308903,287.6022524274442,270.2445865573058,251.3339033130508,238.6104258984309,231.11844150036927,226.8165747962323,225.66494203182953,228.36110000214035,234.39726683286514,242.32429616828296
hm100/microcapm_large_trade_direction_v2_capm_abs_residual_mean_p5,hm100,2428,0.05517939611573011,0.9999999999999998,1.0,1.0,1.0,1.0,0.5417812519622692,0.5417812519622692,0.0005966552889086149,-14.753341142652925,-6.247615394523763,-2.048332208515924,1.000928010925016,4.057044193793778,5.3779992482146985,7.07176203630912,7.72811243890917,8.214767312051645,10.811339717760042,0.015249257029068045,0.009051808372887242,0.004159816063650751,0.001186050579846807,-7.502638476539821e-05,0.00035889210618130515,0.001957518928395095,0.004239638762404606,0.007350294149942803,0.011104491219210302,337.32067860183315,297.06587226957316,268.9453503156611,247.55013692006898,230.3248254880501,216.6062015477172,205.48762156408444,196.23624514748732,188.46767687249266,204.67813027131882
hm100/microcapm_large_trade_direction_v2_capm_residual_mean_corr_microcapm_large_trade_direction_v2_capm_residual_rank_mean,hm100,2428,0.027796436273754895,0.9867482104160563,0.9721187692592375,1.0,0.9721187692592375,0.9878787878787879,0.42021510415521884,0.42021510415521884,0.0002538263251883887,-3.7810289000781037,-3.8633550225217106,-1.4667387119108182,0.6525109326599247,1.9598058264721365,2.8831134682271276,4.138406940030521,5.483085333600019,6.630050811583901,8.47922523045083,0.004344944743191841,0.0036261240164409017,0.002346718563070766,0.001043030031463758,0.00021300335407618416,-9.055764274292282e-05,0.0003003316236932299,0.0015903142935998458,0.004106843073260195,0.010061857892512733,321.0234549226943,267.6557827307798,256.5515921197368,250.1940891936288,243.4029826270005,237.53013701598596,230.64656066235972,222.64544434493862,211.49085308140647,190.31184624970103
hm100/microcapm_large_trade_direction_v2_rolling_alpha_mean_corr_microcapm_large_trade_direction_v2_capm_abs_residual_mean,hm100,2428,0.013188841762958018,-0.504648247254792,-0.5475908765309795,-0.6368664548401253,-0.6368664548401253,0.06666666666666667,0.42323593484623806,0.42323593484623806,-0.0003324761869468397,11.474305078863853,-2.674909985423468,-0.4633839417640879,0.8419313481525688,1.4613472658196045,2.4515085712525866,3.4191155093693766,3.037486412855714,2.481947048416286,-0.9424846776269216,-0.0013160650709011395,0.004354594898185239,0.0019245912843502036,0.0006766775244959521,8.29090067509475e-05,3.9540736537072446e-05,0.0004784070314970379,0.0010799272050112235,0.002094404985872512,0.004106330348105814,275.3594899605564,255.50944055601744,251.80298408512272,248.35467203456025,244.63457107459155,242.41674077750773,240.511881648637,237.34432238817402,234.5419103159543,225.5829641497109
hm100/microcapm_large_trade_direction_v2_rolling_alpha_mean_mean,hm100,2428,0.004420417672653648,-0.5571270504829584,-1.0000000000000002,0.5142761035729403,-1.0000000000000002,-0.06666666666666667,-0.7472746439165426,-0.7472746439165426,-0.00026875568357617074,15.098002826101443,2.993931668425005,0.06848652826696497,-1.5842926148403627,-1.7974126904125165,-1.0340063680569722,-0.006066552146582961,2.026914818254247,3.413690903205826,1.9870337409958392,-0.00683668381285784,-1.3482159317375197e-05,0.0015141462627601477,0.0013676190051492058,0.00046430035422628346,-0.00040853757502939156,-0.0007981968175002626,8.048555202514982e-05,0.002673262075430278,0.006646260471343623,248.38835221954125,240.24051722270647,253.1382743688448,261.2223214794948,263.0666532328653,260.79481574096906,251.9010448526271,238.67991444208516,222.07020858445188,205.3690060358315
hm100/microcapm_large_trade_direction_v2_rolling_beta_mean_mean,hm100,2428,0.05869665849452034,1.0,1.0,1.0,1.0,1.0,0.5260511914952932,0.5260511914952932,0.000253936158364073,-14.46739563405969,-8.521551136969155,-1.1146659721902956,2.0628027407064473,3.8493058785651293,5.85439467934672,6.961361289450774,8.247020771189323,8.65511635967846,9.679642816595097,0.015448030925138145,0.010305893859985241,0.003908358459834307,0.0010482345160933756,3.334595811251634e-05,0.00029982803255641023,0.0017307003124123828,0.004284066279959427,0.007783444281394004,0.013600819710670443,342.35864293232686,299.66424683232475,269.18863610947477,250.52767376252956,236.0339721047706,224.07045112621415,212.00598121015878,200.6193445603312,187.41629467049603,172.16820931859147
hm100/microcapm_large_trade_direction_v2_rolling_corr_market_mean_mean,hm100,2428,0.057427020648594986,1.0000000000000004,1.0000000000000002,1.0,1.0,1.0,0.5287575371423116,0.5287575371423116,0.0002332762321190236,-14.013764793663086,-8.589768525987992,-1.1318122581278451,2.429441206597832,3.8825362603613316,5.8297571466354245,7.061676403308316,8.18059234561069,8.533253085887573,9.022423251931393,0.01511810709499048,0.010248928966376195,0.00393999461293048,0.0009239433958461698,1.0649367459355991e-05,0.0002993380871505193,0.0017114481007577422,0.0041876090223873525,0.007581869369629527,0.013171856398948177,340.49301141491304,298.27980233143273,268.9621777563952,250.56294505210585,236.5041215287501,224.67496032221445,213.84628582795307,202.20066447219486,189.35446249785568,170.70526288388177
hm100/microcapm_large_trade_direction_v2_rolling_residual_std_mean_corr_microcapm_price_log_return_3s_rolling_residual_std_mean,hm100,2428,0.0584843357051309,1.0000000000000002,1.0,1.0,1.0,1.0,0.5506743380572611,0.5506743380572611,0.00047520423107991775,-13.074293378857837,-7.9159319782367445,-2.268737757340602,1.835752698289104,3.5066022018627208,5.672114094038551,6.895717282162955,7.620170942317551,8.116312102960322,8.968131732589407,0.018352570881420626,0.009411422757751597,0.0035925240111766197,0.0006448421339601609,-5.721970855928083e-05,0.00038878075361423235,0.0018964741717740574,0.00413891109068124,0.007313695254370964,0.012327130127860903,333.96953701880534,299.0139588418929,271.36983748598726,250.56176198484752,235.1823702779545,222.99300011246385,212.58791368498495,201.85574297261022,189.7016371765507,176.63050997522618
hm100/microcapm_large_trade_direction_v2_rolling_residual_std_mean_lz_complexity,hm100,2399,0.04748727414971909,0.692283880299734,0.5643760522388727,1.0,0.5643760522388727,0.9878787878787879,0.4788614117758486,0.4788614117758486,1.614342583028689e-05,-5.73320281803628,-9.35677851921078,-1.2949544707467986,2.05741192725492,3.6559015217415225,6.03910879148499,7.755772576461664,9.21738531999784,10.019490205230278,10.571065215841076,0.0070026677870484375,0.009835108199917167,0.00430862413948282,0.0013958035169504585,0.00018988903363840385,0.00010868961432871384,0.001243184321541004,0.003794872760796734,0.007565206862275386,0.012027084487909739,306.13129313639456,306.604160131823,269.92089794024827,250.90211974524306,237.94021779908795,228.8350602249129,218.8396345485029,207.8138437088403,196.68150675309454,186.022540534557
hm100/microcapm_microprice_pressure_bps_capm_abs_residual_mean_corr_microcapm_order_gap_magnitude_rolling_residual_std_mean,hm100,2428,-0.02539497846212451,-0.46747469050337725,-1.0,-0.019664482972376697,-1.0,-0.9272727272727272,0.6269772447470446,0.37302275525295525,-2.496587139920098e-05,7.619739862341877,5.9657829344720446,5.164900910757701,3.7947317397134612,2.3360364337089057,0.7390813171114166,-0.8709421195694216,-2.5574091777652663,-3.4325274120606193,0.5781802948789028,-0.009750424143587134,-0.0041232817621682126,-0.0017899946151367346,-0.00034454813769000905,0.00010182806525130826,-0.00028752814437047077,-0.0013873528390418123,-0.003120391042073238,-0.0048014477191116465,0.0001331277472026506,191.77452661649747,210.55635664797487,224.45816079145135,236.35109681525026,245.12026006748255,256.22420695142046,264.89294689101473,272.45549557599026,278.551824809204,253.30671201412503
hm100/microcapm_microprice_pressure_bps_capm_abs_residual_mean_kurt,hm100,2428,-0.04279112422866301,-0.7723900201360432,1.0,-1.0,-1.0,-0.5393939393939394,0.36528537035764735,0.6347146296423527,-0.0006249247201257743,3.905397382798406,5.087778053420334,6.00001940453579,6.505145865123506,6.83238974102679,6.1538294958362485,4.341605091221592,1.726371140696965,-2.7461807398933913,-15.959985390499504,-0.004906375913456221,-0.004601282837279469,-0.0034742132264735763,-0.0018915264832767421,-0.0005292973435644701,0.00033022866256743983,7.501709517094568e-06,-0.001985756497842984,-0.006433095417606735,-0.018682382161121596,181.00499815709892,187.32615274598106,195.58079145829382,206.31039820770934,218.57933657901015,229.54797012606303,243.8049436015956,262.3654436974658,287.8884911778275,340.5258205190174
hm100/microcapm_microprice_pressure_bps_rolling_corr_market_mean_median,hm100,2428,0.027886339186044537,0.4996834320098353,0.21051548709648246,1.0,0.21051548709648246,0.9636363636363636,0.4270917493461514,0.4270917493461514,0.00010249748011520969,-0.2672866788310112,-4.107227038745311,-1.993428150475744,-0.06714061970922677,1.7805480844269506,3.1487171045049585,4.322643656706167,5.325407831207134,6.361781599812892,7.402875376616965,0.0023573111035606865,0.005143112560170163,0.002945704789740725,0.0012067889140669494,0.00021333219020342028,-9.34197268127737e-06,0.0005554497047902798,0.0019675727458560656,0.004544914368674654,0.008858997301547728,269.0279704786815,284.50225087651194,276.20710227464804,262.82657677670824,249.36655817325274,236.87344469632026,223.2311577088124,209.49272521199626,195.81838730023168,178.96923631783017
hm100/microcapm_microprice_pressure_bps_rolling_corr_market_mean_p75,hm100,2428,0.04895866353265202,0.9695921076951881,1.0,0.826022112023985,0.826022112023985,0.9878787878787879,0.5333076772453903,0.5333076772453903,0.0004651162774015369,-8.941231056285892,-4.720951625733349,-0.4111589439970082,1.5063598302762917,3.8525726205111215,4.390498402460941,6.007665885178305,6.541251684622107,6.968511739005971,6.722886391693522,0.014006280097493768,0.007668776850958018,0.003194111319573284,0.000986097935511471,6.714844550681224e-06,0.00024103675260925034,0.0015764671387023862,0.003761674364029503,0.0067718927356514086,0.010280495216170742,355.9596321430817,296.4407654578643,267.17359281125545,245.61181725449748,229.0561653331818,213.47872110214897,201.36261741173692,188.44989558970664,176.01331255963888,161.3494576281068
hm100/microcapm_near3_depth_share_rolling_residual_std_mean_corr_microcapm_price_log_return_3s_capm_abs_residual_mean,hm100,2428,-0.03491680121679551,-0.9768479331662347,-0.8865376632136609,-0.9999999999999998,-0.9999999999999998,-0.9878787878787879,0.377219806723819,0.622780193276181,-0.0005802784593026667,6.552636649724201,4.905743865073888,4.40694988092853,4.5817925764800345,3.820370787157002,3.682633438535796,2.4306989807768615,1.2240291388319415,-1.5602614959731274,-8.201529965725545,-0.004483060414328887,-0.004090092511597414,-0.002613151310882114,-0.001411951884033091,-0.0003541603573079817,0.0002304820567797682,-9.333297842741127e-06,-0.0011841792729913397,-0.0048190034401337754,-0.015602072325155338,247.48849470069322,219.23633349662146,218.80040263938434,221.38842242987687,224.69356663945612,231.15487834418212,238.56417269381308,246.7834185584099,260.7729286983922,296.9881487494407
hm100/microcapm_observable_ratio_innovation_capm_abs_residual_mean_lz_complexity,hm100,2420,0.046527215170655764,1.0,0.9999999999999998,1.0,0.9999999999999998,1.0,0.5537328177415661,0.5537328177415661,0.0005302643737645416,-6.616664896816819,-4.401471892739415,-0.9169893086455835,1.9570269642843392,3.2210889379965066,3.8916853848205086,4.645159520922176,6.136813037031469,6.4080555605181315,12.955156855406562,0.015720982643510416,0.006869566997171078,0.0025583619106017887,0.0004093379950928909,-8.822837409345093e-05,0.0002615879632973021,0.0013557582164301048,0.0033512277136279493,0.0055495405005029,0.010008815230750192,334.2845169233349,272.89248959970195,255.6890542646157,243.09249970271122,234.03699968249535,225.19788060957868,217.41012957992058,210.75995954448618,202.31761251086053,222.63576108847113
hm100/microcapm_observable_ratio_innovation_capm_residual_rank_mean_corr_microcapm_book_imbalance10_innovation_capm_residual_rank_mean,hm100,2421,-0.03255297182280143,-0.5820146738582451,0.13656098145678272,-1.0,-1.0,-0.8787878787878788,0.4393514106097845,0.5606485893902157,-0.0002826253696294921,3.505938664306701,7.714302944825053,6.73142550309188,5.339186123669466,4.517232146753434,3.0874716536084232,1.6808148183016973,-0.3539468229279992,-3.3592846012415443,-8.213753923044631,-0.005642780386193953,-0.0048050159519273895,-0.00255041738456817,-0.000968631558663869,-0.00021117695371416356,4.659036595648061e-05,-0.00040504157427932063,-0.0017022817501125612,-0.0046953054084250935,-0.011336285851243903,213.95019069943854,219.33792002378001,226.66023990444032,231.92857763190563,235.90696880823938,240.5650100739995,245.04161877906273,251.10162877024274,259.0641336827858,277.77287062159184
hm100/microcapm_observable_ratio_innovation_capm_residual_rank_mean_lz_complexity,hm100,2420,-0.027634446676856623,-0.4152366616178321,-0.9999999999999998,0.8134520211766927,-0.9999999999999998,-0.6484848484848484,0.6306674711631112,0.3693325288368887,-0.00016286869406308875,13.595320501661288,5.554087262204253,4.100924809143093,2.1099797651836787,0.9274853809263517,-0.6273169589295502,-0.7742331415414779,-1.2586797317454652,-1.0911586742621966,4.878862490264893,-0.010023755048868427,-0.005388315073827861,-0.0019526905783777454,-0.0001616090440459547,0.00020093912985139032,-0.0004093906723784854,-0.0013593828511850926,-0.0025038034043516556,-0.003494191163686803,-0.002379379275922891,231.84121933335507,201.95048563510036,219.196386384261,234.05121715522864,246.65303938451544,253.94607529515906,257.65498170660214,258.13475439186436,255.4728865349472,271.5155034419616
hm100/microcapm_observable_ratio_level_capm_cooks_distance_mean_corr_microcapm_price_log_return_3s_rolling_alpha_mean,hm100,2421,-0.017989707953762382,-1.0,-1.0,-1.0,-1.0,-1.0,0.41737038644798086,0.5826296135520193,-0.0002535970741008282,4.082481702083325,3.836953526322412,3.2666513938707684,3.012981670845856,2.319018986382923,1.957649189829899,1.6965889195826738,1.498748347911224,0.07129594036104642,-1.077568106782028,-0.003439278556175329,-0.002164341518912907,-0.0011416368665261572,-0.0005327187265936123,-0.00012455178372057914,5.956756965899366e-05,-4.5487410740266004e-05,-0.000528434654879745,-0.002211824481109258,-0.007607404450662705,231.8635506763644,232.46518951311455,236.7000328543831,239.15459798171398,240.62515387781542,241.91647184593657,242.6808704136636,244.22988548281688,247.20286432834246,262.1393187236731
hm100/microcapm_order_gap_signed_vw_capm_abs_residual_mean_corr_microcapm_price_log_return_3s_capm_abs_residual_mean,hm100,2428,-0.01938712152695676,-0.24639955725762697,-1.0000000000000002,0.28231347120035016,-1.0000000000000002,-0.6606060606060606,0.6055562049521906,0.3944437950478093,-8.355841960649296e-05,6.585603609483857,4.325836997124229,2.9342564164259017,2.084893195801493,1.8797867102345915,0.9261596029279129,0.40460001121948486,-1.0517562527093127,-1.968514653940907,3.2034924067572645,-0.00781945410860606,-0.0028442452075491402,-0.0009055633670301691,-0.00016295476749288374,4.282503333606519e-05,-0.0001615004727252429,-0.0007570728907397703,-0.0021280266312775947,-0.003846114719998467,-0.0007214559752670755,209.14439026017752,226.99103922894145,233.47004353605362,238.78692405250462,243.59946133947696,247.70111208764396,254.24982026692618,259.2039607672911,265.3499828693355,264.31697439635303
hm100/microcapm_order_gap_signed_vw_rolling_beta_mean_corr_microcapm_order_gap_magnitude_rolling_beta_mean,hm100,2428,0.03009996539178485,1.0,1.0,1.0,1.0,1.0,0.5160145253387401,0.5160145253387401,0.00027755095451582613,-2.1421235453350587,-1.7474991224656935,0.08849017992997658,1.5087132110331583,2.7167649869968646,3.8310801218930703,4.5726372444479395,5.117983108692993,5.655588089600111,6.772715877426331,0.007522484781021016,0.00494856501299604,0.002203505169412724,0.0006933374154030502,2.0906651469696358e-05,0.00014433074560200805,0.0008700806229847726,0.0021275822977037304,0.003865545792771212,0.007426075947904699,295.69334464621903,279.27602614178335,265.45221889630534,255.46294215316217,246.77424857700842,239.19862352693485,232.1792989953955,225.63041168207045,218.7930859305795,209.436946318935
hm100/microcapm_order_gap_signed_vw_rolling_beta_mean_p25,hm100,2428,0.044210017440171445,0.3022690737112597,0.04945832478015058,1.0,0.04945832478015058,0.9272727272727272,0.4108155258753011,0.4108155258753011,0.00013788412312969997,1.8156335995518662,-5.893805871426257,-3.8475800735486243,-0.7122726953998102,2.617904496596667,3.962486291687616,5.910074754926472,6.643098733514697,7.500772042793155,8.49535794578567,0.0024822900835401555,0.0078208417280079,0.005154328354201244,0.002261818383681229,0.00038623807565636,-7.256394443868801e-05,0.0009066609342581636,0.0033868764212105383,0.007687387503705377,0.01405825577721948,275.8585186387237,299.882774533199,292.11107767670825,278.12807679603014,260.6214552667914,242.03620985705862,223.45485078855734,201.862381092952,179.39289770931077,161.43436158060516
hm100/microcapm_order_gap_signed_vw_rolling_corr_market_mean_cv,hm100,2428,-0.0486966327080102,-1.0,-1.0,-1.0,-1.0,-1.0,0.4945628526963688,0.5054371473036312,-0.0005006212691067641,9.867434407720319,7.159621384994119,6.304697791769183,5.722284591608038,4.696220115315915,2.5585599866251942,1.6482605466311147,-1.6958428987160168,-4.407571707370155,-5.5049787523845675,-0.012715389294029798,-0.006421804449081354,-0.0032246388474815313,-0.001279000508187898,-0.00019512380703035323,-0.00011589166031642889,-0.00099305094452679,-0.0036739559169800874,-0.007636074344729911,-0.011941081666539346,182.7100976527756,194.93780427115314,207.03387379373967,217.5295283218513,227.5201376251132,238.1681229032777,251.02573376414963,267.6598586768176,293.2610438052545,348.2085617170829
hm100/microcapm_order_gap_signed_vw_rolling_corr_market_mean_mean,hm100,2428,0.042633542789106964,0.4935577896659559,0.26360148401757955,1.0,0.26360148401757955,0.9636363636363636,0.471304460036098,0.471304460036098,0.00010433166769604578,-0.3555868910741222,-4.69697335156836,-1.5563027731391632,0.8399650893705404,2.7525017018350666,3.8055671573249508,5.204822062204407,5.851849417784999,6.5416090097849695,8.106287185788172,0.007218118642339059,0.00752588983003888,0.0037674945763068904,0.0013629868889055818,0.00016971694574738117,6.532795769938728e-05,0.0010566225985087115,0.002978746313835469,0.006337864260410351,0.012046443107619218,330.86298050576073,298.7698487565415,275.17784553601734,257.49307613230184,244.12993639737851,230.33799901350554,218.613439834161,205.6945552606943,190.69143612099458,175.32924395474578
hm100/microcapm_price_log_return_3s_capm_residual_mean_mean,hm100,2428,-0.025669856311557153,0.4217175956256114,1.0,-0.7616349933943595,-0.7616349933943595,-0.1393939393939394,0.1127662787564695,0.8872337212435305,0.00044569743408123276,-9.748365256109523,3.5399616530287608,4.855159093022896,5.4316211327627215,5.658707548613319,5.682114479975277,4.61816029830677,2.8815440272986623,-0.9597678048964514,-0.06106159126884601,0.006761337317577025,-0.003114219156447307,-0.003471208847254088,-0.002346062299966823,-0.0007748008274690296,0.0006767175842488491,0.0011225375797212795,-0.0003179077193394774,-0.006121217892238759,-0.01853072948447009,287.1677951249545,223.37277026206675,208.8012417461194,202.8114572180363,200.59353537945486,202.72343241888106,208.96578385279528,221.55193481541946,245.9727499111688,350.75020950851285
hm100/microcapm_price_log_return_3s_capm_residual_mean_period_diff,hm100,2426,-0.02034160599705319,-0.48670931878822077,0.7744664573133695,-1.0,-1.0,-0.6242424242424243,-0.04850329678143709,1.0485032967814367,-0.0002757565727611451,-1.5378889647989025,6.247215700793685,7.321603473266344,6.825613372190494,6.19556769629961,4.80916840142376,3.6122492163906514,1.4087121494389583,-2.180436738424298,-18.339275341657896,0.009392759529614245,-0.0018583532537575934,-0.0034186303145359734,-0.0023534583452813934,-0.0007890577662412209,0.0006676811639622184,0.0013964101537387262,0.0006654644157101438,-0.003329353341398609,-0.020439311666102564,315.22293784790355,237.84759450058988,217.32773009813948,207.0761222413885,201.43632754477534,200.9615890556167,204.35416435639502,211.76928687722872,229.39842426225965,295.7299817234051
hm100/microcapm_price_log_return_3s_capm_residual_mean_period_ratio,hm100,2426,-0.038470596960319535,-0.9201902389383374,-0.7160832887153004,-1.0,-1.0,-0.9878787878787879,0.4991946771547615,0.5008053228452384,-0.0003797381475591581,6.620010098869296,7.226227481271214,6.582214448416249,5.168037717912987,3.5620559904093176,0.6618879857633262,-1.225066873849129,-2.143947750705723,-4.724467504426679,-7.359115024184287,-0.008174114276272378,-0.006171885228838504,-0.0033748910791420663,-0.0012076767086210043,-8.61866747095689e-05,-0.00024109119109129204,-0.0011567642637696142,-0.0022586518785561093,-0.005181780132790083,-0.010237817378969755,230.0626414763215,228.88573273406374,232.14538665115046,235.82420822769967,240.32100000741715,241.40761259214085,236.62965962858738,234.30156242893491,234.6819020788903,245.86555535188035
hm100/microcapm_price_log_return_3s_capm_residual_mean_trend,hm100,2427,-0.020643922207119983,-0.4454578921477416,1.0,-1.0,-1.0,-0.7575757575757576,0.135959353379611,0.8640406466203889,-0.0001233375006462471,4.748140829880379,5.842832476889962,6.266260716141089,6.276825973374354,12.709908718712793,4.000499615145809,1.6192280672229293,-0.46777442854705986,-4.535998331847683,-8.043069400357933,0.0033385790263027763,-0.0013098949693627594,-0.0022426974584183745,-0.0017935327713783466,-0.0007824192548070085,0.00045283773324824824,0.0005400775889981852,-0.0006428238716695257,-0.004475006610039436,-0.013605704119347565,296.0601181680788,249.5632377417497,231.43166160429973,220.16500325991595,243.35923746246831,215.726804378405,216.47018625965745,224.97139591039704,237.58707794075764,285.89972261048604
hm100/microcapm_price_log_return_3s_capm_residual_zscore_mean_corr_microcapm_price_log_return_3s_capm_abs_residual_mean,hm100,2428,-0.01867487918417016,0.6688709961516592,0.9038596790708092,0.6676334807405689,0.6676334807405689,0.21212121212121213,0.3823034846735522,0.6176965153264479,0.00010714867243913997,-3.4793295974887983,1.6219090539212677,2.9748577896271886,3.523042232150278,3.169439347248807,2.1399087037271234,2.3062356608187016,0.9595762632873733,0.9073621337262775,7.759817737221333,-0.0008519757190568893,-0.002509104160988199,-0.0022604178643932334,-0.0012976571448207303,-0.00026127980955841065,3.1041192185665714e-05,-0.0002968783995590399,-0.0017043754286201016,-0.0038258377342548096,-0.005805542787543549,244.72008727532585,227.3715300753915,217.672844624624,215.6881751984778,221.2890405995414,232.01091133889688,242.3140337570923,251.36347499225818,261.0989092555042,288.7828900226661
hm100/microcapm_price_log_return_3s_capm_residual_zscore_mean_mean,hm100,2428,-0.025497250957326478,0.4207685738224641,0.9682665492851933,-0.834471792298605,-0.834471792298605,-0.18787878787878787,0.13345824567239553,0.8665417543276046,0.0004227391804359699,-8.917925928584983,3.4618488497902673,4.598327577990191,5.5748791844715635,5.341218394503102,5.2765984530275585,4.511269736169751,2.62064689584358,-0.5479400687168465,-0.022379835935055954,0.0058207418677198655,-0.0030059146561092153,-0.0032728627349265177,-0.0022847048530646235,-0.0007164960352510824,0.0006135988220248821,0.0011073340911330932,-0.000356041691246205,-0.005698107583019211,-0.018127537365023462,287.63521576978854,224.9959221718395,210.7202288801233,204.37254123178002,202.47049798328314,204.06361564031232,209.33404471532273,220.9838022563159,244.35374348674,347.3600393710496
hm100/microcapm_price_log_return_3s_capm_residual_zscore_mean_period_diff,hm100,2426,-0.0218819791115214,-0.5028632312347723,0.7630046226505234,-1.0,-1.0,-0.6121212121212121,0.00904398725443759,0.9909560127455622,-0.00039574507275160007,-1.3024360258523875,6.545124221877233,6.90164993103754,6.919557784903338,5.8143000330458285,4.958771468147756,3.1593679712980784,1.4367487175916585,-2.134869753341479,-17.935840089438976,0.008515614720997787,-0.0023324236147513992,-0.0033112778997510315,-0.002324414357915028,-0.0007418200753728258,0.0006508936119767313,0.0012679073545851958,0.0005085456615591801,-0.00336986505210305,-0.020349394387995386,312.84116449937136,236.93909876547744,217.0025156323841,207.87613429196549,203.27902577855716,202.2844615929855,205.78940211441494,212.8579437504518,229.6259302411535,295.803552844781
hm100/microcapm_price_log_return_3s_rolling_alpha_mean_corr_microcapm_price_log_return_3s_capm_residual_zscore_mean,hm100,2428,-0.04846473069083633,-0.9994593650426624,-0.9936670002263239,-1.0,-1.0,-0.9878787878787879,0.422132333836085,0.5778676661639152,-0.0006405548213331467,6.605157489778838,6.4876503873183875,6.492655042943996,6.0564620215572935,5.034665994315522,4.06199528631988,2.5326897137027258,0.3777797877082364,-3.8967823457574378,-11.898825154853725,-0.008403659322979937,-0.006034747147688535,-0.003713699438861626,-0.0016918637770975775,-0.0003441612869530537,0.00013295267321158377,-0.00037907098961681163,-0.002232513168248784,-0.006733316322452061,-0.01842409708881632,183.25123666245958,189.22377692123214,201.07766693176544,212.79628142897238,223.82865948940997,235.85812521750162,246.5218741274318,260.74761498015164,280.9924958878326,332.9553132562272
hm100/microcapm_price_log_return_3s_rolling_alpha_mean_p95,hm100,2428,-0.06000559361593123,-0.5629102018282292,0.8934122004555505,-1.0,-1.0,-0.503030303030303,0.40361876809884784,0.5963812319011521,-0.0004913413572993584,1.3745316364158706,5.210836154620582,5.969082512572408,6.243656053297778,5.969553426738846,5.41220435503644,4.1003318409125535,1.746965982023892,-2.987933103364029,-11.166963588126622,-0.009020426662298978,-0.007549538095802093,-0.004624221237650949,-0.0022750921915224926,-0.0005517909936785323,0.0002678284924386328,-0.0002422793121005224,-0.0029479887260510794,-0.009363347460853272,-0.023207396071112524,162.6426887057436,174.4936931102334,185.37036154095472,196.0944310788833,206.662968905152,220.02481233583418,234.57159040922357,255.31809585687125,286.8577347020091,393.4888868577596
hm100/microcapm_spread_bps_capm_cooks_distance_mean_corr_microcapm_price_log_return_3s_rolling_alpha_mean,hm100,2428,-0.013837789044373845,-0.23527925250416798,-0.07677685741515917,-0.040176031159714014,-0.07677685741515917,-0.8787878787878788,0.4773660203011549,0.5226339796988451,-0.00014513085101904778,2.892251063381513,4.00536606926165,3.520940413270798,3.15253618086229,2.707113867071944,1.5973448320854702,1.5292379856895497,0.3539100168592377,0.6005310754971708,1.5012913288608187,-0.0027481931773907595,-0.002118820364779097,-0.0011160936835463374,-0.00048553372735897867,-6.776879603062719e-05,-4.956626614628359e-05,-0.0002959926844415963,-0.0010798716049716937,-0.0019165663423294794,-0.003814251546359983,230.9003130358875,233.3891316428162,237.24541463336232,238.95693534711612,241.4534211051129,243.5680823627327,245.26440469111483,246.30858090228537,246.1123748747064,254.57602318472195
hm100/microcapm_spread_bps_capm_cooks_distance_mean_cv,hm100,2428,-0.00846320470187909,-0.30483350316684044,1.0,-0.9905947330829197,-0.9905947330829197,0.12727272727272726,-0.030929549125165913,1.0309295491251658,-0.00046275811480439246,-1.2831527429744738,0.4911200623657866,2.0761100608014953,4.167367470418066,5.436636326984063,5.608586767506405,5.670253672810553,5.05102367572111,2.034876955766031,-7.381350070729889,0.0008985625732447618,0.00038670634188620593,-0.00016184346381760404,-0.0006014719830083593,-0.00027450326256681177,0.000319984743440012,0.0009122238986771738,0.0011122402044625064,-0.0006860240254566034,-0.009906321613935976,206.17342415041153,225.9531125918141,231.45323726531484,234.17636984578812,235.83676833274316,236.51799074629758,239.99208199050491,244.6595471600679,255.63999080860566,292.73307202436536
hm100/microcapm_spread_bps_capm_leverage_mean_corr_microcapm_price_log_return_3s_capm_abs_residual_mean,hm100,2428,-0.00890361050671061,-0.5639267245809022,0.9999999999999998,-1.0000000000000002,-1.0000000000000002,-0.4303030303030303,-0.01191563322910144,1.0119156332291015,-0.00031159781544341455,1.5391854818465944,3.115463180369829,3.7344227965860077,4.0075024870893285,4.037407972159106,3.6377339898443686,3.3145443614333536,2.156804609575264,1.2330941436649834,-4.922180098891218,0.002799914781330014,-0.0004399368530472809,-0.0010733104900981392,-0.0008921082234136378,-0.0002921799428420309,0.00027346961888911577,0.0006664712567194938,0.0005022652641791702,-0.0008188730458363813,-0.009317725057147543,253.67755398255548,237.21882375524956,231.0117547420304,228.32887113729385,228.31282815300898,228.76793872614905,231.58446945503252,236.92108280586433,248.04354614856726,289.0933047710447
hm100/microcapm_spread_bps_capm_residual_mean_autocorr1,hm100,2428,0.04659757448894306,1.0,1.0,1.0,1.0,1.0,0.5390209689544657,0.5390209689544657,0.0005431515671634609,-5.720374272331767,-3.6863078633924156,-1.4886414334135898,0.48071500748689205,2.1180845444432452,3.729270094489051,5.151463589025339,6.404421718813417,7.314157620256203,7.5732055122557735,0.014514940951566548,0.006763889898302439,0.0028299698134361378,0.0007069375084727879,8.561496158476902e-06,0.0002499264320395149,0.0013742485448171998,0.0034481997255467536,0.006266882965417833,0.009890865586021898,321.52611552075786,280.23874562101173,259.27159435662156,244.97567920921023,234.23083461022497,225.35773509181368,217.3798270911777,208.63551419582424,198.47327587912304,182.85726321095612
hm100/microcapm_spread_bps_capm_residual_mean_corr_microcapm_microprice_pressure_bps_capm_abs_residual_mean,hm100,2428,-0.02725472310417671,-0.8362829100404846,-0.3713827399628918,-0.9352020821746063,-0.9352020821746063,-0.3575757575757576,0.39390625619443154,0.6060937438055685,-0.0005530520670219605,3.953595289781745,3.2179965830347097,2.741170476678955,3.1027483672963143,3.2969242730511494,3.479531879234877,3.5432603775128646,3.858596897736192,2.1333323125771635,-7.462251637242834,-0.00543931037010956,-0.0027428932142044673,-0.001485639214196306,-0.0006793594918146356,-0.00017075298205592297,0.00015589612246474132,0.000337595837410342,-0.0001867320507909563,-0.002830193888551347,-0.013660281785306587,175.06336872639247,191.56796596142982,201.38072351785425,213.1458860776423,222.69123831834855,228.46228146512146,235.01350682352953,247.17132244786097,270.93612012701834,360.5686524826617
hm100/microcapm_spread_bps_capm_residual_mean_max_range_product,hm100,2427,-0.00913432689565074,-0.7638773108202549,-0.7792932737540902,-0.6545638792564961,-0.7792932737540902,-0.01818181818181818,0.424795836149203,0.5752041638507969,-0.0005182344085527999,15.06213524296228,0.4238164884436151,0.702863148704826,1.3236375729974796,2.2395797792457994,1.8823860479918368,2.1429798816126473,2.362843141210073,2.416430184653627,-0.14152506492325032,-0.003966193139523004,0.0003050670931383348,0.00018161832268912256,-9.554369854924432e-05,-8.502879015083705e-05,6.836683928042926e-05,0.0001495836946609604,2.662079869180798e-05,-0.0007425425833832291,-0.004458041023952262,289.1973732680586,234.5008720864124,234.58337175188467,234.14555745916647,235.16421325727123,234.46630379808516,235.83668022042426,239.1449501739576,244.48403058382078,260.1707323387352
hm100/microcapm_spread_bps_capm_residual_zscore_mean_corr_microcapm_spread_bps_capm_residual_rank_mean,hm100,2428,0.016922789645694415,1.0000000000000002,1.0,1.0000000000000002,1.0,1.0,0.44994698616853585,0.44994698616853585,0.0003198377427866346,-2.3229876387031827,0.4631986447455847,1.3244326470178998,1.5433542272057592,1.883300529419282,2.1105307977263124,2.990001578653406,3.766993455937953,4.722720824478662,5.404097729879311,0.004899254714880275,0.0014538983005285655,0.0005981190679217939,0.0004016265840349809,0.00011754950284890624,-7.419650449844255e-05,0.00012148748213479012,0.0007965107625766252,0.0024281964934355156,0.0058605054990447936,274.619375329533,255.42198178330167,252.26242642578362,249.11795189518622,245.99104541403003,241.06966003094809,235.97423659444294,228.5603620071861,218.19751563013375,199.54850571702806
hm100/microcapm_spread_bps_capm_residual_zscore_mean_entropy_1d,hm100,2427,0.025041353868620712,0.506004208348541,0.1865617885785455,1.0,0.1865617885785455,0.9636363636363636,0.5820942254764636,0.5820942254764636,0.000272498751402941,1.0208159256154206,-2.018910024733957,-0.09531256933543199,1.4038563949479843,2.4151362369143388,3.3283076715426723,3.7333456951353856,5.193346495875304,6.20893747215059,7.248051659592188,0.01008331119399118,0.0036800799949958077,0.0009226598421559282,-0.00011782719792544358,-0.00015041629782183217,0.00018554775551724956,0.0005837871819316673,0.0012964495899155362,0.0025804845294141844,0.005704778525043525,300.36499934992383,246.70836984457162,237.47961000840408,233.47213636729745,234.3520779550224,239.0276026176859,242.13903169489362,241.7230740244196,236.52172353711285,222.4548829036867
hm100/microcapm_spread_bps_capm_residual_zscore_mean_skew,hm100,2428,-0.026708880323577683,-0.9309746496775216,-0.7528838787400061,-1.0,-1.0,-0.9878787878787879,0.4626859581444702,0.5373140418555298,-0.0004976576365616533,6.555899334523858,7.076254883226684,6.151713617288188,5.1121754314144505,3.385185082181854,2.0971948925894406,0.8404362372726559,-0.4085328713550053,-1.4781372265170072,-7.480619781949511,-0.005784475418954925,-0.0037245030971723323,-0.0018398380998316517,-0.0007262104454214522,-5.253762169972472e-05,-3.8636028798374466e-05,-0.0003511345884821324,-0.0009452657341831403,-0.002438842957173467,-0.01030977869529883,214.48589006273764,228.18761363691212,234.19649124915776,240.3336975696678,246.93574617450443,250.18069151248181,248.41428046409277,244.12960008695742,242.89687171645136,257.47877408680404
hm101/ask_buy_chg_vs_mkt_tot_p95,hm101,2421,0.02951137168475001,0.6675282876355595,0.48057661434801013,1.0,0.48057661434801013,0.9878787878787879,0.4722615801712665,0.4722615801712665,-2.2859012435469964e-05,-2.547901737474401,-4.946588618545243,-1.7807019753014754,1.265677818144523,1.8906847876165194,3.4465730901829597,4.5196100756340325,5.93521374992303,6.225052884796462,7.084143857670524,0.0042107075157147515,0.005758910806295615,0.002885303202187093,0.0009423620304490627,0.0001505989035490176,7.27602209786536e-05,0.0007969798440345741,0.002456795812508447,0.004482681988947609,0.007777130372520646,310.746009914968,287.6048160285382,264.7151168469526,249.00981190891287,236.32602993213456,225.43074436842315,216.61833981502136,207.7919991893523,198.85147126471273,190.70365818778592
hm101/ask_obs_drop_vs_mkt_drop_mean,hm101,2421,0.03778899379256054,1.0000000000000002,1.0,1.0,1.0,1.0,0.5301348163713523,0.5301348163713523,0.0002636936186843411,-8.836385925839844,-6.15307620052076,-3.789646011144081,-0.6598203660251086,2.2583681503012736,4.43686875556843,5.8850423708219015,7.141946976829949,8.194726329467573,12.62879706326266,0.009031447823649586,0.006537118743087465,0.0033304104292876694,0.0009890428543573215,5.448266575737833e-06,0.000283230753487608,0.001372898695389208,0.003017213340146457,0.004940653329847226,0.00801783593804801,252.20561938170673,269.83284906564234,269.4961269730372,260.7073633472288,247.23566220197475,231.30247073561026,220.4252495020701,214.31486076055887,211.0513549963277,227.8563486406783
hm101/ask_obs_drop_vs_mkt_drop_median,hm101,2421,0.03674011472672255,1.0,1.0,1.0,1.0,1.0,0.523067474575714,0.523067474575714,0.0003032649310203466,-9.062060724355538,-6.189519178939623,-3.3359151520520287,-0.7136259369391147,2.161117061344787,4.5186066704004535,6.187737266824522,6.977803913948558,8.502413422999194,12.059991026429454,0.008482436682070915,0.006142015498148803,0.003280937169502537,0.0011297044876821165,2.3837166728210972e-05,0.00025467923442085383,0.001409787832663202,0.002866989350610618,0.0048341437129777575,0.008012318660897204,250.40843988593238,268.81279103603373,270.844606890462,264.15402001232707,249.8161244692287,233.60842232781798,221.08380465842225,214.335323255157,211.4829022238903,219.0517601684867
hm101/ask_obs_drop_vs_mkt_drop_p25,hm101,2421,0.03193154768941774,0.9245297730360248,0.777642811477788,1.0,0.777642811477788,0.9636363636363636,0.45535299064668266,0.45535299064668266,0.00016890144309273067,-4.611235935093892,-5.352661244002611,-4.8907633645635755,-2.53576810571322,0.5746909562507432,3.3510939503503216,5.295758502947911,7.053101846291652,8.662666681431432,13.554067129271981,0.004264412839069192,0.004899742599594474,0.0034947892116932917,0.0015613115697995777,0.00024295973896020127,7.154332432651577e-05,0.0010689157995735902,0.0028837829465529364,0.005004890906938086,0.008270297309817176,237.66449838352565,256.5356410203136,264.07328929295994,264.31224570807063,257.1624939543003,243.04003813105174,226.97792394453666,216.62392571341266,213.93369583423393,227.78731049568083
hm101/ask_obs_pre_rank_autocorr1_abs,hm101,2421,-0.02509769928458998,-1.0,-1.0,-1.0,-1.0,-1.0,0.5010162308624176,0.49898376913758236,-0.00021453017624152034,7.6203649526870505,6.41760301379944,5.369333451451678,4.196717736738445,3.52482936125495,1.5792924514623417,0.2481251338812913,-1.3039607561152708,-2.798468407396276,-4.242348067630213,-0.006084794828488265,-0.0037561801811040966,-0.0018612421548453045,-0.0006677070068004244,-9.694742733880003e-05,-8.607605600134425e-05,-0.0006995294095731525,-0.0019688750715438578,-0.0037611062910451994,-0.005900710681608015,219.9568088980121,223.16588760051812,229.81439373116288,236.0744585154078,242.9605880199305,248.07905976740582,253.2332221635146,256.6095233099989,256.78755323064263,248.18384764330102
hm101/ask_post15_buy_vs_event_stk_corr_pre15_ret_vs_event_stk,hm101,2421,-0.015256520170509191,-0.2247437433946021,-1.0,0.5173899063020931,-1.0,-0.6484848484848484,0.7775335918217151,0.2224664081782848,-8.541707298903715e-06,7.897089199522394,5.56619079050579,3.654510596435424,2.4973001327568136,1.28227920325507,0.08323744340130808,-1.1202895389211793,-1.8864382648662346,-1.5404693676176597,4.306482433316332,-0.00828061869077859,-0.003189454212686654,-0.0007578065805380812,0.00015490771695333034,0.0002171563045299421,-0.00033007639386924674,-0.0013386257003000909,-0.002369532843302409,-0.0025570100008637546,0.0032030819376452652,199.39512379617094,218.94981238155972,234.25828197185004,245.44273586037036,253.49529767359257,259.7325092032499,262.05658363376904,260.99251469020226,251.68520426804835,225.59199405556464
hm101/ask_post15_vol_rank_autocorr1,hm101,2421,-0.034544104681049737,-1.0,-1.0,-1.0,-1.0,-1.0,0.46759623874960593,0.532403761250394,-0.000543401886043669,7.736212110676979,6.326091264645161,5.2042975294499225,4.4513888642291874,3.8394914463997916,2.9538305519605963,1.9592466081800954,0.27723193148512115,-2.4559183590284346,-9.682629673648053,-0.008489607064236822,-0.004480374146854324,-0.0020382848192889453,-0.0007807508815861095,-0.00010958382982185619,-3.495759465573874e-06,-0.00042337412407573766,-0.0014586809675669482,-0.003910195209134072,-0.01230635599297569,190.8876237967851,202.5353653433451,214.40193102528406,223.28532114514493,233.3136348040406,241.20248408876006,249.79024706306384,258.791417771402,272.0901932001011,307.61815254532115
hm101/ask_post15_vol_rank_autocorr1_abs,hm101,2421,-0.028628526384634766,-1.0,-1.0,-1.0,-1.0,-1.0,0.4178753061021049,0.5821246938978951,-0.00044372604184580414,6.099535755584209,5.64254920132179,5.068079227942722,4.844129418751746,4.1322113728891035,3.361903046924818,2.3042112210901813,0.2512338740474889,-2.2251715390401103,-8.869150996059819,-0.0050245916675333594,-0.003407111283388635,-0.0021687194657482264,-0.0009715803921691314,-0.00020572926183027085,8.829509180739149e-05,-0.00018203298475719272,-0.0012380526989273037,-0.0036140044804047872,-0.011461273199837389,208.33029246179717,210.05986506758586,214.2702862899743,221.75037638171978,229.92284647477555,237.82651003264812,247.17642421086114,256.394470541322,270.57792004787336,305.3068453194697
hm101/ask_pre15_depth_vs_mkt_mean_max_range_product,hm101,2421,0.03645335990392179,0.4761702274924572,1.0,-0.6051501052948608,-0.6051501052948608,0.6242424242424243,0.6683598925651321,0.6683598925651321,0.00020325342327369105,-10.795097334195049,-4.6810012340661284,0.13603253531181933,3.628972378400595,5.239777045967952,6.3346878146821215,6.716424982824809,7.972973949603703,5.1981918835980565,1.3129869590126197,0.013651397704884794,0.007796935024174786,0.002878693463042,0.00017484241425100254,-0.0002737513334720564,0.0005927396487918185,0.0024579180339629257,0.005316255845906417,0.0034531564472346133,0.00020191923187173636,336.162415112626,283.43020388819247,255.9744518448842,235.71863385012645,219.8117619219164,206.16606069209578,194.3446175013908,187.93055776406842,219.4097327102062,212.74583319686175
hm101/ask_pre15_obs_vs_mkt_mean_p5,hm101,2421,0.05129808613396569,0.9970134235149343,1.0,0.9629401916781855,0.9629401916781855,0.9878787878787879,0.5590838424451865,0.5590838424451865,0.0005379564745584708,-16.437550259647903,-5.752277383352045,0.09174680060667847,2.605521556422641,4.697235453293085,5.885617073377772,7.047556958387371,7.3932516016837395,7.806023716165646,7.769766930358631,0.01634227998071649,0.008236506384493358,0.0031520705250685822,0.0007582800881126795,-0.00010996864539378223,0.0003631005861316992,0.0018089929943064847,0.0038317717028890294,0.006811376904920493,0.009565719138162293,328.5558041676633,294.12947111194535,269.48924040559626,248.72619573044693,232.08763842884727,218.3156758671689,207.05058248459127,195.76221472534024,182.38792356807528,170.44927164722785
hm101/ask_pre15_ret_vs_event_stk_corr_post15_ret_vs_event_stk,hm101,2420,-0.03305330514606606,-0.9755057231696259,-0.695743791673712,-0.9999999999999999,-0.9999999999999999,-0.9878787878787879,0.43791218863316705,0.5620878113668328,-0.00040627269226780553,5.666640227051487,5.347295462809663,5.5522436490590295,4.908226204638305,4.729328683059149,3.699879983420859,2.2401842038015087,0.6172310472082674,-2.4937250181314052,-10.657836712930635,-0.006821876930058783,-0.004047929992336718,-0.0022589899641804944,-0.0009601809887847676,-0.00020755555886006538,6.519296129637266e-05,-0.0003438599636255951,-0.0014253073109902151,-0.004189162561174231,-0.012457362145083754,195.41931476807454,204.67785982048377,214.7049557404025,222.93243428831528,230.731968159089,238.17347332667453,245.59191391479217,254.80919150858165,270.9653761640794,315.992025677319
hm101/ask_pre15_vol_vs_mkt_mean_corr_post15_vol_rank,hm101,2421,-0.024505850960928784,-0.9999999999999998,-1.0,-0.9999999999999999,-1.0,-1.0,0.4611459847256175,0.5388540152743825,-0.00039319990963434777,5.805724942896877,4.943618723926688,4.753569217512433,4.179791582937599,3.17632695363738,2.9600640576040025,2.422721138345127,0.6066247831435708,-2.974865947034955,-5.048410107925653,-0.006154501415839439,-0.0028241752825049504,-0.0015012680916888109,-0.0005831666599903829,-5.6340763370813494e-05,3.584173224731368e-05,-0.00011313295036390011,-0.0009743424970236837,-0.0036414936462370734,-0.008300071476522754,200.46088399014627,213.89008138876446,223.0362642693781,230.46017686672877,236.75379693502774,242.47339519682183,249.4631795648745,257.4441671474154,270.04516723994897,283.23243406224435
hm101/bid_buy_chg_vs_mkt_tot_corr_pre15_ret_vs_event_stk,hm101,2421,-0.026234571507290454,-0.331543125878004,-1.0,0.008310989787112153,-1.0,-0.8787878787878788,0.6405737851268231,0.3594262148731769,-2.3509600085701383e-05,8.790824981828095,7.273019520738674,6.422082005661765,4.906109803240019,3.645191806997317,1.4113633976377504,-0.9049454558216875,-3.599271462862604,-5.785628953879038,1.531994219025072,-0.010155504882067276,-0.004574529967871717,-0.001798944215336426,-0.00034581256814650947,8.467249533028394e-05,-0.00033161257597671143,-0.001514414453205737,-0.00368883851815865,-0.0053019652154210825,0.0014158879936490574,187.68684212941102,208.33705031048638,224.89463007427642,235.66655241755458,248.09041213520808,257.6673741121996,266.58998926883373,275.2379324897924,271.43416357292233,230.95507641009016
hm101/bid_buy_chg_vs_mkt_tot_iqr,hm101,2421,0.02797551261975093,0.210051098907152,-0.14625754070803518,1.0,-0.14625754070803518,0.8181818181818182,0.3653480558826648,0.3653480558826648,3.700471063983463e-08,3.455380721566198,-5.505056843017746,-3.6475621222601866,-0.9048134706506274,1.1687539988238764,2.947169649415317,4.531435702236728,6.031241881411941,7.387458936058533,8.220625041865748,-0.001861238121371589,0.0062005093038629945,0.003927241391968038,0.0016408868953667203,0.00031338615852171564,-0.00010502662453105314,0.00045604238326656034,0.0020549753079492318,0.005148337672292906,0.010200361247714798,251.40316369104562,282.52513662565053,274.96726273666826,264.059260210828,252.1126170520173,242.54249942834372,229.78516866632518,217.53621952782518,201.72956478167615,182.35877101631573
hm101/bid_obs_pre_rank_corr_obs_post_rank,hm101,2421,-0.02216326617347908,-1.0,-1.0,-1.0000000000000002,-1.0000000000000002,-1.0,0.5163504903478331,0.48364950965216696,-0.00020690118285667363,7.399241058708819,6.123695240731327,5.282296286151236,4.525631329732388,3.640002191389322,2.2441990767789877,1.2829372535398242,0.22169048983474618,-2.188997548531312,-4.715904461806436,-0.006389947704352404,-0.0029798049481960884,-0.0014309864529579552,-0.0004714068752812427,-6.503384837617233e-05,-7.557725712321416e-05,-0.0006404859515126514,-0.0015984519793152277,-0.0035836624398899557,-0.004721007533617471,213.0165589208495,227.48864825100225,233.3858959593785,238.62755853667886,242.30265509195272,246.04250282957804,250.58763607299807,255.67770620105384,258.2338553311702,251.5993941547416
hm101/bid_post15_buy_rank_entropy_1d,hm101,2421,-0.06016556898954226,-0.9999999999999998,-1.0,-0.9999999999999999,-1.0,-1.0,0.46165327432024156,0.5383467256797585,-0.0005508739523010901,8.788240760461296,8.340622597469627,7.895366084208197,7.1890511804949435,6.282456004585883,4.163306827471477,1.8752552260139677,-1.522199345022705,-6.948886044180532,-12.41963839785514,-0.01193925126010277,-0.00826066689344668,-0.004796426542523794,-0.00212082113468342,-0.0004041533307884346,-6.908691071435368e-06,-0.0012806069513736577,-0.004594825042042864,-0.009941627766086255,-0.016269407425121982,176.95505663105328,179.39256722078525,188.4708262759411,199.60970986343557,212.2825847997404,228.96135859427673,248.07853443124964,270.4329466321641,300.2475086755185,338.41855999500694
hm101/bid_post15_buy_rank_p25,hm101,2421,-0.04359627550868525,-0.07612658632089256,-0.6334903089118066,0.06205160293491113,-0.6334903089118066,-0.8666666666666667,0.4999570639044842,0.5000429360955158,7.473522467826087e-05,6.508444817637448,7.031721862471436,6.471860296258904,5.585088635138068,4.6995380146870565,2.677775163257621,-0.24824176992982053,-4.224066546032123,-9.063307134343127,4.231278488251902,-0.009962895652178458,-0.006504184005997512,-0.0035951772236219714,-0.0015082819564557616,-0.00026309146573992603,-6.439513083573777e-05,-0.0014632441358475468,-0.004633811688717747,-0.009554475658212144,-0.006121453815756692,171.38336451265693,186.12228673917596,196.95175990142963,207.155999296377,219.73257332980765,233.46657487319047,252.28408173422727,274.37710150111695,302.0138212600326,320.3378109173293
hm101/bid_post15_buy_vs_mkt_tot_p25,hm101,2421,-0.041183712486262604,-0.07090888581746276,-1.0,0.114003562877068,-1.0,-0.8181818181818182,0.5011324607120554,0.4988675392879447,3.817710042596535e-05,6.836952584383264,6.734864054398264,6.238183945319203,5.578571702220125,4.5113972781066805,2.043063952302571,-0.5784202536371561,-3.852990580984231,-8.627369881996298,4.789051235285967,-0.009408286172020573,-0.006058623470219371,-0.003440739970273918,-0.0015019564733305811,-0.000248020877933476,-0.00010303688784075904,-0.00136486047184126,-0.0042623668757400535,-0.009193149333109506,-0.005640849054379122,176.88162463060013,188.63014371511676,198.72145419348473,208.6434417318574,220.30827218586842,234.18269018657526,251.0445368081174,272.79639087480257,299.42995454122183,318.7266290628041
hm101/bid_post15_depth_vs_mkt_mean_trend,hm101,2421,-0.0106735664866698,-0.251841786383593,-1.0000000000000002,1.0,-1.0000000000000002,-0.3090909090909091,0.6842285735892492,0.3157714264107508,-0.00011577968804002814,4.415184936928495,3.592424009346175,2.8264179019023943,1.7923665275568899,0.9871307559743632,1.0025597278303782,1.602068816861757,1.8001286708333206,2.6113447523399134,3.0358935629837522,-0.004919116393465547,-0.0020389249941063837,-0.0005357248545317985,0.00012724206752896738,0.0001425847730889227,-0.00018383790207509426,-0.000487848663700361,-0.0009672699345579152,-0.001015949366725825,-0.000678941530084714,217.43890108086936,231.2047816436133,244.6325789036903,254.09831639344824,257.71829748791896,258.85409700461867,252.96744423041247,246.33421769763052,233.86459732402136,209.7113307874972
hm101/bid_post15_imb_vs_event_stk_corr_post15_ret_vs_event_stk,hm101,2421,-0.020844609088445577,-0.9319166346804955,-1.0,-0.8909158919088395,-1.0,-0.9878787878787879,0.5367857880746028,0.4632142119253973,-0.00022393576504423272,6.686130142405673,5.85734004919695,5.6479244965047535,4.278098900369574,3.7202706564640544,2.7433839297484157,1.43098450634815,-0.01139030904903059,-3.4466115149612606,-3.0895199409447813,-0.006266212608342277,-0.003027170436086358,-0.0013690292222581241,-0.0003933881245345002,-1.3083989309675464e-05,-9.413688653612683e-05,-0.0006526393044958581,-0.0016592532106243028,-0.003477122039129918,-0.0036686375020842173,204.1467142998665,217.7026416614384,228.75173449369686,235.67384400161527,242.4995549583852,248.94511140371944,255.0409475826384,260.65580509518423,264.27557888268564,256.46194310265673
hm101/bid_post15_imb_vs_mkt_mean_corr_post15_ret_vs_event_stk,hm101,2421,-0.02173312241716963,-0.977731476327089,-0.9245253678923826,-1.0,-1.0,-0.9878787878787879,0.5300980207086664,0.46990197929133365,-0.00013693603623944847,6.822440492936317,5.578484547650339,5.696162558657745,4.281991856183596,3.939450450286323,2.804411399228818,1.3404274246239305,0.08842635657312319,-3.22189802054925,-3.5112032746989037,-0.006464352003622622,-0.0030237350914500503,-0.0015511310877499229,-0.00037276290284716775,-3.6114569716762035e-05,-9.027384705954918e-05,-0.0006784688617183307,-0.0017148709084807891,-0.0034992972548327167,-0.00416517985345223,202.52906436220127,216.16270425871883,227.14839432483626,234.99390997307432,241.84312646870765,248.78347305857716,254.95804143468231,261.33934428842633,265.7102058986446,259.59692280528037
hm101/bid_post15_mkt_drop_rate_corr_pre15_buy_rank,hm101,2421,0.0208087549875689,0.4320164787022576,-0.23318000232776728,1.0,-0.23318000232776728,0.8787878787878788,0.36541675637394755,0.36541675637394755,8.958967545352246e-05,1.904803337931098,-1.4307219806464857,-1.0090123104085733,-0.10831966252820137,0.6433852155449035,2.796655726890977,3.5830813506474666,4.560326288207127,5.916753481962167,6.978900908443983,0.0006466135631361531,0.0031667591521309466,0.002350813866998305,0.001112883934968448,0.0002940596658949361,-7.878157393378132e-05,0.00019501760781040378,0.0012175432609658181,0.003732783658860724,0.008081472175283367,244.47526598839843,261.27482173946873,265.078334752831,262.3517111294713,256.8113872096757,249.2119892886967,238.97452612691046,226.8020080893818,210.71348854135564,191.40909040355768
hm101/bid_post15_obs_vs_mkt_mean_p5,hm101,2421,0.04407604127435992,0.6987218962939616,1.0000000000000002,-0.9618426100642494,-0.9618426100642494,0.5878787878787879,0.5600790620422615,0.5600790620422615,0.00042537973916395046,-10.112488874797021,-2.245497484115381,0.81523589333919,3.3925690217620046,5.357921245770492,6.241009021418546,5.942026464022844,5.998633594757779,4.903351262423476,3.387189592677957,0.012979515973412573,0.00722068018752293,0.0034246850819003305,0.0009144251368580177,-9.148480953708013e-05,0.000401962603771428,0.0016842979963293749,0.003661863234127917,0.005790420517929123,0.007664295612881346,346.3914259338129,295.4911938670046,270.7010301749201,249.5757989195251,230.2933778870615,213.55289444953203,201.3396545078383,189.6391869019809,176.0359422774737,157.06820935342114
hm101/bid_post15_other_cnt_corr_pre15_buy_rank,hm101,2421,0.02080632728135698,0.43065926059168963,-0.23464592487575192,1.0,-0.23464592487575192,0.8787878787878788,0.3654909417265107,0.3654909417265107,9.00855090165254e-05,1.9120330488709696,-1.432526196160009,-1.0191266944140913,-0.10724907730318214,0.6407581326539703,2.8057721206724078,3.5896756640121184,4.560360836876365,5.915903751776511,6.971798885993557,0.0006428834749732089,0.00316781697709068,0.002354887121470958,0.0011117730126086697,0.0002942381282632727,-7.814222042678564e-05,0.000196312787326324,0.0012159642336366596,0.0037335260039526976,0.008076982253444762,244.4681261924768,261.2675782790002,265.09633280060496,262.37392900579846,256.79777049835013,249.21841336640014,238.97983412090534,226.79116027894236,210.70660983403707,191.40102742022404
hm101/bid_post15_other_cnt_mean,hm101,2421,0.025849668530581137,0.9168119594714089,0.7036110342197611,1.0,0.7036110342197611,0.9636363636363636,0.46398345174767325,0.46398345174767325,0.0003138814930040158,-0.9163003738038573,-1.3970710872014553,-1.2276834191171764,-0.13786961667435685,1.3663458642958073,2.968417070521868,3.8113363281531614,4.591634589302877,4.936661885427235,9.680807984699381,0.004302755034104453,0.0038482455656162263,0.0024939335951235033,0.0010573702548913374,0.00014587816305301632,7.542760524343303e-05,0.0007003157602123201,0.0018753036816517748,0.0036661150390839893,0.007370442338597091,247.19705941934987,267.62283046353764,271.0830029143724,264.77707704666557,251.8091809572498,237.26058099201057,225.15314721220273,215.62994147339373,205.42166519053342,218.19779433435184
hm101/bid_post15_ret_vs_event_stk_std,hm101,2421,-0.0444258506241638,-0.9352387692148347,-0.4409128989696958,-1.0,-1.0,-0.9393939393939394,0.4242341215519687,0.5757658784480312,-0.0007059091991400932,5.305665568859264,4.914001747328983,4.400826193353605,4.917724230945033,4.490382898927553,4.231233841083499,3.595110883225412,2.138182100843443,-0.5594794371615327,-9.623732116315892,-0.009110857696305402,-0.005034140563534251,-0.0027583040424828233,-0.0013445520545233543,-0.00029963658790261433,0.0001428825877127187,-0.00013719579917972937,-0.0017373670998181469,-0.005606811986690086,-0.017833958182299978,169.08468893372515,187.32996547586595,198.63260424832464,208.9770921005067,217.7429765841573,228.3980832008999,239.45125650881747,254.3218845606725,277.90819065915014,368.4777330738768
hm101/bid_post15_spread_vs_mkt_mean_corr_pre15_divergence,hm101,2421,-0.02917260483430755,-0.7263826399172727,-0.8827409835749626,-0.5553317353700326,-0.8827409835749626,-0.9757575757575757,0.5312518671543462,0.46874813284565375,-0.0002531046930016289,5.483832014801696,5.609995051507282,4.601143608199551,3.878918195081192,3.5842888238780377,1.8664181958733557,1.3748157882611178,-0.02578361007040548,-1.8002623909780835,-0.7519609537803693,-0.008343630831208457,-0.004575622466050741,-0.0018751568795019379,-0.0005324525968083892,-3.667567366964981e-05,-0.00015984732617791849,-0.0008361830537470978,-0.0022083475891879092,-0.004444507493391457,-0.005907076231562409,181.62774603320238,203.28712752593427,219.25919544974573,231.8821292138538,243.21839402663738,251.76082733645538,259.9774803576878,265.84439976881316,270.86773204948315,273.3847413158762
hm101/bid_post15_vol_rank_autocorr1_abs,hm101,2421,-0.047945459083034214,-1.0,-1.0,-1.0,-1.0,-1.0,0.39537557016042674,0.6046244298395733,-0.0007283857809026654,7.717744652516693,7.133826174983641,6.815753004591367,6.349764398284108,5.8455303377818755,4.420303753260581,3.5645592144977156,1.1511478614419157,-3.173401661923651,-16.130925477076552,-0.007587477812420428,-0.005493150734420174,-0.003466548595444817,-0.0016984362950581877,-0.000422863840793309,0.00020015911161488532,6.0494974606620174e-05,-0.0015809570637630027,-0.0060188296838001335,-0.021209463362652982,198.69570130886143,200.33485429857993,206.80946276887852,214.8860674162468,224.52526562673398,233.97969846676344,243.848457190904,257.416479425056,279.19784503959704,326.86025833381314
hm101/bid_post15_vol_rank_lz_complexity,hm101,2421,0.03242036889114188,1.0,0.9999999999999998,1.0,0.9999999999999998,1.0,0.5210899313461385,0.5210899313461385,0.0004440826373239329,-7.573880610991133,-2.0502239205510437,-0.20673313645118324,1.9141584414653248,3.34729473984627,4.30239349927086,4.5320771760342415,5.209946209465242,6.3470993528014406,7.234852113482982,0.01001459891684399,0.004065518712576937,0.002003433365989964,0.0005700793822766184,8.890431018963836e-06,0.00014139395808809515,0.0007143474140524946,0.0019362500955798431,0.0043156060734042155,0.008206167903986844,289.84214945482654,273.21153418580326,262.5703456345512,252.31240393711707,243.0892190976738,234.8854901869174,227.3003713437824,217.47441118788578,205.89077395616803,187.43740984951452
hm101/bid_post15_vol_rank_mean,hm101,2421,-0.05001109919638557,-0.9750268154624904,-0.896078090284326,-1.0,-1.0,-0.9878787878787879,0.4401068969153863,0.5598931030846138,-0.0005777335993108862,7.178231266266467,7.361585065632136,6.989014493835316,5.632519377852709,4.016254685361059,3.105826726103228,1.232173120082973,-1.1040036138875065,-3.6181324565510162,-7.139115472587434,-0.010311894994872218,-0.0061629504726281766,-0.0034749546507381727,-0.0015015562889617322,-0.0003046087298121178,0.00011682738070958464,-0.0004267191268834543,-0.0026002607628267493,-0.007289126069766994,-0.017478121881294807,187.38105381532577,206.33977496070833,214.4845110798093,220.04125613673185,224.84606728202968,231.638802814333,239.35419567120297,251.238239979301,270.9343179718136,331.7647185829313
hm101/bid_post15_vol_vs_event_stk_corr_post15_obs_vs_mkt_mean,hm101,2421,0.022914127928949285,0.8359088038091239,0.8421727596067543,0.7855391831367688,0.7855391831367688,0.9757575757575757,0.4733953692100361,0.4733953692100361,0.0002920447202229692,-1.5288133288093417,0.2838904600147644,1.6115224341100982,2.461006878140743,2.1191810045117347,3.047232732330123,2.6652742517596644,3.433124948436483,3.8992839816848073,5.8453508893716215,0.006569940412398425,0.0026012995544444036,0.001071333747621484,0.0003528087958714722,0.00011380692255935308,8.134449601761642e-06,0.0001683195693745764,0.00099715056090608,0.0028815229002038343,0.007857766295744896,246.2701741854947,244.53027374424292,247.98998056644493,249.07621982734787,250.17280491240476,249.80701972405944,245.86926143671215,240.61296014357956,229.74323435148133,210.87280598835864
hm101/bid_post15_vol_vs_mkt_mean_corr_pre15_divergence,hm101,2421,-0.0476073063949341,-0.9937680465275714,-0.9268014251278627,-1.0,-1.0,-0.9878787878787879,0.37889186828904925,0.6211081317109509,-0.0007259753036468766,7.55127133355362,5.926047648066367,5.625923921433441,5.489276041840637,5.56761058881474,5.334631429107869,5.00620690800237,2.7657034746890643,-2.0375439306012932,-17.4317039298166,-0.008711758746281032,-0.004565906708381302,-0.0026332946757752075,-0.0013939547362936118,-0.0004580402583241678,0.0004054409437244093,0.0005874271627503334,-0.001142993422140209,-0.007102222159197266,-0.021866028491369205,204.096894713477,214.84551058258197,220.0342087499011,220.7984196297712,219.85081746872098,219.28756800158337,227.58913940989834,244.96803264184877,278.36616230994053,331.7983958532668
hm101/bid_post15_vol_vs_mkt_mean_corr_pre15_vol_rank,hm101,2421,-0.03800584004483749,-1.0,-1.0,-1.0,-1.0,-1.0,0.429796036164213,0.570203963835787,-0.00043932399197207407,7.3376839320275336,6.913263465262716,6.164619709910848,5.481996137510554,5.470774133724191,4.337140617668412,3.051787276936574,0.7000314931353524,-4.185792746420852,-11.467041747209288,-0.008128265072978834,-0.0043651939245569395,-0.0023433783389736635,-0.0010383900021689611,-0.00027071235334244124,0.00013205677336128283,-0.00014280171276106926,-0.001622847303158479,-0.005526428456274091,-0.014260555662012233,195.9258918350633,212.8525716766309,222.23894653176353,229.7428109526287,236.03803015826733,241.41075113056297,249.25550067407715,258.9630592594557,272.69070128814906,286.65679394012585
hm101/bid_post15_vol_vs_mkt_mean_mean,hm101,2421,-0.05138461054860759,-0.9818798839014056,-0.9000646314971407,-1.0,-1.0,-0.9878787878787879,0.45352417647522153,0.5464758235247784,-0.000586274886526758,6.892549944273958,6.861595546846647,6.2182426004494715,6.343582461832426,4.6348112109780635,3.656359417471228,1.0773907880529883,-1.048984144077942,-4.2920937710868285,-6.691103479719408,-0.011412837893347778,-0.006527341180594715,-0.0032680953236674244,-0.001558102917473409,-0.00027189603237369095,7.303812890094062e-05,-0.0006327769173696488,-0.0027977811227558797,-0.007536237998089702,-0.016866304405309368,173.3293421035435,196.26193595707232,212.32371565129336,223.08806992154894,229.62320610864015,236.20864053901343,243.43068076744603,254.69578381289406,272.32424994089143,330.46549169024684
hm101/bid_post15_vol_vs_mkt_mean_median,hm101,2421,-0.052170232284202984,-0.9949317080550066,-0.9421445435372434,-1.0,-1.0,-0.9878787878787879,0.44036548702924955,0.5596345129707505,-0.0005518793513450015,6.692721518271905,6.726785573134773,6.4868331748679395,6.246133081745181,5.583292420932971,4.1879019039875915,1.4538259695006912,-1.8583143885499145,-5.185133872774968,-6.681175903510091,-0.010886370309562396,-0.00631570956159178,-0.003486394969441372,-0.0016563123103744794,-0.0003861539779556247,0.00017046717994095978,-0.0006407493748701492,-0.0032362212722801893,-0.008249923910741374,-0.016930984425981486,174.4181991750651,193.78903530435156,208.39481226423104,218.92552350908238,225.511956821629,232.8480082771815,243.1751938440015,259.5164267849661,278.60523627927955,333.3403729187381
hm101/bid_pre15_buy_rank_corr_post15_vol_vs_event_stk,hm101,2421,-0.013262582171021685,0.06159410220255363,-0.9999999999999999,1.0,-0.9999999999999999,-0.22424242424242424,0.7481794012967484,0.2518205987032516,-9.330325014850727e-06,4.912706287047287,3.6526345604921566,2.562810301998592,1.7651465275727654,1.24470787506203,0.3632135869354312,0.6102769574779964,1.2402706457410382,1.9703682204512298,5.509935948536365,-0.007051553944256402,-0.0025971881184461017,-0.000593269000211275,0.0001466711406412139,0.00017952989089214494,-0.0002870402627109428,-0.000988464547100724,-0.0016109328371796741,-0.0017887851510488915,0.0013377809834138176,195.39504385609447,219.45042174438916,236.7552963119814,249.5634822751409,256.23206290017225,258.9840959318902,260.0447000504022,258.4862863723858,248.70721764277764,229.19689992559879
hm101/bid_pre15_buy_rank_std,hm101,2421,0.052820942483511206,1.0,1.0000000000000002,1.0,1.0,1.0,0.5262336150991379,0.5262336150991379,0.00032988555173870407,-8.991593249080307,-6.087874062733514,-1.6698861442701145,1.2146360746351388,3.447167663727633,5.257876561874591,7.0018597833615335,7.469388265603337,8.033159955888175,8.17392213763325,0.01365550142609224,0.008820965149412576,0.0038981484536650167,0.0012088038000967374,3.9139820314766905e-05,0.0003007101446006478,0.00171066063951346,0.004049060783918213,0.007300353361968255,0.011507713352190646,338.69014792142167,291.1560434428759,264.8436320438154,246.23035328515658,232.0325032288168,220.0273891380191,210.20137239348236,198.09270691275492,186.27838933773052,173.35905966233148
hm101/bid_pre15_buy_share_corr_vol_chg_vs_mkt,hm101,2421,-0.02398717366838601,-0.2921002869289896,-1.0,0.15333280306898955,-1.0,-0.8787878787878788,0.5857636712249419,0.414236328775058,-0.00015215270612322534,5.87079166811573,5.723152946496677,5.258922936130408,4.571752024017491,2.6326507082283435,1.3342683428400435,-0.6283299217327086,-1.6630769753460866,-1.7178062691157152,2.4397396711806594,-0.007191076584236088,-0.0042298034515372025,-0.0019340622155002475,-0.0006600190906740041,5.3271959369041185e-05,-0.00024654586320378415,-0.0013271181194251646,-0.002649252264791119,-0.0035281883884701777,-0.002122226943794047,190.97042716812697,205.37563689659427,220.47332648190758,233.33546546931825,244.63861419577594,255.4429525895926,263.55061076054443,267.28263747021913,263.55999439257766,259.6434071516095
hm101/bid_pre15_buy_share_mean,hm101,2421,-0.03786090279226723,-1.0,-1.0,-1.0,-1.0,-1.0,0.4543719166576754,0.5456280833423245,-0.0005222239812217772,7.307565986465851,6.825252691731718,5.68540203144712,3.6696848789090315,3.196004926547931,2.2737163961484104,0.9228446800683009,-0.03448885500656061,-1.9397608845251184,-4.250966089530207,-0.008621477505798624,-0.004848541356705862,-0.0024613585524070015,-0.0008369280019578938,-0.00019734163997067806,6.542980799200193e-05,-0.0003980672647248545,-0.0017928630872521012,-0.005279613691752347,-0.012967917518468097,202.17376842536044,215.75644806319406,222.32651779556176,226.96611267519668,231.0484003372271,235.40491814363014,241.24806985957318,249.30102005028346,264.1635643763841,304.8057634310419
hm101/bid_pre15_buy_vs_mkt_tot_p75,hm101,2421,0.03322058037220461,1.0,1.0,1.0,1.0,1.0,0.4671872896334048,0.4671872896334048,-7.701101604389776e-05,-6.914302148177131,-6.2261394983143035,-1.8638338661425928,0.8773872725243623,3.1970332066212057,4.858614877827717,5.848728785560393,7.143625571104944,8.031038674097175,8.748602625565475,0.0034517356456563006,0.0068687718144352,0.0037351340577916592,0.0013428924183866776,0.00015767753572660202,0.00011864532179767386,0.000991773237140821,0.0027891372971828626,0.005499572496315128,0.008342251563815625,257.5174098260052,294.2182768375511,276.7886216773089,257.6563425606311,242.91885893088562,232.2903215696111,222.39142550428565,211.80918318271247,202.47995185471692,195.62873756680136
hm101/bid_pre15_concentration_autocorr1,hm101,2421,-0.052636083390202246,-1.0,-1.0,-1.0,-1.0,-1.0,0.4362131018075893,0.5637868981924106,-0.000814168279067439,8.589309483462237,7.478624761260196,6.78764215488325,6.326992137863448,5.147281261315012,4.206547090530744,2.63865435072115,1.0231400286308687,-3.256288633146656,-15.247026202649401,-0.010808852854099047,-0.006486765988607221,-0.003504908677869982,-0.00152264375832387,-0.0002822270533376321,0.00011303577832650147,-0.00043639257100990805,-0.0019590638251941583,-0.006420510623863338,-0.020513585537156268,179.24774503597766,190.27125419070865,205.63845333589748,218.26817894211777,229.58554928222043,240.3727194877396,251.08197857012203,262.29749772355024,279.63711946723225,323.991310106085
hm101/bid_pre15_imb_rank_corr_pre15_ret_vs_event_stk,hm101,2421,-0.021320425288742808,-0.7251613130440507,-1.0,-0.5532059797320334,-1.0,-0.9878787878787879,0.5459640075448386,0.45403599245516124,-0.00020636600865274026,6.84040805146614,5.754823475629242,4.988712583561137,4.140773520468774,3.3195312886380304,2.431917630174536,1.2050335131768188,-0.3886096026417607,-3.040146449052054,-1.4660567655038488,-0.006985277967534024,-0.00301636178072732,-0.001196240062156873,-0.00033217226562394264,2.5356559448951207e-06,-0.00011100409773719122,-0.0006266366725615834,-0.0016530993282303588,-0.0033293411222115894,-0.0038664616392520786,197.3731577305219,216.18027820808888,228.4972963329432,237.71030647479887,244.3593146196574,250.51989214164382,256.10270330616294,261.7708166808245,263.3515813809685,256.487552225455
hm101/bid_pre15_imb_vs_mkt_mean_corr_post15_ret_vs_event_stk,hm101,2421,-0.022206240635380643,-1.0000000000000002,-1.0,-1.0,-1.0,-1.0,0.5532196681173049,0.44678033188269495,-0.00020623936860876294,7.476239168939724,6.520073781732413,5.123868254585798,4.621149181425657,3.8481023429401096,2.791050869435323,0.8922910182883207,-1.1415967625812056,-3.1225961887403466,-3.191372401046307,-0.00708809977412735,-0.0035159262384531938,-0.001237099725322202,-0.00032197517882847954,-7.732482652619116e-06,-0.0001244408464404957,-0.0007927426460191976,-0.0019513105687002591,-0.0031909485564005904,-0.003769725249827522,198.7210704520899,215.240768546583,227.9303001294423,238.10492625293926,246.47916641722102,252.34345795407623,257.2335379106691,261.4685883139714,262.1569784464078,252.80888944614296
hm101/bid_pre15_imb_vs_mkt_mean_corr_pre15_ret_vs_event_stk,hm101,2421,-0.021411479268221775,-0.7574988355925841,-1.0,-0.5863626165246043,-1.0,-0.9878787878787879,0.5534851518181426,0.44651484818185744,-0.00027211209413461083,6.975094205759844,5.872068117787092,5.109556674367712,3.870955356577592,3.5285769549767987,2.305642375494398,1.1820462306988075,-0.5427638155954846,-2.9425562880914917,-1.5741105490456317,-0.007087188118751476,-0.0031192971106679263,-0.0012309283786113008,-0.00026961546756126473,6.703225902846675e-06,-0.0001267690866290803,-0.0006519835045768767,-0.0017314399809325778,-0.003257879634317104,-0.0036709691179424506,197.44823792587647,215.83817389019237,228.8714742371448,237.7504216510281,244.9900943579866,251.62280027825634,256.16160470443475,261.6748839177407,262.99855273862255,254.98428724305356
hm101/bid_pre15_other_avg_dropmag_corr_pre15_buy_vs_mkt_tot,hm101,2421,0.013277546874453615,0.22443547820141446,-0.5558639795624862,1.0,-0.5558639795624862,0.5757575757575758,0.21222203467510412,0.21222203467510412,7.040173204010087e-05,4.023253497251385,0.7280170052253787,-0.5725896525588612,-0.6143840092666571,0.7094732773811665,1.8784898321043244,2.6048737562424997,3.3955354621845024,4.984992800424749,6.707363876840155,-0.0021546454515237448,0.001458227258007191,0.001931166206962686,0.0012666616609035904,0.00030143754002269095,-0.00019924286379271309,-0.00019645076423023254,0.0006364089594056139,0.0027668557838967643,0.0073967268127616646,228.00692543932004,251.20532185941323,261.14604234286884,262.76314510432684,260.72079121056265,255.07000287186378,245.00114763000363,231.88104940461386,216.32283445115385,196.31672196414735
hm101/bid_pre15_ret_vs_event_stk_corr_post15_ret_vs_event_stk,hm101,2421,-0.04252971327536463,-0.9477834980358365,-0.47196381163403617,-0.9999999999999999,-0.9999999999999999,-0.9636363636363636,0.43176377843075386,0.568236221569246,-0.0005472456649738562,6.619932162948777,7.177072045278086,6.785187610389129,6.11029240111179,5.623978217855765,4.328825478529439,3.4014981072657755,0.888247917056949,-3.558751630348529,-13.605397635349412,-0.008146380935239185,-0.005474636828204163,-0.0029401358679798715,-0.0012775815461192822,-0.00028777366576656087,7.592487889797859e-05,-0.00022170187357265406,-0.0019299508314520079,-0.005888662686437863,-0.015891568254517156,187.82986106997214,200.24993416771073,212.3757400614252,222.0177759019841,230.68227535567536,238.94788941416513,248.03383306254526,259.1619994429891,277.2781577146926,314.26882980915406
hm101/bid_pre15_ret_vs_event_stk_skew,hm101,2421,-0.017920835755443024,-0.3595915028762417,0.728879797605298,-0.9999999999999999,-0.9999999999999999,-0.45454545454545453,0.4059702462242437,0.5940297537757563,-0.00026086560059558877,1.2898639124833282,3.236777163968736,3.463251728366362,3.58916276625527,3.228590347360666,3.3793435967261214,3.0326497126093033,2.595429151881558,1.3096961073183266,-1.4615609104200364,-0.0024873051841554678,-0.002241346812446877,-0.001436587712015384,-0.0008282900115984704,-0.00017589271186001966,5.8976975392199504e-05,-0.0002010844925788718,-0.00103056994812156,-0.0027565464790385323,-0.006561323778424473,228.87552598761354,231.41647808914874,230.3085283171327,229.6551156208362,234.2499596725954,242.44940667542383,248.4931472738917,253.8802538871607,258.00428698175034,262.22968794481784
hm101/bid_pre15_ret_vs_event_stk_std,hm101,2421,-0.04038129243999465,-0.8965465162782402,0.536028469721662,-1.0,-1.0,-0.793939393939394,0.41297081114244716,0.5870291888575528,-0.0006933673291206594,4.074230638821233,4.07834245845768,4.664377558370255,4.449363101745885,4.571045045012296,3.9468729342068127,3.7894909857439805,2.7336504645851485,-0.26373361413356383,-8.263443534817922,-0.007761403792546187,-0.004367151057250789,-0.0027007938926038124,-0.0012521708300950074,-0.00030843505310253157,0.00013962025803744335,-6.660994711480309e-05,-0.0013210349428249733,-0.004952422130499609,-0.017097523722873716,172.8563945993761,191.18505933629743,202.02022482698726,210.44911052071714,220.0273335918038,228.53063489640152,239.94307249198522,253.55613084173714,275.9056793456909,362.0286820468338
hm101/bid_pre15_spread_vs_mkt_mean_corr_pre15_divergence,hm101,2421,-0.021824629570181334,-0.5833829425484812,-0.8426988823734047,-0.03344855449560574,-0.8426988823734047,-0.9151515151515152,0.5846871806954385,0.4153128193045616,-0.0001966890322790953,4.856979978879981,5.116085086300572,4.348212559969037,3.714515990536653,2.0808066403167818,1.1932644551319684,0.8665130139570663,0.4851278020369609,0.043132586994644825,1.1188142112351154,-0.007109681789948652,-0.003776851974508863,-0.0014590358104546392,-0.0003833843183184663,8.33743158759642e-05,-0.00023588051792411944,-0.0009448576640648312,-0.0017537634227434888,-0.0029416387903228656,-0.003106220565492297,187.70903544807678,208.0463241394666,223.1200307698691,236.1176772107251,246.89759096205276,255.38275953905617,260.81835578852673,262.68540510624587,263.7802649238973,261.19911825452596
hm101/bid_pre15_spread_vs_mkt_mean_skew,hm101,2421,-0.025219466563336398,-0.6080794313114521,0.5464703221353564,-1.0,-1.0,-0.7454545454545455,0.4578675967879458,0.5421324032120542,-0.0002747565343888623,3.214799697813498,5.126376204104509,6.082147817347042,5.547959004974609,5.241247445471674,3.647027240674277,2.1504857160856115,0.19939491624749825,-1.8118503277239397,-5.682796158062624,-0.004127768760306383,-0.003824249617820659,-0.002382437202207099,-0.0009402064833892365,-0.0001467123698030113,-1.798992369488135e-05,-0.000638943091546243,-0.0019016077554865954,-0.003575095506188857,-0.007389699318504598,188.03227647103085,205.496876256677,222.20970302143795,233.22028013437506,242.88921025717056,250.1321073777793,258.04108352130885,264.4983700872758,265.68398946533785,271.25320649960736
hm101/bid_pre15_vol_rank_corr_post15_vol_rank,hm101,2421,-0.043907823854144566,-1.0,-1.0,-1.0,-1.0,-1.0,0.44385530013927404,0.5561446998607259,-0.0005155573271780826,8.19203191920685,7.392928489217365,6.737023194907383,5.987729235014303,4.854235015277414,4.11958747375847,2.78909033904758,0.7850133727514131,-4.286997086531805,-12.768407651083592,-0.009558023193842158,-0.005451265572000992,-0.002854182659915892,-0.0011770070081755224,-0.00021940904911550116,8.402642019596582e-05,-0.00029748294074071575,-0.0017973383657678423,-0.006075445253883273,-0.01604613890372051,188.3133508481749,203.8580276200156,215.72583570568932,225.39201947523858,233.208951178265,241.06379293662917,249.0950316576588,260.2765502651249,276.8902670926137,302.8203837553401
hm101/bid_pre15_vol_rank_corr_pre15_volat_vs_mkt_mean,hm101,2421,-0.025316347851847186,-0.6299070273631441,-1.0,-0.15915949935425472,-1.0,-0.9272727272727272,0.5596510621342299,0.44034893786577006,-0.00014131784628347523,6.705539841105844,4.3835482886449215,4.019828049495863,3.0931394801787078,2.4546249583631528,1.6691025331689384,0.9469863815715904,-0.02879157385997086,-0.6257745333921082,1.0389019694037425,-0.008364682432274333,-0.003600583136318669,-0.0017717097178818948,-0.00037575906787318454,2.3502072473225148e-05,-0.0001663457285534994,-0.0008839132402223186,-0.0022062385154952764,-0.004069919166326159,-0.003759381073091634,193.90492896279528,214.192343859749,225.5897020112785,238.22799408154347,246.50398591913589,254.38794382654683,260.01948438161145,263.61584828475935,265.43793375553395,248.82498649757892
hm101/bid_pre15_vol_share_p75,hm101,2421,-0.03996505264814079,-1.0,-1.0,-1.0,-1.0,-1.0,0.4532310174403856,0.5467689825596144,-0.0005328711588805219,7.3656644300985405,7.0026734326961,5.626530846733377,4.441294424418591,3.102998173380226,2.181219509127102,0.9475082610606653,-0.2795856860736671,-2.3118146069401164,-4.422409007841089,-0.00890920712213086,-0.005104249179344024,-0.0025906738711568835,-0.0010743501216301356,-0.00019340744200950212,5.563575169590727e-05,-0.0003855085040533492,-0.0020154346390376405,-0.00565994395326602,-0.013555042408327837,198.79563592970305,213.14491290389873,220.13975996598495,225.94704921016572,230.09800187160604,235.10291611598495,241.61405477551125,250.60886279128673,266.2976155346899,309.25824039704804
hm101/bid_pre15_vol_vs_mkt_mean_corr_post15_divergence,hm101,2421,-0.0475764671109142,-1.0,-1.0,-1.0,-1.0,-1.0,0.3704658931350134,0.6295341068649867,-0.0007466430715377203,7.2000056898823255,5.8187398087483455,5.727297638849119,5.409892783773465,5.395387152744086,5.244492816634739,5.080264409131408,3.5269069612967674,-1.9909903643768452,-17.615074483287493,-0.008335229486446737,-0.0044294203685277134,-0.0026950938376777305,-0.001418732043598422,-0.0004703768518525504,0.000428007575901036,0.0007138012127010586,-0.0008956100580264253,-0.007146783793002515,-0.022580386388846557,205.057267553063,215.1980116622605,218.96620151294667,219.35544973822232,218.64932131489854,217.59222894229808,225.8448104806898,244.50880831709355,278.91631613694614,335.64274608184894
hm101/bid_pre15_vol_vs_mkt_mean_corr_post15_vol_rank,hm101,2421,-0.0420060561839697,-1.0,-1.0,-1.0000000000000002,-1.0000000000000002,-1.0,0.43904518275123866,0.5609548172487615,-0.0004449892006102183,7.8731507204419495,6.915348368311062,6.237390527058152,5.870740722823202,4.954911764005411,4.198332173008318,2.3427966433221807,0.3727989847578048,-4.408726748781697,-10.552262248164162,-0.00914405213957763,-0.004972283228225973,-0.0026701232919382543,-0.001186151582783193,-0.0002745760065205037,0.00012034389557567475,-0.0003105324618170826,-0.001986256750468209,-0.006408210997087963,-0.014729224420516399,192.39858307177047,207.2756473131552,218.45766181139254,226.91859823254012,233.353383344329,241.74239148709955,249.80564561242363,262.6569179505523,279.35474701404166,289.1632348883252
hm101/bid_pre15_volat_vs_mkt_mean_std,hm101,2421,-0.025005457697923835,-0.8027585920023989,0.9722001088309415,-1.0,-1.0,-0.4909090909090909,0.4335626826242357,0.5664373173757643,-0.0005766134542629567,3.048789195536877,3.0380166306894854,3.3523171001438445,3.596044059645686,3.802251765108337,3.5370191613587956,3.2894718604622173,2.2545950792703646,0.9003119218413616,-3.1719767855323995,-0.0055292575455669025,-0.002711017186766966,-0.00150256985410524,-0.0006846148685676238,-0.00016397578868450425,5.916025685739691e-05,-8.973775835750122e-05,-0.0010490870207845071,-0.0030637940493382903,-0.009693950428346762,183.309102314366,203.30344127854775,213.91179362980571,221.6790850427307,229.62574366093597,237.16885385644383,244.60357910928732,255.32416847738332,271.5789014777166,325.9299642542813
hm102/imb10_late30_bot20_A5_inertia_area,hm102,2427,-0.05343483082591184,-0.8513388255869135,-0.43020365336522853,-1.0,-1.0,-0.9636363636363636,0.4683524397718622,0.5316475602281379,-0.00041245189811805083,7.172239733560922,8.831939685796018,7.586638685838275,6.304273017083253,4.666049628416917,2.875906554827434,-0.24644828894206183,-2.4975272987086417,-6.498836690500932,-11.836987305588606,-0.010357240395356165,-0.008101502770076308,-0.004342405420347092,-0.001763921980702384,-0.0002680899668584193,-4.028487928380721e-05,-0.0012494382655033722,-0.003709647616337755,-0.008203042519308725,-0.014986805114019711,193.55458820821806,190.2215910095842,199.41050873527766,209.46097417298333,219.79225635841996,230.7635001734721,242.97233876970466,258.9769712320299,277.2613597840263,297.7416621129589
hm102/imb10_mid3h_all_D2_dr_skew,hm102,2429,-0.016370151027497615,-0.8987451896004011,-1.0,-0.7997857412388023,-1.0,-0.9030303030303031,0.5197674191763348,0.48023258082366516,-0.0002665251578670778,5.085434189554131,3.461236241880243,3.438134149144596,2.2965832187714295,1.6256158892301338,1.3606299256993204,1.7421583182699503,1.689616483384867,0.6061083592887846,-1.6875142988306815,-0.0053383276212862,-0.0020796245000925216,-0.000843594664255896,-0.00015125895728587363,4.266568528134861e-05,-0.00010005142952011653,-0.0002287237074209044,-0.0002869476077610594,-0.001350060349622825,-0.005767702717666522,202.36667704267163,218.72911826328104,230.96563267060193,237.22111014421722,240.07603354823434,239.90004395956007,238.4690956542352,236.73987215040316,247.0356133724628,298.40547765426743
hm102/imb1_aft2h_mid60_B4_dr_std,hm102,2428,0.051460383137734794,0.9573354162072093,0.9335717988013533,1.0,0.9335717988013533,0.9878787878787879,0.5033393821372507,0.5033393821372507,0.00016902953829397288,-9.23524241719879,-9.650763326950687,-3.7520073163608214,-0.2610801067655978,2.444092448323795,4.4654581330942245,5.99934251985263,7.5347950261321035,8.52693298742683,9.412209296479787,0.010442588332132638,0.009453832807512186,0.004360249257499306,0.00143822997437055,0.00012205785821109147,0.00020147027752211115,0.0015357051322065164,0.004283261471290147,0.008061058596496098,0.011392899892200131,268.4450074034528,289.7543277260633,267.6709905970507,249.148979652268,235.16709203551127,223.8195017685709,212.15664389112536,201.46564606560588,191.0966490486102,203.9925211868391
hm102/imb1_late30_mid60_A5_inertia_area,hm102,2427,-0.05109905355895688,-0.9092367709683323,-0.5623136128142568,-1.0,-1.0,-0.9636363636363636,0.47113727357992613,0.5288627264200739,-0.0004260943971047875,6.512944042698796,7.418792880572621,6.926239460844748,5.598654158866459,4.185381899568847,3.0070631207778824,1.0437595260293682,-1.3534424874847477,-5.353030811127909,-11.636059273312483,-0.010014026933216694,-0.00774863640667704,-0.004243115324786685,-0.0016422249068286632,-0.00022591625223283,-6.0160450790034356e-05,-0.0011295672383420169,-0.0035574648684027557,-0.007752995348897912,-0.014298851431677424,189.4223741582666,180.76866929925768,190.06368722864508,200.95186139642198,214.51090785432106,228.57756257569963,245.23880185067307,264.07744842021316,284.45595000952704,309.6653364809586
hm102/min_imb10_A1_half_life_corr_min_imb10_E2_dfa_alpha,hm102,2429,-0.017064365738144568,-0.2778615734200927,-1.0,0.03453509509497077,-1.0,-0.8787878787878788,0.5520820186048371,0.44791798139516287,5.6807763915824356e-05,8.19737466477436,6.00782038671639,5.597513805827703,4.020375192475151,3.0381347744988747,2.206074835108865,-0.4527198110401163,-2.691546546586763,-4.479543982789953,2.684369759081422,-0.005574272023575604,-0.0022962494615810093,-0.0012430430288442919,-0.0003171908001876963,-2.1536713712544755e-05,-3.9552358828810595e-05,-0.0007325822463331882,-0.0019121821089169394,-0.003285249835694512,-0.001699314924385789,223.1577937170236,231.03451733835385,234.77327119207945,238.6602602456905,240.67876029356808,241.91716392465895,244.19938299090654,245.96166332238687,246.29962516778687,275.09558987293275
hm102/min_imb10_A1_half_life_corr_min_totimb_A5_inertia_area,hm102,2429,-0.009595231897191853,-0.04270333612121095,-1.0,0.45927632947946134,-1.0,-0.5636363636363636,0.8082207973364023,0.19177920266359774,0.00015876573142717458,7.981625134877365,5.663704400612862,5.10261568246545,3.2044271485510842,1.428298840895277,0.7556128971455343,-1.3099853821687932,-2.8080258929934865,-2.970058083521955,7.0845849253235205,-0.005015835085143639,-0.0021433727278597605,-0.0008896427380880999,2.7155124400228525e-05,0.00013831168607142405,-0.00021913489268264236,-0.001079228228739403,-0.002061772841429244,-0.0021809397102449785,0.0036704617850970875,223.78451052174808,231.38532538670435,237.7085307007747,241.99776855056203,245.39548530157086,248.32719145258184,249.42181351854293,248.23239478988992,243.27398734649958,255.75181869897028
hm102/min_imb10_A1_half_life_corr_min_totimb_D1_jump_runs_z,hm102,2429,0.018747724054263292,0.27840257559762127,-0.17605850310473986,1.0,-0.17605850310473986,0.8181818181818182,0.4575614377944598,0.4575614377944598,5.092642269383128e-06,2.9674476832855263,-2.558205873108491,-1.1427922257838028,0.24476951784817608,1.3130430915992026,2.6751498152273916,3.5330070088323255,4.6548964992470445,5.219072463977943,7.2311995480716424,0.002785811359081546,0.003418469461540536,0.0016480664831840903,0.0006121648747002608,0.00011139319841709059,3.6409249573727193e-05,0.00036339512532800505,0.001326294132500836,0.0026282265800107187,0.005812400947657065,292.43626477513783,256.6375460200284,249.8523869822504,245.38139781665154,241.13855960066002,237.47285222748025,233.63365668292738,227.87105519874183,221.44541604134105,214.1488773805755
hm102/min_imb10_A1_half_life_corr_min_totimb_E2_dfa_alpha,hm102,2429,-0.019835302878846158,-0.3303697821365446,-1.0,-0.03046841504541781,-1.0,-0.9272727272727272,0.527881847405679,0.47211815259432105,-2.4852095851708022e-05,7.94419682106082,6.613253511864106,5.265163193671955,4.233208103717955,3.1498152075932615,1.9241726312122764,0.30127895151603107,-1.817095726505369,-5.001461158782158,1.5146247369047736,-0.005888788723999756,-0.0027844133335169197,-0.0012766018512156015,-0.0004622889228054701,-4.548452572865662e-05,-7.714738877928074e-05,-0.0005557223780157128,-0.0017491653850419979,-0.0038251606644241157,-0.003145677609466965,221.86458308873128,231.59578407478253,235.35250128536677,237.54843100833085,239.88018324010577,242.47637446214148,243.6813802793712,244.76576410779444,245.5333110219569,278.8269771777394
hm102/min_imb10_B2_max_drawdown_quad_coef,hm102,2429,-0.003036475054499201,0.49433417690075027,-0.6332442572141,0.863702692419654,-0.6332442572141,-0.41818181818181815,0.824807987377098,0.17519201262290182,0.0002554166714565553,3.0500674559435765,2.9461870793598552,2.067260773213958,1.3892268884599408,1.7621795642681666,0.9660939418065976,1.275976042019949,0.6333832672863886,0.9410567567762008,9.110188928270214,-0.0017844236122385026,-0.0009245844925919313,-0.0001537904943803625,0.00010717293858818575,4.044707147371665e-05,-8.57062246608221e-05,-0.00030071696846989713,-0.0006577997005613326,-0.0006204038745329687,0.0010879136314181526,248.8068316301,236.183386738242,240.18431960798523,242.2527130134438,242.56236090845738,240.7318290771288,239.11780131198762,235.6554233361543,231.9223234743439,268.33591047145313
hm102/min_imb10_C3_cold_gain_corr_min_totimb_A1_half_life,hm102,2429,-0.027522545818896238,-1.0000000000000002,-1.0,-1.0000000000000002,-1.0000000000000002,-1.0,0.4814586024052805,0.5185413975947195,-0.00026363922137789266,8.069997607598395,6.61340482550725,6.08146904379621,5.6040844208123985,3.9890885025596936,3.1112281205914365,1.1630455813693814,-1.1015761785567866,-4.583057097240634,-4.827794362532601,-0.006760151977302751,-0.003614268716532336,-0.0018333896133953466,-0.0008159188619687053,-0.0001003059043381201,-1.3492970693718379e-05,-0.0005421696069908841,-0.0018494153313106043,-0.004423941213667237,-0.007305852401318636,206.02904320220276,213.65991639998916,221.96607676938797,228.49512656035236,234.14268215753168,240.78686855139208,246.48596259482034,253.63289782892235,264.4832130853428,302.16756280825
hm102/min_imb10_C4_hot_cold_std_ratio_corr_min_totimb_C2_mid_deter_ratio,hm102,2429,-0.04042173147298957,-1.0,-1.0,-1.0,-1.0,-1.0,0.404846611956302,0.5951533880436979,-0.0003205911048991624,5.877512974362757,5.734989379302191,5.524849341129292,5.293580116049933,4.575600634377319,3.775510037565875,2.3139163401739706,0.3420295443563795,-3.7502431531465747,-5.566680408979688,-0.006339403044332927,-0.004681921331139725,-0.0031738599595146867,-0.0016411101147161566,-0.00039851636390198436,0.00021604911250540208,-0.00025940746021215746,-0.002348215875795225,-0.007227118640631363,-0.014247636690351544,206.40315975237226,199.86063116814296,200.88875379774515,204.74765661769604,211.0792489892468,219.2082326029164,233.02257783073694,252.79053667022478,282.68239750931167,357.80596652546467
hm102/min_imb10_D2_dr_skew_p75,hm102,2426,0.029682419119532413,0.2725668528540952,0.09437681656393583,0.8675506721739389,0.09437681656393583,0.9151515151515152,0.5158413200148955,0.5158413200148955,-0.0001324362162932885,0.5862205360395882,-8.119579912932517,-2.4363309034137677,0.20919317308344687,2.400718545901714,4.592962554880622,5.679984582881755,5.476164199852532,6.6341723327812705,7.263032885957971,0.005022116531285504,0.006706719006260314,0.0028169141069727573,0.0008006349087729863,3.3349779193960184e-05,0.00021696411182806584,0.0011340944861311657,0.002238628782076816,0.004227485801081705,0.00661794782222251,322.542911790511,278.77638943103796,261.7572631750778,245.61076620820188,234.2875762472223,224.61794058045143,215.87601153838884,207.67503868357417,199.50502887465774,191.51453801212153
hm102/min_imb10_F7_absD_tau_slope_p75,hm102,2426,-0.010422417310374047,-0.9389465290117344,-0.8918339316855991,-1.0,-1.0,-0.9272727272727272,0.2680001444371221,0.731999855562878,-0.0003983580740601418,12.404090070111026,2.81594654926427,2.7174053116346983,2.3717254142378423,2.9453283201521554,2.2614582734909074,2.18789346240412,0.7380985400757928,-0.8721630955886003,-5.238885794203192,-0.0017984652191188116,-0.00014837116775049777,-0.00022375134862474407,-0.0003167997351307756,-0.0001990618525535707,0.00018365653318253348,0.0004811281421550103,0.0002178880825682517,-0.0014041866676145162,-0.0068160960034268055,304.88205992458825,249.54210720659114,243.20288432135504,233.95118115059313,227.73566987428626,222.54392504558194,220.10212614734925,219.8993492665554,226.41365388010024,244.57695198010373
hm102/min_imb1_A5_inertia_area_iqr,hm102,2426,-0.06309907915536671,-1.0,-1.0,-1.0000000000000002,-1.0000000000000002,-1.0,0.464968062762433,0.5350319372375669,-0.0008069476020621759,17.7307784322969,8.586647384935233,8.174691825753492,6.434816628302549,4.708285913238294,3.04817844792576,0.7493491966436209,-2.457995270465586,-6.633671346229786,-18.101996148926972,-0.012987149626048305,-0.008754294456863676,-0.005007930524090116,-0.001915512809307094,-0.0002989643173734569,-1.1651209707002783e-05,-0.0011304872665884667,-0.004228420324751786,-0.009297499770439503,-0.018660221248135146,242.8039232977263,180.23518833235093,190.31797264236027,200.87243914582655,212.08962432406946,223.35851354966837,236.21800903177265,255.12114328348403,285.0991989633356,334.41011665811317
hm102/min_imb1_A5_inertia_area_trend,hm102,2429,-0.03466441706992954,-0.9999999999999998,-1.0,-1.0,-1.0,-1.0,0.4712309726228822,0.5287690273771177,-0.0004289369189895095,13.866593666492001,7.875715219603713,6.811383689632051,5.76914085727947,4.137776000110768,2.2424961539799297,-0.3482658468130745,-3.0777252545754865,-5.936115561624615,-7.224041234552935,-0.006442001666951173,-0.0051843783422195365,-0.0030059273575861523,-0.0012967346413963621,-0.00020377660158567523,-3.053393314604973e-05,-0.000981775520482814,-0.002900281148903038,-0.005707899193320536,-0.008482171745348802,257.50363143187326,211.52719237537175,214.68604228332686,221.09354435462367,226.91921198146582,234.9435679421533,246.34097724399876,259.0574456495013,271.44282227379205,262.51435708776705
hm102/min_imb1_B2_max_drawdown_corr_min_imb1_E1_hurst_rs,hm102,2429,-0.05326047062281632,-1.0000000000000002,-1.0,-1.0000000000000002,-1.0000000000000002,-1.0,0.47526909128795025,0.5247309087120499,-0.00034220501577092227,7.434741167518398,6.86011168305443,6.482777976072546,6.01431637800833,4.653322683687691,2.794823769041667,1.3476855131169756,-1.3162077531480165,-4.638358663615742,-5.515117603466033,-0.011179629657981771,-0.007612243222977428,-0.004341692010850721,-0.0017662910588675258,-0.0002505600569174041,-0.00010295691879010107,-0.0012194980151597331,-0.003781954830393829,-0.0080765552441746,-0.014586884590932275,169.15458456326482,171.67785483988288,183.36380948617264,198.42422713046736,214.75615842481827,231.93739461777605,251.00669341785095,271.2774705673121,296.3928678443737,353.08016189620474
hm102/min_imb1_B2_max_drawdown_corr_min_imb1_F2_posD_ratio,hm102,2429,-0.05189553361196802,-0.9971880242907218,-0.985387935060915,-1.0,-1.0,-0.9878787878787879,0.4736561115961501,0.5263438884038498,-0.0003345923371529238,6.874160978360657,6.780398281761206,6.054978734656297,6.072397354027132,4.524856147730137,2.7556525126331626,1.6100563294812476,-1.0346834345044444,-4.039004163292705,-5.47988502492743,-0.010738906271614274,-0.007543962901180548,-0.004167361064779248,-0.0017376335372546342,-0.0002342911796376515,-9.549587404573553e-05,-0.0011431539667245952,-0.0035718492897909506,-0.007844955315202792,-0.014483331874584648,171.2400806184468,171.7526373691369,183.43321115615694,199.60545076788293,215.44989201931512,232.72607652508717,251.4229940891808,270.59850762756304,295.66389207017284,350.6549777527625
hm102/min_imb1_C3_cold_gain_corr_min_totimb_A1_half_life,hm102,2429,-0.02761085931826164,-0.7277308302983526,-1.0,-0.5553193854031095,-1.0,-0.9878787878787879,0.5080869212630575,0.49191307873694234,-0.00012036779059032677,8.145891832589223,7.110807569555242,5.932034947253769,5.19953087681234,4.007569385231049,2.245527235256624,0.7419184655848735,-1.33151729942843,-5.000514204322317,-2.9288019946070287,-0.007594100806170167,-0.0038393240581053143,-0.0018108079065361799,-0.0006345750320374077,-8.875140145360983e-05,-8.771429631123531e-05,-0.0006558804809349579,-0.002042104608318144,-0.004676201804689208,-0.006061031133115074,200.84055321954634,213.98458965390097,223.0010519295447,230.28299914261896,236.40533332414972,243.09564062089729,248.42994563470728,256.528976519477,264.2746905103808,295.8427833439146
hm102/min_imb1_D2_dr_skew_mean,hm102,2429,0.0012150314186119696,-0.3848602498646454,-0.4418168478354603,-0.055601162956891395,-0.4418168478354603,0.3212121212121212,0.6410552252846787,0.6410552252846787,-0.00027606599957325276,8.507934936080067,-1.8180534260454255,-0.12584958726926063,1.6674348911613273,2.179536657492926,2.3996855990673005,2.96255982177278,2.9356646323967093,3.1055530953126853,2.3134032872009884,-0.0013817781884138682,0.0015614068719542028,0.0007325087358615677,7.021358152642725e-05,-2.647520959220387e-05,5.094332144556966e-05,0.00025190444474902494,0.00039952638550537695,0.0005360738274874421,-0.0007032263523383244,285.6055916913511,235.40407489556995,231.82561842637958,230.31185986883105,228.74988929534055,228.45970996873262,230.4312936498274,233.94960944159482,241.5093537455856,264.29991440912136
hm102/min_imb1_D3_dr_kurt_excess_std,hm102,2429,-0.023409194850460335,-1.0,-1.0,-1.0,-1.0,-1.0,0.5768992553977187,0.4231007446022811,-0.0003526322676089987,11.225947545201985,4.62185392874167,3.811000695980913,2.3247524404817255,2.2933514620843134,0.9121291046645296,0.6574177763439731,0.10629378758259578,-0.6118673942070909,-1.2216073311170978,-0.008572399929848408,-0.003312671130362559,-0.0012986721390115447,-0.00015378951737656874,3.6218930521252856e-05,-0.0001974598073422716,-0.0008455909429569202,-0.0017857433815126826,-0.003012589023082715,-0.003913865641878895,231.23523808068592,213.81621342467147,221.64983604026477,227.99420599839675,234.82022728554924,240.07397282154344,247.7246244975153,254.99787946557353,264.92833677315343,276.5596461165981
hm102/min_imb1_E2_dfa_alpha_corr_min_imb10_A1_half_life,hm102,2429,-0.015468523818117622,-0.25774914126906145,-1.0,0.09835158678612034,-1.0,-0.8787878787878788,0.5500100360239957,0.44998996397600444,5.82433419612005e-07,7.289075270572402,5.572984997137263,4.878235244515013,3.5775955667138413,3.2020857514594,1.652088197881346,0.5069889794348152,-1.711913613084802,-3.6449379044507455,2.8076848024489407,-0.004968834674159813,-0.002150568594293813,-0.001046003403448571,-0.0003085303260352199,-3.422668872959392e-05,-9.467169828456116e-05,-0.0005262134998501003,-0.0015498841460108756,-0.002969247038959184,-0.0018209261817655027,226.72358621497784,231.96607183891112,236.10753841834799,238.0694633535371,240.18466412568756,241.73765230491432,243.1985344521331,243.5082562368285,244.69014427243985,276.9557845956738
hm102/min_imb5_A4_final_r_mean,hm102,2429,0.05024068629287013,0.3751295433256942,0.1835682282130473,1.0,0.1835682282130473,0.9636363636363636,0.4887626563536853,0.4887626563536853,9.54932668872382e-05,-1.1544362282202123,-9.922272463029625,-4.1905091233526415,-0.3351093141714592,2.7883210688491054,4.714544712184103,6.028939279366177,7.888703728317519,8.957054531104257,9.37278383023378,0.00759538038574442,0.01021449082991143,0.00490191109812091,0.0016478627727922678,0.00014945266017868684,0.00021122512025309283,0.0015197637408172805,0.004117099306957493,0.007738862903260216,0.012049144207947138,340.40602745707696,298.1849055687586,269.78680146629387,247.0326159452735,229.91241031248262,214.33812616959585,201.09621433774745,190.54963192132612,182.31263529229037,174.59266604198342
hm102/min_imb5_B1_decline_count_corr_min_totimb_F3_D_std,hm102,2429,0.014726738812327927,0.9999999999999999,0.9999999999999998,1.0,0.9999999999999998,1.0,0.6518960763152734,0.6518960763152734,0.00025701895014385836,-8.70568638027435,-1.6095392279865965,0.6343745805408243,1.684668503456691,3.2597837948168555,3.510212677027851,4.488029660772979,5.223819804872419,5.665046302269374,10.002054769445085,0.007016943801206117,0.0021190315763829556,0.0004914777312427282,-3.6448241673786554e-05,-0.00015825126361902918,0.00017214243198145025,0.0006819260661006085,0.0011568423554136715,0.001381616880187123,0.0016444385249622488,260.853965584576,241.02595156898286,236.64322646319323,234.01976436979783,233.21381886509067,233.42755229133115,235.25912361334736,237.85484742051864,241.9416595626632,266.1344610373861
hm102/min_imb5_C3_cold_gain_std,hm102,2429,-0.06540501320409581,-1.0,-1.0,-1.0,-1.0,-1.0,0.4629957963849674,0.5370042036150325,-0.0008096287139767,16.522546387525278,8.658886760948397,7.9738862796738,6.80660735544664,5.240214484194987,3.557623330191318,1.2150327298814232,-1.9891727196054736,-5.877896625790128,-18.011001431394444,-0.013710221042679787,-0.008804170597720032,-0.004955160933737392,-0.0020710006906982854,-0.0003668382199603345,1.1975390949614768e-05,-0.0012833456781248967,-0.004487404437403106,-0.009610870329788778,-0.019318347950956032,224.37822695725944,177.92033302139072,185.105536223979,196.27870498211533,207.92858746974372,222.12345193650168,239.8966014088109,261.5105668910761,289.13137641395224,346.1263257525671
hm102/min_imb5_D3_dr_kurt_excess_iqr,hm102,2426,0.016473503912521222,-0.05205618909049346,-0.24075693720829092,0.7833552133010997,-0.24075693720829092,0.44242424242424244,0.42266254258021296,0.42266254258021296,-0.00018630891453711384,6.753384905528102,-5.763622273255593,-2.8536497329778707,-0.19678573887136358,1.8957754559953535,3.0234819579609407,3.871904334922866,5.201464983297595,4.861630856430694,5.481060919312104,-0.0008172180136639183,0.004339089101559514,0.002502850522716225,0.0009123663321048902,0.00010439090567820769,3.694135022644164e-05,0.00047709008970170315,0.0016329939792566206,0.00274045384543028,0.004730854714048364,300.4829437233461,268.633144207794,263.4713102989445,252.51863717480137,242.49723451942629,232.34826043703507,222.89048899314903,214.0757499005357,203.04732419425073,189.43855652806863
hm102/min_totimb_A1_half_life_corr_min_totimb_B2_max_drawdown,hm102,2429,-0.04287725583917553,-1.0,-1.0,-1.0,-1.0,-1.0,0.4225321469407298,0.5774678530592702,-0.0005382141584763044,8.740386840238928,8.221088950272822,7.68645828463431,7.12820361328799,5.782944618646208,4.417055443426068,3.1289275068899425,-0.09563430937821414,-5.330640551365548,-15.570703515214264,-0.007913116099457026,-0.00516700445777179,-0.003049471779021894,-0.0014516218384228853,-0.00030839200608527833,0.00012129627079672817,-0.0001758996633900951,-0.001990593660262927,-0.006198473741269588,-0.016205764705814436,200.6175069552877,206.75838487917133,214.0114207213031,219.37581890231195,225.86509226609246,233.18908644666914,241.62455940102413,253.97046673996127,271.6342207896097,327.1301986914926
hm102/min_totimb_A1_half_life_corr_min_totimb_D1_jump_runs_z,hm102,2429,0.020174218604821326,0.5434152540360502,0.2990863885335325,1.0,0.2990863885335325,0.9636363636363636,0.49521925213141144,0.49521925213141144,-2.3943043000134602e-06,-0.7405748115071807,-4.210856631201251,-1.0361560763053632,0.7704039237503432,2.221028557770602,3.420881799053578,4.541935247190179,5.392426156099579,6.260888832056638,7.519902978412836,0.004485688400018461,0.003513449971994675,0.0014537222857830343,0.0004910768597969368,4.790963780695019e-05,5.194506953138673e-05,0.0004973953970052103,0.0014223144938057145,0.0028035160292303033,0.005409594764148676,301.85581472601467,257.84853081667626,250.4832742716231,245.25405761148153,239.18549548931492,235.20471998994867,230.0476374705274,224.68321722010705,219.1049820352304,210.92685303926484
hm102/min_totimb_A1_half_life_std,hm102,2429,-0.05610743299874203,-1.0,-1.0,-0.9999999999999998,-1.0,-1.0,0.4667657958472171,0.5332342041527829,-0.0007502944945402352,12.810676949246627,10.196946008963327,9.20324350069583,7.6177442588649065,6.269519791202756,4.305005878694901,2.565925980108148,-1.2401140297726205,-6.368922564155804,-21.262147290105833,-0.012163090853440016,-0.007839221809922565,-0.0040739366157962805,-0.0015472345176678244,-0.00021533501291170131,-2.7833919098628625e-05,-0.0008822172198656452,-0.0031869231489617166,-0.007436436054745463,-0.017984909351791974,210.193552039758,198.74509664623176,210.02431702579855,220.5676323434286,231.76533106680031,239.98840656310392,250.66281738732224,260.1035641982783,273.3855611173843,297.63777458538596
hm102/min_totimb_A4_final_r_mean,hm102,2429,0.05162567534683976,0.4243457698738677,0.23732252645043964,1.0,0.23732252645043964,0.9636363636363636,0.4894269234850146,0.4894269234850146,9.404823637625905e-05,-2.0647812086423163,-10.255769127885417,-4.129076687304966,-0.32524892968815927,3.0328020150307595,4.840362171324507,6.532632039663706,7.7753805604173625,8.727530919188686,10.01125642894153,0.008723738377246487,0.010158872913053386,0.004635230868293332,0.0015611445494421246,0.00014197901081579317,0.00017524649160243543,0.0014464350769275308,0.004101676151204192,0.007809719610063541,0.012777584061814675,338.7160052392038,288.1272356388907,266.79247211459494,249.7740438927741,235.3864707317602,221.11064732531185,207.2035490284039,194.1345411997739,182.79010339674272,174.7852982882132
hm102/min_totimb_A4_final_r_trend,hm102,2429,0.008891323610447557,-0.3874916097500308,-0.7145037137103782,0.5495038154437706,-0.7145037137103782,0.44242424242424244,0.27859103976400545,0.27859103976400545,-0.0002029503056218812,10.271583373180684,-1.1619040177267683,-0.10020181301863884,0.3577037410969196,0.7419811493570404,1.772335673804339,1.8304614117644231,2.726475164977389,4.196547058975309,3.4917420958042293,-0.0013911247920282317,0.001981502297367903,0.0011991440993137942,0.000580530243958887,0.000163531377564103,-7.025037449662067e-05,-0.00013866725345122478,0.0003503313444701669,0.0018641705638547824,0.004555106409515867,297.4143163083547,239.64107710525226,241.83789402981287,240.88176278872552,240.4390925209402,240.0756261196409,236.77817403339864,233.32541674513973,226.04905126256327,219.9545981723023
hm102/min_totimb_A5_inertia_area_mean,hm102,2429,-0.0629392616394371,-1.0000000000000002,-1.0,-1.0,-1.0,-1.0,0.476487406692794,0.523512593307206,-0.0008509016594291569,16.094364994534065,9.801503411009604,8.8331373754672,6.693167165001688,5.145518602493661,2.505570059044598,0.6564282886650258,-2.3463857567158155,-5.510365946149654,-17.776048951060147,-0.014041048411464746,-0.008850192893443885,-0.0047425733327703746,-0.001699142113554531,-0.0002513648814491341,-0.00012364114306650086,-0.0012466925979569333,-0.0038097478212415444,-0.008090017772890626,-0.019233939012169736,221.28848787951412,190.096528830249,200.13703208767595,210.63728486888795,221.56817452589564,231.65866455767497,242.92037557657696,255.5788942420777,274.25416726127855,326.61109372537004
hm102/min_totimb_B2_max_drawdown_mean,hm102,2429,-0.04055730554269818,-1.0,-1.0,-1.0000000000000002,-1.0000000000000002,-1.0,0.47370873822385556,0.5262912617761444,-0.0006042646433215583,14.78101899743242,5.5892773156167825,5.453904877415113,4.983617188212737,4.718377069013591,2.9721096305316927,2.4660156681249585,-0.08616738611029194,-3.263820902755177,-13.509700445251577,-0.009494677869623134,-0.005411305426058779,-0.002748825256912272,-0.0010809516451273555,-0.0001903443949282543,-5.476458838798897e-05,-0.0006655943373455569,-0.0024969115959440967,-0.005529399055421545,-0.01228026672962764,260.27806535801386,188.759877648037,200.77990705086404,211.94442738901114,223.3416197328618,232.50122926808604,244.68963214316864,255.68700748458863,271.57745828412885,297.6217931265669
hm102/min_totimb_C2_mid_deter_ratio_corr_min_totimb_F1_absD_mean,hm102,2429,0.03291319096111908,1.0,1.0,1.0,1.0,1.0,0.5510984944638139,0.5510984944638139,0.0005827872098590522,-11.083080069995706,-3.2523622408500406,0.05968210871253081,1.6084896772996318,2.7770673148854885,3.5849038176726493,4.74888604076674,5.205645475578159,6.376269652793994,14.13734789459025,0.011777923642312747,0.004459798277857654,0.00138050803731726,0.00025502775905699864,-5.6020883818007674e-05,0.0001649588208636842,0.0009341459875034167,0.0019251286677765482,0.0036029894258401488,0.0078859440165496,270.8263479724234,252.3942254540354,243.9804730928401,239.6370348019332,235.90405467628693,233.44363308237484,231.69306434865408,230.02676124402996,228.71532455877568,255.26480917528662
hm102/min_totimb_C3_cold_gain_corr_min_totimb_C4_hot_cold_std_ratio,hm102,2429,-0.04927197674345576,-0.893540742654564,-0.34082304237558325,-1.0,-1.0,-0.9272727272727272,0.4326798144906047,0.5673201855093953,-0.0002938045462003207,6.058552041076476,6.751708729254135,6.523928665362064,6.080659906051111,5.341767970956419,3.949246291006845,1.6430023816185209,-1.1666532710615947,-5.484110899306721,-5.577143292032034,-0.008430906832413572,-0.006457349922975585,-0.003985881181732748,-0.0019097913983870964,-0.0004079371248883674,0.00012856792817597272,-0.0007123385546618954,-0.003393413600044653,-0.00852611493098898,-0.015283006579338487,197.09765465939253,190.75249022688908,196.25206496574276,203.0719177643547,213.14105961858354,225.81593135693416,239.4630690709974,257.936180307221,285.55462054445957,355.511458830371
hm102/min_totimb_C3_cold_gain_corr_min_totimb_D2_dr_skew,hm102,2429,-0.028861272834419503,-0.043386762161058676,-0.309887333787978,0.0922173247596952,-0.309887333787978,-0.7454545454545455,0.4573813314637804,0.5426186685362194,-8.785569961235793e-05,3.9246904429690006,4.5830283342529246,4.207977738813146,3.9315645939148416,3.3334519862648975,2.355908724159734,1.0783007428617626,-0.1421903535901815,-2.476050933491809,3.337620327892297,-0.005749109260725761,-0.004076981659285607,-0.002194254023620822,-0.0009552002971818726,-0.00018487859906678766,8.170334133816591e-06,-0.0005113374537234787,-0.0018928567099097055,-0.00490062529315538,-0.008316344172271553,207.12719038051205,204.7472373349456,211.97851696821556,218.8498176257794,225.72767688634096,233.85433856339608,242.85433637433042,253.95554271931204,269.9890969834284,328.33724984679986
hm102/min_totimb_C3_cold_gain_mean,hm102,2429,-0.06536830972405726,-1.0000000000000002,-1.0,-1.0,-1.0,-1.0,0.45742659654481943,0.5425734034551806,-0.0009093747272165133,17.720950055208892,8.664809338362478,7.656578519065029,6.5140735479017655,5.125958025914255,3.5901841881773624,1.4817624664937687,-1.3136873934724953,-6.024991593557462,-19.32179602303305,-0.013122262070496379,-0.009029021166445501,-0.0049681189090896175,-0.0020162570094503516,-0.00034957209702668804,-5.485536526758145e-06,-0.0010509079262751078,-0.00391104635357411,-0.009276436384311063,-0.020729827543645,246.38225747563914,182.1654502025464,189.34988260799537,200.113528300857,211.28720516356648,224.4653751143144,239.3634492748783,257.46883432341065,281.1085593647003,332.2190758867784
hm102/min_totimb_C4_hot_cold_std_ratio_trend,hm102,2429,0.017073758217829076,-0.20069225308874783,-0.688597487613613,0.8533844537940855,-0.688597487613613,0.44242424242424244,0.33752685608837435,0.33752685608837435,-0.00013938009458807173,9.94382069830027,-2.495544709429282,-1.9971111796901526,-1.203061221667431,-0.20154056168316736,1.6907051490597569,3.0330640815435976,3.6726963149318212,6.013034715708618,5.671108512001179,-0.0008780823830901502,0.003083765562880785,0.0021866267774528696,0.0011331760511236878,0.00028441044963731444,-9.364445297724306e-05,0.00019958256667701563,0.0011424518812207778,0.0035953073831866533,0.006559544476305442,287.637542568921,242.11864107057758,247.89248407004445,249.21737486717402,248.31329341083685,244.29665954196864,237.838865132439,228.58230256281462,219.19185995144895,210.86396333174193
hm102/min_totimb_D2_dr_skew_corr_min_totimb_F2_posD_ratio,hm102,2429,-0.008523901489249922,0.6067421637613201,0.41381012115939375,0.7314289720514391,0.41381012115939375,-0.16363636363636364,0.4705911945551838,0.5294088054448162,9.289588867066887e-05,1.0688231313371452,2.6319065710126197,2.9800596765064085,2.182691360443235,2.194598554588642,1.7754679260640185,1.169150652991524,0.484910284769185,0.8495719182639297,8.804902606011728,-0.0009429021197099751,-0.0016100018445298586,-0.001098030354535007,-0.0003437810733647669,-6.027357917603116e-05,-3.1148190422453127e-06,-0.00031375241319320045,-0.0010849067948981112,-0.0017038520405822561,-0.0014561823388891649,231.04205630760325,222.7141753910667,225.1936078292625,229.00965104602122,233.52985392932246,238.37824879170327,243.11414015313247,247.70709245211373,252.9980210973507,294.84886779513545
hm102/min_totimb_E2_dfa_alpha_mean,hm102,2429,0.05451726227238644,0.7184083025981823,0.596921818357418,1.0,0.596921818357418,0.9878787878787879,0.5161254434836986,0.5161254434836986,7.156925625098733e-05,-6.264145360285488,-9.445014904445578,-3.2658138976775963,0.5813033261174666,3.157006757252928,5.257816899970038,6.76865486135158,8.18939365736825,9.205986893167594,9.966184660741295,0.013188092628279361,0.00959006871167217,0.004061267620214873,0.0011964111289398715,6.496736462387981e-05,0.0002537223808436481,0.0015706412786730302,0.004100621665539149,0.00781990302623572,0.012599997211113625,353.55419411399004,282.265233379087,257.93793239468516,241.6911050109387,229.12136255259932,218.91124120282078,209.85481278407104,199.95681394646698,188.26892261447455,174.63327807061904
hm102/min_totimb_E2_dfa_alpha_period_ratio,hm102,2425,0.011012087941462254,-0.32079868981423165,-0.6147234976928039,0.40688689053623034,-0.6147234976928039,0.44242424242424244,0.37341446963340363,0.37341446963340363,-0.0002647675676863575,10.751677382313678,-2.4004927809675753,-1.9500800971646424,-0.8191691812706396,0.73764333057001,1.4245289946210655,3.0505953943058577,3.577361083105794,5.176128472681245,3.5945352068240086,-0.0012983331758383186,0.0028194432208601063,0.001808268367316304,0.0007601553290980756,0.00012140727764509004,-3.842426116157385e-05,0.0003379212041799303,0.0009511615656200698,0.00268991559142316,0.003125340390005773,293.8552770996374,241.97982088832356,245.6859549450333,243.9700292861552,241.40192682063824,237.97892382744175,233.5675477517363,228.17077361929893,221.43792325529296,224.0107473276152
hm102/min_totimb_E2_dfa_alpha_std,hm102,2429,0.05832394115341247,1.0,1.0,1.0,1.0,1.0,0.5274557942400703,0.5274557942400703,0.0002962689942663075,-8.172019986469785,-8.056431346512113,-2.43985694050574,0.44545657804764294,3.4496838495805346,5.1464447357378065,6.88228645531414,7.966914503184151,9.191669936712254,9.737473392865212,0.016379185424889073,0.009227166884864498,0.00375608418605485,0.0012156971092727896,2.8898301523547e-05,0.0002650040475762165,0.0017497617849604546,0.004388830918820639,0.008357801832579602,0.012659241668604321,366.0883290913257,280.7723379489824,256.05483313531516,240.48170507024386,227.69864947160173,216.87507678036678,206.61871588122577,195.17818811243964,184.13857182988957,173.69839955077063
hm102/min_totimb_E2_dfa_alpha_trend,hm102,2429,0.014770981918233499,-0.21365735287997772,-0.45141116151332394,0.36893044790065865,-0.45141116151332394,0.41818181818181815,0.4321364745467622,0.4321364745467622,-0.0002318240572798755,8.986059998994069,-3.5069128190940413,-1.7328442761076617,-0.5147077671608488,1.2150471804244396,1.8117180311189431,3.622277827343499,4.545691560869274,5.769577000820744,3.945025365555101,0.00021956214760003178,0.0035456793581096317,0.001839155736619227,0.000771824357615185,0.00010703808262337963,-1.161609481858512e-05,0.0004890814138443229,0.0013599586473002473,0.0030971844676045456,0.003584937859015405,295.0932244417145,245.08289020694448,246.57132891783894,243.98229816324883,243.12541398518513,237.80376939959075,232.1122593783298,227.30404876751385,220.59031895201298,222.5131404223173
hm102/min_totimb_F1_absD_mean_autocorr1,hm102,2429,-0.018417572326370438,-0.3487902328091846,-1.0,-0.072652021908085,-1.0,-0.9272727272727272,0.4547076542093154,0.5452923457906846,6.311288336378547e-05,6.91211173469483,5.530378558333191,4.7172799324964085,3.743255229254806,3.3426179750638965,2.254759132138305,0.939734836476213,-1.1333785252264912,-3.6358794574303857,1.456798945384231,-0.003912881403061547,-0.0024936395266156805,-0.001312683341680801,-0.0005557326580355818,-0.00012837209050543097,4.199630599111133e-05,-0.0002641335027365824,-0.0013196220441744908,-0.003462808672790847,-0.005072808276124379,235.43104730903525,232.62892449653714,232.6052927252083,232.59688225065588,232.46385993380164,233.03148929224784,233.8760612319948,235.86062225492697,242.11463759873527,302.4442456159421
hm102/min_totimb_F1_absD_mean_autocorr1_abs,hm102,2429,0.018417572326370438,0.3520132515335747,0.0744952288394251,1.0,0.0744952288394251,0.9272727272727272,0.5453292862826722,0.5453292862826722,-5.8399310988957426e-05,1.4322908522101434,-3.611293037686661,-1.13235435492847,0.9487172963830944,2.244221698503992,3.3508451207501704,3.753445007794384,4.697374110414499,5.544484099658813,6.912058358773341,0.0050945588536962785,0.0034433476429485805,0.001319216603752231,0.00025911309798347853,-4.0747772000512204e-05,0.00012957742951950422,0.0005605594114613336,0.0013065727920614314,0.0024971989971620404,0.003906574580774964,302.3213095935778,242.1124378758101,235.86013135428226,233.86110976454324,233.03755356321923,232.4718622235429,232.56919270064665,232.57499684703356,232.68920887621462,235.42588444549003
hm102/min_totimb_F1_absD_mean_curvature,hm102,2429,-0.021169489965288158,-0.8546779722899238,0.8692618251088962,-1.0,-1.0,-0.7090909090909091,0.24095786698390265,0.7590421330160972,-0.00032374945905388027,3.913747351020339,4.628914142490181,4.7871368815569415,4.96638327723331,4.892760792694594,4.419252848229711,3.1904243162293557,2.298490054162616,-0.506336676636643,-8.467923248430667,0.001226897785258033,-0.0023548016076922894,-0.002136510780519245,-0.0013625813878115798,-0.0003959491773170677,0.00032479693873106426,0.0004724514372998536,-0.0001749497723720469,-0.003104007891399056,-0.013341086050411937,240.97032556520864,221.2421129802872,218.9093422408654,220.71523730551536,224.2362508004776,229.24876282149054,235.34385911703825,245.25045637872816,261.6611968572398,312.4213074499162
hm102/min_totimb_F1_absD_mean_iqr,hm102,2426,-0.033152260932249815,-1.0,-1.0,-1.0,-1.0,-1.0,0.4549612560060962,0.5450387439939038,-0.0005407135584739546,15.926743242570549,6.16910541056028,4.707644285507808,3.542916027794492,2.9128032571046085,1.727252572614045,0.29737298383615873,-0.5228795622811215,-3.2428717367191364,-9.263736499780396,-0.008228590208450706,-0.003989480717584443,-0.0017717020024673811,-0.0006699190440653407,-0.00017729858090749845,7.22803660152378e-05,-0.00028570731110143027,-0.001367550229114183,-0.004556208037033015,-0.01163737160906709,268.4577256449959,219.34481509948077,224.41639080059952,227.72992366409184,229.56461667918418,230.33475892666888,232.96851962059162,239.48772245667345,251.602713183545,278.88388138016336
hm102/min_totimb_F1_absD_mean_period_diff,hm102,2429,0.01688954495636715,0.0029004147662847445,0.9999999999999998,-0.8518909927116555,-0.8518909927116555,0.44242424242424244,0.9120236123822643,0.9120236123822643,-0.00015466645524813655,-5.217180572235956,-0.44215364186755113,2.1708627436453662,3.909744514540688,5.188262204006696,5.828441245814035,6.551206663323092,6.782598667674706,4.508400155378073,-5.147773208579207,0.011957653428473249,0.003866878824380398,0.0005424987177241799,-0.00043832925796767597,-0.00038397845078171625,0.0005215824813704439,0.0019631115479362975,0.003395491835410169,0.002911050722727258,-0.007291748437657261,316.20381228159937,265.0137842045048,245.38701658167025,235.76105876307955,227.79499975898247,222.13333967235266,217.52719739399814,214.77889258628957,214.64439613918404,237.90825057400218
hm102/min_totimb_F1_absD_mean_period_ratio,hm102,2425,0.009760812583536341,-0.40085666346572774,0.20578344235676616,-0.9991670423784179,-0.9991670423784179,0.06666666666666667,1.0439665878180322,1.0439665878180322,-0.00027506365904428814,2.489544564409382,-0.20712810250176716,2.192156120355733,3.557467085687739,3.8869734620215994,4.568266708291983,4.5717986422385914,3.6912682952992326,2.2999307507119573,-3.9051343480687573,0.00860806816993814,0.002605682258261749,0.00013660973928980385,-0.0005734971564682511,-0.0002997435342904942,0.0004282540455080821,0.0013661564152822436,0.002020082600550978,0.0016092300038295165,-0.0058649662993211435,326.69055817608006,254.84786290695106,241.88860136135332,233.8362025575763,227.7487656935024,222.97245182479637,220.1859762177888,217.9893803885422,218.40414604406624,235.60766541286156
hm102/min_totimb_F1_absD_mean_quad_coef,hm102,2429,-0.02115836548164628,-0.8538376759900609,0.8880435478795988,-1.0,-1.0,-0.7090909090909091,0.24097643675265143,0.7590235632473488,-0.00031685670738931457,3.912281635298538,4.631306939345185,4.772911829599786,4.97108926828668,4.90830451620801,4.428392402368501,3.1754558797187733,2.2894935874533084,-0.5081789660717159,-8.458209252758998,0.0012272624476952492,-0.0023580386431312677,-0.002132392643673996,-0.0013615597779350584,-0.0003975839039244858,0.00032361005312564185,0.00047015535710294513,-0.0001706131442071169,-0.0031077956441482335,-0.013334552875160622,240.99530479735816,221.2268639780644,218.92478818332668,220.72809243398277,224.229151747598,229.28609196264813,235.32916130771503,245.24387309200816,261.6293204047391,312.414143537481
hm102/min_totimb_F2_posD_ratio_period_ratio,hm102,2425,-0.013463736744769092,-0.9999999999999999,-1.0,-1.0,-1.0,-1.0,0.6819503269906257,0.31804967300937437,-0.00018095793071116697,14.704529706233279,3.949492181382945,2.615673665223247,1.5002141019928084,1.3585726951771444,0.511247096617285,0.036203071182435285,-0.007745288137350805,-0.2804069511259777,-1.2525807091251158,-0.006874213176137627,-0.002101522855404904,-0.00037761052735554775,0.0001684046626523578,0.00012674654065477123,-0.0001836014592056428,-0.0007006294993610534,-0.0012005925524147473,-0.0019587288269393675,-0.00018103112054615374,284.58155992156316,224.68890606092302,234.6233096942529,238.23722655028936,241.39085666939908,240.82910873868062,241.05105193031727,240.61073060553946,237.9467442523163,230.61243988600688
hm102/min_totimb_F3_D_std_period_ratio,hm102,2425,0.009348384211002952,-0.4019508525596129,0.20442057353564835,-1.0,-1.0,0.030303030303030304,1.0396008706619184,1.0396008706619184,-0.0002991261460678423,2.669798207462047,-0.22824294577471532,2.34311458734601,3.3102882552193593,4.1590756195423255,4.507254821382857,4.086523379031696,3.637644848710561,2.3548736308900526,-3.6956898897945836,0.00818909938091387,0.002572287063701548,8.289826189045066e-05,-0.0005104112976694835,-0.0003043132419057039,0.00041628169811352956,0.0012116784804564185,0.0019548653835434263,0.0015628094429358105,-0.005527684814909066,324.70684379329464,254.77107234964157,242.0156975812144,234.50196683825777,228.5688721951659,223.71297869125394,220.85135005453117,218.41859666854282,218.8876888524465,234.95376323908934
hm102/min_totimb_F3_D_std_quad_coef,hm102,2429,-0.020939603203905106,-0.8921466713483823,0.4941641148023693,-1.0,-1.0,-0.7818181818181819,0.24764255504550964,0.7523574449544902,-0.00025842126685539325,4.124495309119162,4.717512555870991,4.867035858244194,4.747880878641751,4.6156554026163485,4.528868795845807,3.111480582493953,2.185795060155922,-0.6167344277393402,-8.159874353368044,0.0009710321861518904,-0.0023265621436341605,-0.002090675712843531,-0.0012887914473838661,-0.00038654361854236055,0.00031094052325444704,0.0004887149640768832,-0.0002163102093689165,-0.0030441884366412303,-0.013098798042118841,241.0217009920433,221.98152656546188,219.5014940759241,221.13174380822366,223.73426091147775,229.41912368422445,235.35628509243443,244.95757567943292,261.2233404517548,312.0849380647218
hm102/min_totimb_F7_absD_tau_slope_mean,hm102,2429,-0.023243233069410826,-1.0,-1.0,-1.0000000000000002,-1.0000000000000002,-1.0,0.3717390060163233,0.6282609939836766,-0.00037037360606200566,7.1896915514686786,6.2018619785999105,5.511949103323401,4.658235196777547,4.112926345493719,3.3755453690425385,2.4140048056770755,0.9813468622173864,-1.5753460582251557,-8.752864255517958,-0.003637980698813732,-0.0024299950077560635,-0.0014831260911704082,-0.0007220281250833306,-0.00022960411883283106,0.0002003743117085711,0.00024843672853710894,-0.0005891750220952532,-0.003254792207793154,-0.010974969232049785,246.23745051134244,234.56900551088515,233.56919052846087,232.3569213510023,231.15154380109516,229.28241117649938,230.62888488598938,235.64201078666684,248.72338525371208,282.20466827262777
hm102/totimb_fullday_mid60_B4_dr_std,hm102,2429,0.04005071969687453,1.0,1.0000000000000002,1.0,1.0,1.0,0.433975331072884,0.433975331072884,0.00044358412457198,-6.903817862721364,-3.016765204890931,-1.2781768464664658,-0.13197738742383885,0.3664710109242195,1.898912360736389,3.958657027056039,5.800572477436375,7.570095527953225,15.455282326589945,0.007934536502350658,0.004631629474537624,0.002774445374238878,0.001466954995158741,0.0003809534265526829,-0.0001488918670551208,0.0005939925098531589,0.0029165790693609687,0.006946775595255065,0.01211016049204985,284.319633707035,265.8580944992539,260.0789064875985,253.9000633590592,244.35464750213126,233.01574024779225,219.1287496111253,206.3025900232097,194.42920277961215,233.91427517886265
hm102/totimb_fullday_top20_B1_decline_count,hm102,2429,-0.016990183751169112,-0.9931983211918651,-0.9892501691093383,-1.0,-1.0,-0.9878787878787879,0.49362491697252625,0.5063750830274738,-0.0003501082317482322,10.656785366406291,3.3144938609564845,2.919226297313111,2.965696561291196,2.1039593793835634,2.0543230107063684,1.927792217531237,0.6609240735383174,0.1148014816739104,-2.9146253015529546,-0.005363032939005541,-0.0016239292825881507,-0.0008232630952308995,-0.0003742921310155623,-2.9438448850553152e-05,-2.6839102624441444e-05,-0.0002206364534913183,-0.0008461846965324357,-0.0019892947176096136,-0.005343164652472383,251.1696381076177,227.97500092939063,231.517631498586,233.9196863079337,236.5669022504473,239.46293631883384,242.53777811201604,246.19717864811417,251.3634562511388,263.7139574463104
hm102/totimb_mid3h_all_C4_hot_cold_std_ratio,hm102,2429,-0.025725683216076354,-1.0,-1.0,-1.0000000000000002,-1.0000000000000002,-1.0,0.40919085655661147,0.5908091434433884,-0.0002512853072773261,7.528898023622623,5.5408349417043015,3.9716932339781916,3.8147863883698387,3.110886888317549,2.034853238143599,1.0653417605344504,-0.6055939861755426,-2.169964450536041,-4.666727991681579,-0.00280337410468873,-0.003645937939342848,-0.0024595306789645444,-0.0012587041433916465,-0.0002563438341776587,6.704388206467446e-05,-0.0003994547177071063,-0.0017799319078738675,-0.004476733774016613,-0.008461430690700687,269.4671521252687,231.24148036029806,222.22362255268888,222.24529617821855,225.5995593555845,232.32779564408366,239.25890915951965,244.71759708748021,251.91550369012106,253.14237851161454
hm102/totimb_mid3h_mid60_C4_hot_cold_std_ratio,hm102,2429,-0.028739618810900935,-1.0,-1.0,-1.0,-1.0,-1.0,0.4390677931413506,0.5609322068586495,-0.0002486513569810739,7.533420430235111,6.1942769545187835,4.649068431225576,3.8467075969475615,2.713151949832712,1.8546801819536107,0.8079520167490493,-0.0436221935092901,-2.629284933948738,-5.3407268928626115,-0.004476920146906527,-0.004334296806398443,-0.0024086876391098966,-0.001082901816307552,-0.00020665979573218296,2.6127584290569394e-05,-0.0005133818361648444,-0.0017197613019558282,-0.004669043317152528,-0.009105442378482546,253.29722322195033,226.88660115590716,224.73733040041196,225.94968803167075,229.8696129165315,235.22544056576692,241.45224911537616,247.6130344743291,253.55524245163096,256.2715604623443
hm102/totimb_mid3h_mid60_D2_dr_skew,hm102,2429,-0.01946351728542634,-1.0,-0.9999999999999998,-1.0,-1.0,-1.0,0.5066308406103336,0.4933691593896664,-0.00012634663102532975,8.438551075641842,5.119549006061179,3.6221264772509585,3.0632284286236313,2.250987452991949,1.344498327398351,0.6392076495693456,-0.5788354303874093,-1.6148311685657541,-2.6828854880416477,-0.004812933593532817,-0.002955158213665931,-0.0013839369007686256,-0.0005724372870579584,-7.2341028639312e-05,-8.151228221184795e-05,-0.000514877716030116,-0.0016535411351170034,-0.003283645813379122,-0.004006786683998246,254.76473140888496,236.21481653816514,235.21820632289533,236.6103223706509,238.99377808728258,240.74586071773453,241.82468935162154,242.8500124276447,240.0461156756738,231.8008530462456
hm103/SEG1_T180_BIN16_S3_TAU050_EARLY_INFO_SHARE16_RAW,hm103,1654,0.02452742399486453,0.40788507498149007,0.026273857374884278,1.0,0.026273857374884278,0.9151515151515152,0.36898691584445803,0.36898691584445803,0.00021310023265495143,2.658642507331777,-1.3328319668521247,-3.6348878070132296,0.32746476542184627,2.9982766418694857,5.037346929396561,6.426654430665289,8.004236318943663,10.114589378654234,11.329381837486801,0.000956416116046644,0.0020337490874035398,0.0038261967384922405,0.0018652173833329363,0.0002900880105859647,-4.2992002232335e-05,0.00046208001310937315,0.0020342230021923864,0.004770065374166366,0.008119280039112445,259.4198785605503,262.80593586105704,277.16090448401906,260.1778290160356,247.2402377787907,239.00087092480229,231.7607671778608,224.63667416011333,219.25317961469935,219.40787230797287
hm103/SEG1_T180_BIN16_S3_TAU050_K16_TAIL05_ENTROPY_RAW,hm103,1328,-0.024937298991210798,-0.8483218488127836,-0.9475555943421855,-0.7399247957906103,-0.9475555943421855,-0.9757575757575757,0.5215167224133332,0.47848327758666676,-0.00019056846824911503,8.51821890712641,6.914864961380528,3.5091873779630838,2.8567010170762552,3.0091561981901234,2.812296225527633,1.5025647418183101,-0.6864770561137656,-2.057712973914742,-1.329768501768139,-0.008758701340002228,-0.003059100214466262,-0.0007492472738152762,-0.0002730696295935366,-6.571533490367995e-05,4.454607310336066e-06,-0.0005794789709326914,-0.0019718988107618953,-0.004190967489191646,-0.005103006066604832,222.22987778401696,218.48239004461863,222.54382828772356,224.3365714609359,226.96495811083696,232.95595437780943,240.9788308718986,247.9287635040096,254.16385467302763,265.08197868557016
hm103/SEG1_T180_BIN16_TARGET_KURT_RAW,hm103,1572,0.026054854912071115,0.5452355844901043,0.06885973757538738,1.0,0.06885973757538738,0.9151515151515152,0.4342004397036504,0.4342004397036504,0.0002012464433127288,1.648194577929599,-0.08799563780688038,-1.492453473804215,0.49977842500493347,2.112709344149476,3.54098233379031,6.921507853576949,8.152234670346566,8.471112353404603,9.17909637131115,0.002150387292165176,0.0037758816638818267,0.0034862297565767275,0.0015626298687130525,0.00025051958372411325,-8.114309344196107e-05,0.001525733339539174,0.0025963793048452482,0.0043069373677096555,0.0062800533850453375,254.6753541659498,256.39440147561055,256.30637369120575,250.55138081037526,242.35297725097203,234.7251438238058,229.65088426259092,223.65563693450747,219.58559115435827,236.47040473581987
hm103/SEG1_T180_LOGVOL_S1_VOTE_B2_CORR_RAW,hm103,1315,0.03395054404245282,1.0,1.0,1.0,1.0,1.0,0.5039252203565849,0.5039252203565849,1.5875806158417226e-05,-6.753713493595449,-5.423738816365307,-2.1388207980659764,0.27162122324005783,1.8760958277183994,2.7919537561420036,3.5342048317554435,5.575182974364058,7.646068501389713,8.065060703554124,0.007609583851884587,0.0061326081893524915,0.002622675455328734,0.0007033374313804086,3.233024075598364e-05,0.00010631481082933682,0.0007762350993268318,0.0024165473719131203,0.004040112277877603,0.009494923507645194,278.91647277106136,269.7455007266239,253.2739211352931,239.84090985798179,229.6524004775955,222.26602995649276,214.4538610339531,209.70481141990666,204.36307987417104,216.70378432827542
hm103/SEG1_T180_LOGVOL_TARGET_MAX_SHARE_RAW,hm103,2429,0.043173338596158004,0.9999999999999998,1.0000000000000002,1.0,1.0,1.0,0.5954502045652238,0.5954502045652238,0.0005778866756662532,-15.445997914592345,-4.085953699732732,-0.38579607840292157,2.049627577826585,3.710372227075176,5.5973887655663646,6.355248583761754,7.319475226149496,7.827538614852145,8.02946027369539,0.016606776649994315,0.006347656864312656,0.002277777740573763,0.00030088643944562127,-0.00016962713472141796,0.00041968340870783197,0.0016995057031626826,0.0034647412322584255,0.005280337623409133,0.006367713393348704,321.0354220093484,274.3679433171453,254.03031787155274,240.61796184741215,231.04118685039924,224.55054837037343,219.64466277295108,217.92010921354046,216.96489009734452,222.7184063597039
hm103/SEG1_T180_LOGVOL_TARGET_SKEW_RAW,hm103,1573,0.021773334226303568,0.2522178832166124,-0.19613796270215317,0.5893509056861842,-0.19613796270215317,0.6363636363636364,0.411117817126942,0.411117817126942,0.0002530543751396357,3.8988685230155173,0.7371950861310312,-2.6875448980587904,-2.974052640627862,1.6448797744196402,3.9373454554667964,1.843389491901679,2.8587197732856042,6.835905435238332,9.947707395537291,-0.00025742414773852163,0.0031988208714017496,0.003889534943163882,0.0019477444024755658,6.8694407068766e-05,0.0002495191661564839,-0.00035132545737933307,0.0003978846159183417,0.0032783928427668235,0.009098438207330205,259.4390813787677,254.19443206710548,252.98804281540865,252.81827877818128,238.5017582431972,238.4416170130738,243.2508144856254,237.16292773649772,225.99767799107184,203.5354633580452
hm103/SEG1_T180_TOP10_TARGET_UNIQUE_RATIO_RAW,hm103,2429,0.04282112192145358,1.0,0.9999999999999999,1.0,0.9999999999999999,1.0,0.58620495339935,0.58620495339935,0.0006104491803278285,-18.118485327307923,-6.307958503869848,-2.8527144051982325,-0.055154234668991386,1.3338397768590602,3.2456867942920877,4.062752257398139,5.170962266651601,6.37490881972307,7.332990957107211,0.016267862770854364,0.006144229690624644,0.0022215710557347023,0.00024972232898181766,-0.00013928039902872592,0.0003932902422230652,0.001556066237728388,0.0031238872428883914,0.004975051298362174,0.007418272272756886,328.19728507816177,281.50431395802735,260.78217861824226,247.65455961335488,238.63248256952647,232.8474337831058,229.28778528312745,229.88977456441185,230.15035528091144,231.26484934941513
hm103/SEG2_T180_BIN16_S3_TAU050_K32_TAIL05_ENTROPY_RAW,hm103,1122,-0.027536171597082434,-0.8979623527815142,-0.8360588665948346,-0.9514193825742668,-0.9514193825742668,-0.9636363636363636,0.5423025741791524,0.45769742582084766,-0.000116020208670274,4.295619217166271,4.391947557748995,0.7033362625904266,-1.5394153893830582,-1.1061341505116986,-3.2528578573424447,-4.008523220778274,-3.92631959131528,-6.207747983834226,-6.472665695668438,-0.009761502527123283,-0.0038484167232644617,-0.0012727528770761943,3.048937689363196e-05,-1.783593174764099e-05,-0.00013408653132571154,-0.000762323351343375,-0.0014819744764588306,-0.0038898101152512396,-0.006281938231715009,225.4965815088175,213.80673729853527,223.43837349116367,232.79863660366934,239.16929009980547,242.77852197356415,247.44625842819465,252.30769174881732,256.39520578114974,261.8020835970321
hm103/SEG2_T180_BIN16_TARGET_TOP10_SHARE_RAW,hm103,1142,0.015953838834978397,0.32867028858537223,-0.8371538402189861,1.0,-0.8371538402189861,0.28484848484848485,0.1290051265466845,0.1290051265466845,0.00026699884228810277,-0.02550182416371688,0.5448750476104474,-3.6707189750553697,-5.7072802634973705,-5.889848754050655,-4.9235103816573655,-3.872647043328339,-1.3960003912998407,3.1316422283095453,6.275135531518306,-0.004231416506852285,0.001629898797446935,0.0024846037067427947,0.0016436931420967299,0.0004969036389404302,-0.000348688689079802,-0.0005854389113852292,0.0006266169219340589,0.00423659472709119,0.009734073165755487,245.14539515915018,258.5755310736626,255.51376559928846,250.3306600832372,246.4440065888513,244.11218325168235,239.28376170562868,229.55667949339124,219.36227767729557,203.17410264570412
hm103/SEG2_T180_LOGVOL_TARGET_GINI_RAW,hm103,2429,-0.03208031825828056,-0.5913401646421695,-0.8505945151592628,-0.4714706515692566,-0.8505945151592628,-0.9515151515151515,0.4637790227295285,0.5362209772704716,-4.5294584283338736e-05,5.880482687749903,6.170169009615127,5.256054060668673,4.244086152365178,2.5820014203736346,1.7539922260793714,-0.4605897290690956,-4.005621129294837,-6.4935231732316785,-3.5311440489714294,-0.005498374679163994,-0.004767745382786572,-0.0030088119476201097,-0.0013781760196371156,-0.00020406394343595624,3.2673213697207625e-05,-0.0008136196329380651,-0.00326671041271384,-0.00658775368821516,-0.006542441181183631,237.06844263004032,227.61421900090363,232.19848505961858,231.99699684051768,238.09293448080166,244.05011478117825,254.73537976856426,267.26245753311525,277.8470300474216,272.9461631584048
hm103/SEG2_T180_LOGVOL_TARGET_KURT_RAW,hm103,1355,0.012314506420072618,0.29212528295334006,0.07010993484064953,0.00141342965063988,0.00141342965063988,0.8181818181818182,0.5210358030070595,0.5210358030070595,0.000169591566778157,-1.1692047390019402,-1.661778147462501,-1.8215040051973979,-0.8169596520303716,-1.037576133655761,1.709215455532635,4.340202877286736,3.3200097224086833,2.090195909149462,1.7166423893489016,0.0015627796005983992,0.0022195410765815655,0.0016348019102943837,0.0006917546570439274,0.00021905821852036253,0.00013870314257264534,0.0017279110275901332,0.00171826342548503,0.000920956473656487,0.0013111453209515172,253.8368530943294,253.84310030076517,251.2251529731976,243.94043781232858,238.82675557053946,232.3671727692217,229.04585085769043,237.10298209210498,244.83007134912583,258.4092453994143
hm103/SEG3_T180_BIN16_S2_PRICE_T2_GLOBAL_D4_FINAL_CORR_RAW,hm103,2429,0.04694728705441189,1.0000000000000002,1.0,1.0,1.0,1.0,0.5861937140194469,0.5861937140194469,0.0007264107656248377,-16.388597679853792,-4.128273263869471,0.33094115678598074,2.9113813990785458,3.7906907694242054,5.176007090815522,6.096317889162314,7.125679073508289,7.587804004642299,8.219354562543192,0.01841130484952043,0.00669022370213617,0.0020512740710148408,0.00010382472292066112,-0.0001622402086346593,0.000383777933892615,0.0015653642500273012,0.0033666424193014217,0.005516186524632381,0.008294518023975852,328.61846964869073,280.33839816126226,258.93538101329705,243.834856270643,233.3674235847441,225.3402453096926,219.37615815973774,215.83315964611973,212.66445721729087,208.95290993545143
hm103/SEG3_T180_BIN16_S2_SIDE_EXACT_GLOBAL_GAIN_RAW,hm103,2429,0.013606155855849369,-0.08197982520068459,-0.5469313021561015,1.0,-0.5469313021561015,0.45454545454545453,0.39271715685582603,0.39271715685582603,-1.8205144966409734e-06,6.899226331765498,-1.8006409746471508,-1.2173023743022637,-0.13535584548282648,0.7473956100656015,1.1499686450695084,2.074891427939208,3.2469952687867547,4.430873268135544,5.580877163995067,0.00026013134759509353,0.002710289789844049,0.0015751529853683542,0.0006713808644417637,0.0001271308034742858,-3.513478558989137e-05,0.00017440587984709197,0.0008588796809614823,0.0024272500783768833,0.004838489726026893,292.453891674204,262.0279142573012,255.67107605675866,250.6759133925167,244.86125775896008,239.51117749806093,235.02828132894052,230.48208254389039,225.59339344036783,218.57356874010165
hm103/SEG3_T180_BIN16_S3_TAU050_DISAGREEMENT_GAIN_MEAN_RAW,hm103,2429,0.02747117320940615,0.7151914526380859,0.678550596752733,0.7299911848483015,0.678550596752733,0.9393939393939394,0.5433584080973747,0.5433584080973747,7.3818646388550826e-06,-4.494069774966619,-6.2773345950951915,-1.8447760046555606,0.6467496071228054,3.0345514988181606,4.312252523471787,5.445724579800216,6.80416597782526,6.637541469297486,6.415239950245787,0.005488689266777675,0.006128977382679897,0.0026262352041692685,0.0007277283456386012,-4.894825385424426e-05,0.00022282596558291436,0.0011505519619471403,0.0026372931762185,0.003925566612830284,0.004604871682777226,274.183684808303,283.2398766696983,265.5064539035395,250.46492843366485,239.32660590649397,231.51370898619768,226.0784515177211,222.99119087901352,221.92249369377313,225.9152674828856
hm103/SEG3_T180_BIN16_S3_TAU050_K32_TAIL20_ENTROPY_RAW,hm103,2429,-0.022163648654197926,-1.0,-1.0,-0.9999999999999999,-1.0,-1.0,0.5236041341478993,0.47639586585210075,-0.0002155694247784168,6.719183430552053,5.631167951710241,5.394972279367294,3.7388091815292577,2.865922493544897,1.3562866235066267,0.6942561607072818,-0.789258863207543,-2.289852819750076,-2.6658710166430173,-0.0058005309236568445,-0.0033411676507761486,-0.0018023352724229073,-0.0005137721623156071,-3.429901195819269e-05,-0.0001179465245973087,-0.0006681051414586166,-0.001883862170585722,-0.0033598563900523707,-0.0044262039815958,221.16099351747698,225.30838822625788,230.77285756530955,236.45630529579182,242.0786132419315,247.762737835972,253.9951542797401,261.4540017619272,265.7604535440904,271.10634663944063
hm103/SEG3_T180_BIN16_S3_TAU050_K8_TAIL20_ENTROPY_RAW,hm103,2429,-0.013122373557304737,-0.7659050015484312,-1.0,0.3113254098348956,-1.0,-0.7818181818181819,0.6902589771931757,0.3097410228068242,-8.635318353432533e-05,7.295632372970475,5.248797489535911,3.5831094038626823,1.6015658474951622,0.8738107804151992,0.3090093846748197,-0.024874154522755494,0.5887814686518484,0.39986582334951276,0.7816874032924758,-0.006225179328755681,-0.0026151186162967246,-0.0006384342698793731,0.0003130719663570766,0.00016743015870654263,-0.00022471254503749833,-0.0006864658487600478,-0.0009533221972752961,-0.0011393861983285953,-0.0010339034945008054,218.04279895466703,228.22551332104652,239.49662592505985,248.4628509601605,252.46156824478714,254.31553201096108,254.79104672298573,255.37150949172542,253.502716811559,255.04655421051746
hm103/SEG3_T180_BIN16_S3_TAU050_QUERY_INFO_GAIN_MAX_RAW,hm103,2429,0.0382115619591342,1.0,1.0000000000000002,1.0,1.0,1.0,0.5726963326424404,0.5726963326424404,0.000520130392036583,-13.584717286768877,-3.7425417628441657,-0.7004001583260956,2.226003347735799,4.265337632636521,5.148323916375071,5.721589176805942,6.058897559076877,7.352172529981096,7.946684123867604,0.013964575977275915,0.00537061125998479,0.0020265315911844584,0.00033936622373951136,-0.00011534042166429474,0.0003044865646182512,0.0012388101038410513,0.0026463167175950686,0.004826064634289725,0.007090008916233253,310.13617550778685,274.1570850121543,258.62158912155485,247.8007753818728,239.9263020999106,232.35159761393123,226.21808458278315,219.75343931260264,215.87556856937408,212.54371398123445
hm103/SEG3_T180_BIN16_S3_TAU050_QUERY_INFO_GAIN_MEAN_RAW,hm103,2429,0.026805599137310687,0.9999999999999999,1.0,1.0,1.0,1.0,0.5691286362532328,0.5691286362532328,0.00040965970379999955,-9.830648612966916,-1.4242782508633132,0.09723024325453601,2.3377314127185036,3.4216505170243616,3.9697345091118783,4.643033452576819,5.219369538089793,5.780347134975148,6.471923156914498,0.010284544529648712,0.0033233831423976753,0.0013107355057701269,0.0001769020441967879,-7.288020959641942e-05,0.000176921410822468,0.0008374064907135105,0.0018115662269105714,0.003115713450382424,0.005431646842264854,295.1046350876735,266.54190448101235,254.77663290517802,247.83553332496712,242.85410807781093,237.96104252665103,233.08582276373738,229.02059480477254,224.3051646543304,217.72435263215797
hm103/SEG3_T180_BIN16_TARGET_MAX_SHARE_RAW,hm103,2429,0.05430783629237897,1.0,0.9999999999999998,1.0,0.9999999999999998,1.0,0.5730501943552653,0.5730501943552653,0.0007036323510976819,-18.9019213236352,-5.968301834157281,-1.1909787094058042,1.827148483583912,4.309028643946337,5.667581192987272,7.224418775037905,8.50159568634903,9.374768278770338,9.86226212843639,0.019499040119661963,0.008013768381462269,0.002930741176519373,0.00045720868769005477,-0.0001828588785230608,0.0003916199467359977,0.0018268295504151912,0.004037781910294796,0.006733406224391352,0.009896666822633493,325.99232765641887,277.93768266566457,256.20580696205656,242.16092662615404,233.73161637463357,227.24460951833333,223.62005506817968,217.5930468642156,211.4381852485231,207.8570474096861
hm103/SEG3_T180_BIN16_TARGET_UNIQUE_RATIO_RAW,hm103,2429,0.045374951055190925,0.9702108371860168,1.0,0.7629874102757218,0.7629874102757218,0.9636363636363636,0.6092691433929371,0.6092691433929371,0.0005717514356965716,-17.188351117468624,-5.071542381143059,-0.9135845068130419,2.386683907538834,4.2956778575329455,5.564324920938498,6.976114409435926,8.111972902419161,8.447500860838167,8.05989230948755,0.017875628164197827,0.006925473490169122,0.0025292507335681683,0.00018166131140789782,-0.0002148066459109231,0.00046282527124680577,0.0019519895198396534,0.004039267827221816,0.005696272801235221,0.005355637146518764,323.8467479643249,277.55560936231143,256.3996750066974,240.43182570957336,229.06740620948915,219.73680226701413,213.4710941193929,211.56643097151468,217.3561958041731,230.89509505743584
hm103/SEG3_T180_BIN16_X_S2_SHARE_12_RAW,hm103,2429,-0.017928810430585702,-0.7099584826081169,-1.0,-0.19390492192022415,-1.0,-0.9636363636363636,0.5411614593846362,0.4588385406153638,-0.00015628559071732985,6.345535619161709,4.941336780082984,3.3701372065073527,2.9953187469811233,1.9697710235530883,0.9351706154067075,0.7176141487914379,-0.08404637008736962,-0.8800595572423918,0.3455389647914372,-0.005676881093411648,-0.0026666054782084237,-0.0009537345883652154,-0.0003140320721680694,-6.552247139520645e-06,-0.00010322273372441908,-0.0005193316932007898,-0.001337112671215585,-0.0026091004410235723,-0.0035859518214111465,219.53632165295113,229.2550352750191,235.2985470277917,240.74568839355632,243.13909994674663,247.17002932373052,251.5378661597732,255.7091263850296,260.7965202780167,276.19089347855197
hm103/SEG3_T180_LOGVOL_S2_BOOK_K10_GLOBAL_D4_NORM_GAIN_RAW,hm103,2429,0.01596889207300147,0.05194630361094637,-0.4913956293341371,1.0,-0.4913956293341371,0.5515151515151515,0.33340200535657794,0.33340200535657794,3.64970343214611e-05,5.660833047055999,-1.678148225455087,-2.313819716631468,-1.000612366627946,0.4057425312241893,1.482902762800167,2.4032875013463384,3.8207924574793624,5.055799665877904,6.534736572209039,-0.00158524757608396,0.003095070910189261,0.0024957243825753576,0.0010749520271537336,0.0002313927121947127,-7.806113395965466e-05,0.00018730491322837598,0.001219247681249454,0.003033344003198219,0.006258667118934499,263.8635335453698,276.15500268358284,268.64710656802015,259.6075527084587,251.0148178089815,242.4155804185235,234.72686166191718,227.211453626685,219.98329083488554,211.0333330808802
hm103/SEG3_T180_LOGVOL_TARGET_GINI_RAW,hm103,2429,0.02860253376359491,0.6371435452208343,-0.1481854468071143,1.0,-0.1481854468071143,0.8424242424242424,0.36147684170702477,0.36147684170702477,0.00020453275654943882,-0.7661366595200876,-3.8372811003362295,-4.3268296610682,-3.880901864757271,-1.685226663394717,1.412219446245731,4.901539773142459,7.568063639163792,9.557434242247405,11.738381491218567,0.0016264401195905487,0.003453397681750254,0.002975106482190525,0.0017688472597201205,0.0004414281715682216,-0.00018283132373739466,0.000449145917082272,0.0021177203152354654,0.0051001094585401965,0.010648636925105166,244.6610789352342,247.47033820885824,257.057478856132,261.97216407922673,261.83813873767133,257.0125920539853,247.66068256575946,237.8525354295498,224.84957051331023,203.11193995317052
hm103/SEG3_T180_LOGVOL_TARGET_MEDIAN_RAW,hm103,1872,-0.013821883445177242,-0.25767300804246596,0.13057717091453902,-0.40177592299817183,-0.40177592299817183,-0.806060606060606,0.4331863217565314,0.5668136782434687,-6.400905114670546e-05,5.254058822393338,5.638089629830469,7.626852076225166,5.573860620473886,5.870729577371576,4.297798096248495,3.410973444476528,2.8202641906273302,1.0587902244432634,2.4410742705039317,-0.0026770116685247126,-0.0007664451637612526,-0.001871255175178727,-0.0005211374368096652,-0.00012387355966408668,-3.763243404853212e-05,-0.00011919792126113021,-0.0006950818768889965,-0.0029033438507481,-0.004042895307145308,251.01248606711812,256.4109007244403,250.16093978571513,248.02020209628074,240.85217124185374,243.31039133737335,239.74474103679526,244.61507144170287,250.7563606929732,252.45713996144107
hm103/SEG3_T180_LOGVOL_TARGET_SKEW_RAW,hm103,2429,-0.002322320531389861,-0.06777505828119158,-1.0,1.0000000000000002,-1.0,-0.15151515151515152,2.635138051632578,-1.635138051632578,1.275190103994774e-05,7.569246663197875,4.550814065035489,2.006881102513821,0.3288879241445577,-1.5213367548178256,-1.8257318970055738,-0.6819574016114158,0.6738704940201451,3.1878987645882093,6.376588688037247,-0.00605425432692911,-0.0016199319843992087,0.0003472016157013374,0.0007825761708607365,0.00039117030475223873,-0.0004032506466405804,-0.0009495191438004116,-0.0007567046726383796,0.0009283806842828578,0.00499925956638072,225.63942563106875,235.20595849736023,245.52270580275152,254.0645487526725,259.94998573796744,260.3605818576666,258.185100944597,250.83989681211477,240.3787745175952,226.35746999402303
hm103/SEG3_T180_LOGVOL_TARGET_STD_RAW,hm103,2429,0.022761418452648594,0.6963489989770996,-0.1406329043490022,1.0,-0.1406329043490022,0.8424242424242424,0.3588099595843418,0.3588099595843418,0.00027785748452768496,-0.6359128455693928,-2.411839860126417,-3.12151223312492,-2.642647056120274,-1.2488305679798977,1.5146834022806488,3.55753213632344,6.257345740738457,8.64682380107499,10.764310697588611,0.0015102240028292036,0.002590499451672644,0.0022899950700595844,0.0013448068770167546,0.00033180020070534377,-0.00014299077971187594,0.00016511177103270512,0.0015948556759068,0.0039200769829456595,0.008879181715664044,251.3742746688922,252.1455609169936,254.25635218521438,255.81138632768162,253.50344307128577,251.66534666614484,245.24264484103784,238.19404801007815,228.9587176643919,208.1636575995576
hm103/SEG3_T180_LOGVOL_TARGET_UNIQUE_COUNT_RAW,hm103,2429,-0.02862512968473097,-0.7855594663817641,0.3183482818614538,-1.0,-1.0,-0.7696969696969697,0.3502225038617871,0.6497774961382128,-0.00036708336403694613,3.8176630688090363,5.12238402293486,5.437172352053157,5.571940069691373,4.664891493685379,4.159003754568698,2.687087833692527,0.6057493734817394,-2.5495474390033075,-9.035213963779533,-0.0025178763359461043,-0.003299176834924858,-0.002347541182165314,-0.0013564309510463006,-0.00037557843259325175,0.0002528799034960425,0.00010839366851348872,-0.001254513723726565,-0.004690873718063468,-0.012777328714237715,240.79195806900822,230.29586568477347,228.8577120732671,228.61386142384004,230.4264864806767,233.92032166944622,240.47585170576085,250.00223821125786,262.87455301087397,292.9239071260168
hm103/SEG3_T180_LOGVOL_TARGET_UNIQUE_RATIO_RAW,hm103,2429,0.03142957863774436,0.779525490562089,1.0,-0.09938091735331242,-0.09938091735331242,0.8787878787878788,0.6554321404870721,0.6554321404870721,0.0004124337627557245,-13.097349952794504,-3.837263544478759,-0.04861888092551429,2.8089120742550486,3.9554146707710274,5.414678716365532,6.218081392930726,6.828391120886852,7.505808161568549,4.9531775854810425,0.013988361579080361,0.0052408490754700734,0.0014509830937557927,-0.00011382086793191566,-0.00023673922316285573,0.00041025562086195115,0.0016435160005723625,0.0031440605621857066,0.003921116246605994,0.0015685627875512234,310.80511327076044,271.58162429388744,252.23991386505298,239.0196669226808,228.38816614811003,220.82830128756848,215.1758481966869,213.33755351113675,226.18407296150855,243.5859578260511
hm103/SEG3_T180_LOGVOL_X_S2_SHARE_12_RAW,hm103,2429,-0.0179656465089585,-0.7216956974208318,-1.0,-0.3881776659964972,-1.0,-0.9636363636363636,0.5372720121423211,0.4627279878576789,-0.00018468502768728971,6.242309960385248,4.669956585850775,3.865848313752247,2.461481890523494,2.0074723930505423,1.699766156486933,0.5378583940242829,-0.1121383207522755,-0.9311971007481058,0.2283677879172772,-0.005732370254060564,-0.002496991639750702,-0.0011356075915625338,-0.00018434180295395658,-3.901664539963265e-06,-5.6477068269684185e-05,-0.0005177866820920716,-0.001378798316261581,-0.0026806317863281052,-0.0035940546754521037,218.82616801910171,228.92294134808736,235.2747069211033,240.76750186522207,243.40123010916196,247.23913962486282,251.27670055785418,255.2108509004271,262.13827275993634,276.0480890302607
hm103/SEG3_T180_TOP10_S3_TAU050_EARLY_INFO_SHARE8_RAW,hm103,2429,0.02000324229344096,0.4960197410049183,0.14896972510187356,1.0,0.14896972510187356,0.9636363636363636,0.44187020290109147,0.44187020290109147,4.9115306287902145e-05,0.3139448789283377,-3.1200734350746684,-1.6566929995901278,0.5407479220509224,1.5161694749759098,2.5210032160900706,3.375844441186596,4.267660339686641,5.857303172256374,7.073498826990973,0.0018010648491398114,0.003931908810225969,0.002265326035706475,0.0006942813693461057,0.0001245530761091056,9.180455605713765e-06,0.0004138612539780324,0.0014695249743913153,0.003276886793124025,0.005967539369526508,267.2475465000409,271.9954166491276,263.6669491512356,255.45506659198858,247.52303779113174,242.04844103244125,235.42751800916895,229.24033432392923,224.83973487303786,218.20407969822864
hm103/SEG4_T180_BIN16_S1_TIME_DESC_MINUS_ASC_RAW,hm103,2427,0.002519524933525112,0.021313521590171487,-1.0,1.0,-1.0,-0.030303030303030304,-1.8740562588439649,-1.8740562588439649,5.842658727502946e-05,5.201148450299099,2.352496005909803,-0.3471770231887431,-3.337845121752434,-4.833477704322427,-4.6892419809215395,-3.869442502314421,-1.4328479239324934,1.9973676321752787,5.63821021811534,-0.005395690297826089,-0.0012477196624815058,0.000499744707287252,0.0010494658055134913,0.00048196268808636073,-0.00046004239656079887,-0.0010658868464274854,-0.00051182244826698,0.0018349045150612983,0.007276182281864535,221.8138515973726,238.63904577408127,250.13222641840878,258.5808523427019,264.6189973254004,264.981382940717,259.6217560775215,248.59917947085663,232.76061033059096,212.98608510995678
hm103/SEG4_T180_BIN16_S3_TAU050_K0_ENTROPY_STD_RAW,hm103,2427,0.015673664839062743,0.6028017375343173,-0.5572116374153843,1.0,-0.5572116374153843,0.7818181818181819,0.2849185858584305,0.2849185858584305,0.00022632121171527756,-0.792079735658408,-3.2751813952628837,-2.966966721225135,-3.5168842801247426,-2.9626692232377065,-1.7785136962124697,-0.7303063490031727,0.6632511027229976,3.6465078329347698,8.41394872750589,0.0005938862113979405,0.0014272437318225062,0.0011954275719969758,0.0008973528621551727,0.0002873249242004966,-0.00018574716823388062,-0.00029042509682631685,0.00017828748168303133,0.0025994648704840387,0.00874452823866755,244.59361928083513,241.30821752824977,247.30919538873601,249.69478898426496,252.6388804186809,252.00908553341034,250.80845348609185,246.18194853428258,237.94589804245192,217.93946078526633
hm103/SEG4_T180_BIN16_S3_TAU050_K0_TOP1_CONF_MEAN_RAW,hm103,2427,0.0221853946171108,1.0,1.0,1.0000000000000002,1.0,1.0,0.5263891015330764,0.5263891015330764,0.0002438979929484472,-6.5696689039204985,-4.8075509709143205,-3.3379959875398897,-2.324323803802767,-0.4379311047344893,1.1248617561946477,2.054670536586581,3.209408230943677,3.703729082042436,4.100327814988823,0.005912042848394727,0.0034200049979307146,0.0015982694060705834,0.0006000660060839448,1.9381435803896788e-05,0.00013877308117605627,0.0007049126137425138,0.0017928396805140566,0.0028972406012006007,0.004857965953245286,245.66076990221694,248.00781733960042,247.65513270651886,245.33306161490353,244.29492941653703,242.2852056462622,241.65191585005223,241.9667963412049,243.13201884718245,243.6670836261407
hm103/SEG4_T180_BIN16_TARGET_MAX_SHARE_RAW,hm103,2427,0.06215706826925948,0.9999999999999999,1.0,1.0,1.0,1.0,0.5540153643162357,0.5540153643162357,0.0008235647530106367,-23.137099386483687,-10.152550704543186,-3.69999063674627,-0.8760745790944788,1.040300167464137,2.931498912684063,5.048383099696293,6.811303505276237,8.656813780609745,10.115121281599198,0.021347071829618026,0.008846865384021383,0.0031206021193987284,0.0007292740081475261,-6.411004583991737e-05,0.0003455744377692854,0.0019424152804311324,0.004511736862130207,0.008301258431330656,0.012252815209241857,323.8730883750493,279.4153652533467,260.4774143853706,246.96579489732696,237.10247411934984,227.5826789914506,219.53038923156447,211.405282634159,206.03062806285092,205.64959908207473
hm103/SEG4_T180_LOGVOL_S1_PASSIVE_ORDER_N4_FINAL_CORR_RAW,hm103,2427,0.03323492281677383,0.9999999999999999,1.0000000000000002,1.0,1.0,1.0,0.4845821341296652,0.4845821341296652,0.00021111937915112197,-8.764896372457638,-8.38594684562239,-4.7265384613502635,-2.293092853929687,-0.5978173402568624,1.4828283042122998,2.399696261207496,4.550378619313756,5.354909077718756,7.647624840040486,0.006722692015347498,0.005651911932095433,0.0026664282155738355,0.0008558913648751055,0.00010582161898987253,8.130429165709299e-05,0.0006952617263739332,0.0024560513578014247,0.004515501111101384,0.009272939803807043,278.51000002813737,276.99082437625697,265.99044822644424,255.64343703033305,247.10260868471175,240.67819667964523,232.2082351169773,225.42392253568008,217.72263737565248,204.8280453348871
hm103/SEG4_T180_LOGVOL_S1_TIME_DESC_MINUS_ASC_RAW,hm103,2427,0.0026273396500968264,0.00124238466355297,-1.0000000000000002,1.0,-1.0000000000000002,0.04242424242424243,-1.666121198788067,-1.666121198788067,2.3486131258440073e-05,5.499307299815714,1.7007301743478325,-0.05983336863905527,-2.8189857285119073,-4.619374135903387,-5.0497561854581035,-3.7355101837389024,-1.615167770849725,1.9113915784464695,5.525551895076268,-0.00531847900528727,-0.0008243883712358874,0.0004240150097950534,0.0009345880780864627,0.0004459287423660924,-0.00046420351296486953,-0.0010888027168616538,-0.0004667572937956596,0.0018356630313707584,0.007126289557365365,222.7441134129828,239.89755398106666,250.33330820488618,258.58355534599787,263.97252990013635,263.52274462818946,259.9697112739775,247.8192916478961,233.83092182459885,212.349154635048
hm103/SEG4_T180_LOGVOL_TARGET_GINI_RAW,hm103,2427,0.00645906413428733,0.17834678302348955,-1.0000000000000002,1.0,-1.0000000000000002,0.3212121212121212,-0.43693166924819826,-0.43693166924819826,2.9910936850325026e-05,3.5387962364001657,0.3320654629257614,-1.8782962754635646,-4.049423439710572,-5.45916843974069,-4.745995571416775,-2.8431662740142896,0.3474140237474762,4.009704187177328,7.4449649718037625,-0.004681279613693811,-0.0007090175851256132,0.0008912023784156511,0.0011699179339771466,0.0005200762480180877,-0.00047984620667333895,-0.0009324871463993686,-0.00013678496280178563,0.0027463481727507746,0.008041023978969254,233.76663677142702,240.76484414982158,247.13239420728786,252.59788879726543,256.9634100785382,259.5208250795311,257.4431298559505,250.4663599160335,234.66469996749592,210.06654299708805
hm103/SEG4_T180_LOGVOL_TARGET_Q75_RAW,hm103,2412,-0.016787072852163364,-1.0,-1.0,-0.9999999999999999,-1.0,-1.0,0.5244598537498422,0.4755401462501578,-0.0001849102720469351,4.648453588601422,2.6946615646564362,2.608751631982635,1.7241021017745375,0.8131558231658221,0.225074050314059,-0.8700134628247338,-2.8606880619936033,-3.0547680526688676,-3.3478465238983923,-0.005194724902858404,-0.002147227425542057,-0.001209476951440355,-0.00013602569933305854,-1.9712779525089342e-05,-2.2158410907789145e-05,-0.00035572483509656175,-0.001655074578299992,-0.0022998978885701545,-0.003562139108542967,239.8560111080272,246.89112270828687,246.19710705606195,244.35766003602063,244.10431433613704,243.26134519777523,242.23117834708842,244.79699617738967,241.46184768912906,236.16018785984366
hm103/SEG4_T180_LOGVOL_TARGET_STD_RAW,hm103,2427,0.003858220687637316,0.28344955402863187,-0.8978095622515162,1.0,-0.8978095622515162,0.3090909090909091,-0.4118841133708636,-0.4118841133708636,-6.621345549703865e-06,1.5477050493166957,0.18993505439286304,-2.26669265599978,-2.0333351281717618,-2.5526907318037932,-2.448550512021877,-1.595292229600298,-0.8587687900197837,1.7407109957815579,4.976355326761771,-0.00284682780749509,-0.0004870744293915417,0.0008589153061668041,0.0006135240366602284,0.0002695958599019181,-0.00024862268765471783,-0.0005473099842939606,-0.0005105859954124385,0.0013296195917909684,0.005433608142914848,243.32940234906258,249.69990807911663,249.9853971512515,250.6653268494425,251.4494827285946,250.61920103318792,248.90479472852286,244.088680547854,235.07445205716604,216.27306950016447
hm103/SEG4_T180_LOGVOL_TARGET_TOP10_SHARE_RAW,hm103,2427,0.04910153789505496,0.651357919586864,0.47651422804801113,1.0,0.47651422804801113,0.9636363636363636,0.4859120469508303,0.4859120469508303,0.0003373709014733427,-8.85260020070811,-13.903102992321765,-9.197503868913154,-3.9961110198280503,0.34205825209441687,3.047388997701317,4.886721515510068,6.7515233650170705,7.619721944112955,10.018816510177095,0.007381739793053207,0.00951767313464101,0.0050259528262534625,0.001649903283806208,0.00011982716394945596,0.00020461648471391738,0.001498483282455436,0.0038103462877425434,0.006928126132572531,0.012627498604393814,261.507553729062,280.4865443862084,277.993871481569,266.34610478895127,253.36526993317375,240.88348327818247,229.1398500038508,220.24682196750683,209.95452081026218,196.87227341000624
hm103/SEG4_T180_LOGVOL_TARGET_VALUE_HHI_RAW,hm103,2427,0.037083709499343656,1.0,1.0,0.9999999999999999,0.9999999999999999,1.0,0.5506346194093197,0.5506346194093197,0.0003770425164024522,-11.19692260894262,-7.3247018655525515,-4.668976127741062,-1.9246313942591724,0.43536882601002047,1.7184169093596982,3.5512366784922786,4.65870325181478,5.088279393522074,6.37593564610593,0.011589196039764308,0.005628274126879635,0.0024862092013661725,0.0005694989073541364,-6.121667142775354e-05,0.0002135046590229008,0.001323129532967728,0.002877886032396255,0.004643200262738334,0.0074369848918795466,269.0631497836879,260.0877113936008,251.8538983021285,244.89203670657443,240.8801486381305,236.2380821996551,234.16255364756833,233.17932760339488,233.05336594441013,232.50449481988122
hm104/hotpool_ext_ind_rel_x15y10_ba_cold_rk_vol_autocorr1_abs,hm104,2429,-0.04784206846324123,-1.0,-1.0,-0.9999999999999999,-1.0,-1.0,0.45822022694692266,0.5417797730530772,-0.0004407923129993758,10.011994861441256,8.466184342150997,7.386016213187775,6.128627207621196,5.135785630951969,4.153913965085227,2.509230831910838,1.2681844522840506,-3.4382775192748527,-4.527416303113159,-0.010231379988259228,-0.006357580764452715,-0.0034690641576962424,-0.0014051952415817452,-0.00025700336314767166,3.432586649909935e-05,-0.0007293820144988547,-0.0027183205732734866,-0.007561543149085342,-0.014706132764745729,192.36811011518807,194.80036384698172,201.6291449721313,210.94939159189823,220.48204923707777,231.6757119652075,245.81085147407322,264.2574576665802,289.27569393071946,349.70173293612476
hm104/hotpool_ext_ind_rel_x15y10_ba_cold_rk_vol_curvature,hm104,2429,-0.03257003881776368,-1.0,-1.0,-1.0000000000000002,-1.0000000000000002,-1.0,0.4175296075452039,0.582470392454796,-0.000532214240425319,9.544000458361845,8.22560112977409,6.801512719528954,6.018004475703876,5.3789150970995,4.6418776763182015,3.537027561494294,2.5085690516387076,-0.8202240489741781,-8.739261730458319,-0.005585706374469869,-0.004080858134859955,-0.0023608391007248837,-0.001097845807845376,-0.0002514909044780926,0.00010541981554851156,-0.0002232460617213637,-0.0013502074864374218,-0.004579940590788999,-0.012613109931560914,234.05781308489867,223.8159153578324,222.04796435639298,225.09575427766197,230.14575985584605,236.01051023862001,243.12279784220345,254.04123604208385,268.5944201574596,300.40023093939726
hm104/hotpool_ext_ind_rel_x15y10_ba_cold_rk_vol_lz_complexity,hm104,2429,0.03912077893459976,0.7958743207666242,0.5949104403490975,1.0,0.5949104403490975,0.9878787878787879,0.5084428012981806,0.5084428012981806,0.00035908790460019365,-2.0858778669102014,-3.8268221110899105,-1.3522776517398396,1.0272164370820207,3.0275884382729115,4.399564771876369,6.341318868541998,7.43797295554401,9.008566160386343,11.489805731868888,0.01038158525723461,0.0057718810475170515,0.0026780094787766085,0.0008125806785727643,6.404630824649693e-05,0.00010748796156638966,0.000992829621752644,0.0027171284925514637,0.005539141575789441,0.009697000607992078,315.42665357455866,268.96116602747276,256.12114599101074,246.2166253622065,238.8972354923147,232.43518756211233,224.9840376998764,217.95874724490923,210.1950606336853,210.3317627384819
hm104/hotpool_ext_ind_rel_x15y10_ba_hot_rk_buy_p75,hm104,2429,0.03772460976128543,0.2095458993367099,1.0,-0.5142783164348331,-0.5142783164348331,0.6606060606060606,0.529739572765575,0.529739572765575,1.660439369568772e-05,-7.922102409265154,-4.573728220358995,-0.4499338627262503,1.6205756943965126,3.6585213566782997,5.040034547245213,6.388895317267221,7.681412564793256,8.477811139605574,-2.239747344398354,0.009959016541643339,0.006288522447419651,0.0027609452146425163,0.0009191522662406191,4.7786183322860994e-05,0.00018776343324615528,0.0012040240643350828,0.003348583030834688,0.006658509562026773,0.00633370262387803,305.2696142153565,279.3436628223512,262.46733501425723,249.33132159089206,238.44104862660612,228.7915656837686,219.7998537062273,209.2802718241228,197.74131029977502,207.20910163485436
hm104/hotpool_ext_ind_rel_x15y10_ba_hot_rk_buy_p95,hm104,2429,0.04117821897248835,0.9031583954425584,0.9999999999999999,0.39938444205822315,0.39938444205822315,0.9151515151515152,0.5234421906945529,0.5234421906945529,0.00029302797702045007,-5.549286017995432,-3.997266167462168,-1.2660272483337398,1.6160178623227122,2.9285964992121865,4.056316401116724,4.957714450010457,4.868202876146082,5.258791160761793,4.793782426102086,0.010587873450870403,0.006683570809808831,0.0032260729441874153,0.000857919769269294,4.55969674969301e-05,0.00018620862237832885,0.0012667517187015642,0.0033413313260328404,0.006375287632994542,0.008314577753727653,320.89509640066404,280.6250715532596,261.5400346161009,246.75241975630328,234.09573010458615,225.96325623713693,215.79010870354662,204.83806816079465,199.02842339581423,203.14992654202848
hm104/hotpool_ext_ind_rel_x15y10_ba_hot_rk_vol_curvature,hm104,2428,-0.02764909795035982,-1.0,-1.0,-1.0,-1.0,-1.0,0.33869754026734666,0.6613024597326532,-0.00044597602940171094,5.7074971871220095,5.163512911887585,4.773212457555002,4.6539346599365885,4.334777960482844,3.236058010091238,2.342963630243255,0.23493500273679213,-2.6049906325232626,-10.640479254991268,-0.002400296109509594,-0.002910096847025193,-0.0022155308683565887,-0.0013159309035390095,-0.00037177575379086623,0.00025203453784249406,0.0002528807636317805,-0.0010029463801195589,-0.004081495778129409,-0.013409964581962166,237.83647139694972,229.9706337200305,227.16565249275237,228.72588390996478,231.02601080130898,234.64523202651813,240.35336678406136,247.53358036036673,258.02862826820297,282.84275353264917
hm104/hotpool_ext_ind_rel_x15y10_ba_hot_rk_vol_median,hm104,2429,-0.036109124706001715,-0.44577677450414505,-1.0,-0.03686949771366209,-1.0,-0.9272727272727272,0.456493942520465,0.5435060574795351,-0.00026535606828324235,5.922662361810104,5.071409896602215,4.001634632610688,3.0049794877059197,2.224456707758329,0.6975149865082795,0.21025502822362116,-0.9642044105786861,-2.974061075270218,0.4364036981276818,-0.007903694186248584,-0.0046710834386908635,-0.0025121045499371785,-0.001059576483278352,-0.00021600460206850947,1.3070065656106418e-05,-0.00044481503451790805,-0.0021054945743879307,-0.005670926206599388,-0.011273139627645833,209.60444549277358,213.76983690090702,217.13641061536336,220.95703519223017,225.22596586353694,229.66433534428097,237.65533171712428,248.85016712332038,266.93045066335804,328.85469834528175
hm104/hotpool_ext_ind_rel_x15y10_ba_hot_rk_vol_quad_coef,hm104,2428,-0.027649085582084263,-1.0,-1.0,-1.0,-1.0,-1.0,0.33874095293720136,0.6612590470627985,-0.000444232179874283,5.721652489340715,5.155092703499717,4.7672120783408145,4.654569137748206,4.334777960482844,3.236058010091238,2.342963630243255,0.23493500273679213,-2.6052050717755573,-10.64028455087883,-0.0024086994772685604,-0.002902738897408329,-0.0022160524122001447,-0.001316131425313575,-0.00037177575379086623,0.00025203453784249406,0.00025288076363178056,-0.0010029463801195589,-0.004081625126625682,-0.013409799230957541,237.84595636201914,229.98110369077287,227.15299727281268,228.72466840152018,231.02601080130898,234.64523202651813,240.35336678406136,247.53358036036673,258.0285524769604,282.8428466506378
hm104/hotpool_ext_ind_rel_x60y3_ba_hot_rk_vol_period_ratio,hm104,2428,-0.011339761067767903,-0.02132341158801526,-0.12018102310387906,0.19207895761668634,-0.12018102310387906,-0.6848484848484848,0.5748291901700885,0.4251708098299116,2.577246453537028e-05,1.6920895700648861,3.0430862439724127,2.8191157293101146,2.574459911510608,1.3230041860397712,1.2633937613739437,0.861401289013664,1.3056089953265464,1.0224684906114623,1.589167249528783,-0.0027459614574841746,-0.002217928010001525,-0.0011957114580462733,-0.0003975823150834336,2.394280439052616e-05,-0.00014612219665274812,-0.0007167736056896825,-0.0011021009455333798,-0.0014633562782225692,-0.0014039400699800211,232.9945639661447,234.35015992095614,236.9021799659963,241.35815318542444,246.31866583278716,253.04108683736638,256.20851446978986,252.49174701766316,238.32657504263798,226.85045397809336
hm104/hotpool_ext_indpool_x15y10_ba_cold_f07_p95,hm104,2429,0.02166464974699705,-0.26132738080662854,-0.5076312828277783,1.0,-0.5076312828277783,0.45454545454545453,0.4091682208374092,0.4091682208374092,-0.0004885340946265672,16.90095765235632,-5.47101102540375,-2.8091044544843644,-0.4230190713740321,1.8353228534112074,2.768703383077801,4.043571865262715,6.000020288216602,6.642439792823524,7.63071097887469,-0.0006006436199687285,0.005424076140816746,0.002994830511074484,0.0011057243093738332,0.00014039147706484614,-7.023695279425175e-07,0.0003643177853107021,0.0018204893745897587,0.003831274226712417,0.00707342600617751,307.62762263352306,265.9898503928254,261.65219732557335,253.7725948696217,246.2891523597643,238.16153911403828,230.68392391600256,221.4969971192828,210.41307324679113,196.64064869564461
hm104/hotpool_ext_indpool_x15y10_ba_cold_f09_p95,hm104,2429,0.026264615186309043,-0.25546388157651323,-0.4690291299023553,1.0,-0.4690291299023553,0.45454545454545453,0.42568441231304016,0.42568441231304016,-0.0004159705598725042,15.833816355801918,-5.670036523968248,-3.201049539282857,-0.04242064076618227,2.10238897911367,3.6407690834518602,5.139882306728615,5.797189476140379,6.414721394098552,7.082536759262486,0.0005090495455289548,0.006139663315890193,0.0033757342714139183,0.0011647075269833104,0.0001683548037145869,3.121451897956755e-06,0.0006543274954828407,0.0020078236425759696,0.0043501708001472805,0.008307632892546525,318.8306934509099,277.0076202535642,268.1541746724565,256.67284982344773,246.0392764377254,235.97235597886998,224.92531250120834,211.46100089570152,195.67886470627468,176.03830075731605
hm104/hotpool_ext_indpool_x15y10_ba_cold_f22_mean,hm104,2429,-0.028638078266612386,-0.9019058788583401,-1.0,0.27699163088714757,-1.0,-0.7696969696969697,0.636273669425385,0.36372633057461495,-0.0006930474709246865,29.094964372660616,5.176861446523046,3.1795258176096586,1.9895316267264995,0.7969110952668131,-0.7527248045034354,-1.650548312533384,-0.34922914369306995,-0.34408203391554715,-0.06479473795888581,-0.012746892756792323,-0.004014010917009988,-0.0012999613821624467,9.989936216067772e-06,0.0002701878331710443,-0.00043819718510111237,-0.001149515831809927,-0.0013907695438183658,-0.002508285738789112,-0.004677575209591608,260.3546783818199,203.94137790362797,219.5810408285166,235.26931174111118,250.81505845189872,256.9470286351635,248.67473613175918,244.86071577698578,252.1874225415629,260.8826254350312
hm104/hotpool_ext_indpool_x15y10_ba_cold_f28_quad_coef,hm104,2429,-0.030096035485158098,-0.9967917659107801,-0.9801488137004141,-1.0,-1.0,-0.9878787878787879,0.39262276033546506,0.6073772396645349,-0.00038925057523374443,7.792843965888488,6.901548464689985,6.1926793148275285,6.213976540249216,5.6897504865217465,4.355249594156084,3.516919719407177,1.9763731335009256,-0.08946847633174287,-5.441164742151487,-0.004386989278690782,-0.0035415287912148076,-0.002212007624951105,-0.001225073618285626,-0.0002979605788841016,0.00014612485751643769,-8.005571600439731e-05,-0.0012826760980110515,-0.004327247791937417,-0.012499370269461463,228.81066577561182,221.282753446349,221.7963824680582,225.28962050514565,231.01545118874617,233.78269982986913,241.8805754866438,251.73144806850405,268.92992413569476,313.5257883637002
hm104/hotpool_ext_indpool_x15y10_ba_cold_f33_mean,hm104,2429,0.002799407508629955,-0.560650661281857,-0.8416147832133594,1.0,-0.8416147832133594,0.45454545454545453,0.021081167637639172,0.021081167637639172,-0.00038026906712783994,19.367717985563225,-0.34728223047946166,0.25288675607088845,0.7696281532928777,1.3482757177023772,1.752387162678519,2.43871279408286,2.4781908402492956,3.8308742081879688,5.202821019809724,-0.003159917656275346,0.001784525797534364,0.0009334211838117424,0.00042074739753222493,8.825457232403932e-05,-5.920876359243322e-05,9.295561535800955e-06,1.1801255378106373e-05,0.0007221548109588116,0.0024286024165504866,296.54614788404035,244.92198574403642,240.75400506645641,239.20982370924725,238.7896021860631,237.72245767577195,237.57892710931276,236.95367026703624,236.8555460027232,235.92803185222274
hm104/hotpool_ext_indpool_x15y10_ba_cold_f34_autocorr1,hm104,2429,-0.02225463340030431,-0.4841096200397369,-1.0,0.003668153993698932,-1.0,-0.8787878787878788,0.5311443012806054,0.4688556987193946,-0.00014471413098556798,10.540062386308774,6.502027118576335,4.902946826391565,4.414364278518994,3.7353907481471262,3.0840779922595214,1.3744522510160668,0.28229525158449054,-0.8443104865350659,3.1130039649563734,-0.006812018988705873,-0.003088018426277002,-0.001315384073987553,-0.0004828577693368774,-4.527836336558685e-05,-6.111461368675481e-05,-0.0007304425445954488,-0.0020011800642197597,-0.0038481316464935547,-0.003725492778650323,222.0060960459629,221.816045536965,227.29561373421217,232.76828337277155,237.5991713453065,242.97059005423696,248.44549030359508,255.9051474370515,266.7099340971412,281.4410115188398
hm104/hotpool_ext_indpool_x15y10_ba_hot_f28_curvature,hm104,2429,-0.031291114141073696,-0.8951867375631777,0.04925312900184493,-1.0,-1.0,-0.8666666666666667,0.35492695703710125,0.6450730429628988,-0.0003829883389516697,5.043705129602762,5.729520536627963,5.170935320959056,5.392649499891497,5.128906060693022,3.591546508686973,1.5026275739528696,0.158454045978684,-3.6463245280088663,-10.4583111306997,-0.0030459776667015877,-0.0035601799380285872,-0.00254220270254381,-0.0014261967603999488,-0.0003955699709931456,0.00025558543325528567,5.957500437986783e-05,-0.001109770648215942,-0.004872355270423268,-0.014271033282450874,228.29031717376176,223.60205891235282,223.65899491204078,226.28672967864995,232.91865294998405,234.5898261984455,239.81085786179372,249.12623926586056,263.18295551610305,297.49191709367085
hm104/hotpool_ext_indpool_x15y10_ba_hot_f28_quad_coef,hm104,2429,-0.03129179894839542,-0.8951760412417085,0.04916973859619364,-1.0,-1.0,-0.8666666666666667,0.3549159533288521,0.6450840466711478,-0.00038268769793583173,5.043705129602762,5.729520536627963,5.170935320959056,5.392752959433082,5.128778264952962,3.5967340801195467,1.4924695258451732,0.158454045978684,-3.6463245280088663,-10.4583111306997,-0.0030459776667015877,-0.0035601799380285872,-0.00254220270254381,-0.0014262208648860458,-0.00039555551384437765,0.00025580875114942554,5.837588548549293e-05,-0.001109770648215942,-0.004872355270423268,-0.014271033282450874,228.29031717376176,223.60205891235282,223.65899491204078,226.28687126941307,232.91859653963343,234.58854366044284,239.81037654954233,249.12623926586056,263.18295551610305,297.49191709367085
hm104/hotpool_ext_indpool_x60y3_ba_cold_f14_mean,hm104,2429,0.017536223857089032,-0.32797574318478834,-0.9538797086794235,1.0,-0.9538797086794235,0.44242424242424244,0.4336637643226685,0.4336637643226685,2.5088025092544183e-05,11.183401880804771,1.4751040653922103,1.5159139619619628,1.707359992955258,1.5761678335181817,2.409619031219433,3.083207535390776,3.434142155993628,4.197412461155255,6.323201604373171,0.0029407378623443827,0.0025657455642371977,0.001350058269690813,0.0005934770342556917,0.0001439263519410826,-3.919080601021823e-05,0.0002967326806644898,0.0009840957623124687,0.0026939020209695856,0.005981651091591008,305.11454292531477,261.3878587419259,253.76607679949322,247.15053550329762,242.6515506004503,236.74617526710134,231.3474104406137,224.7592566849477,215.91936454768216,201.93704772732585
hm104/hotpool_ext_indpool_x60y3_ba_hot_f07_std,hm104,2429,0.03755462323048617,0.9225663414710773,1.0,0.6529928149433579,0.6529928149433579,0.9878787878787879,0.49981368840881646,0.49981368840881646,0.0002492435759365079,-5.9735061416398985,-3.2254806983158115,-1.3369455482922554,0.7727325157625925,2.2656096960201064,3.789828518813285,4.6007916728714555,5.291014949440626,6.107712451845005,5.621126925508693,0.00857363354301699,0.005894790572175309,0.0030456376962345343,0.0010245604781302286,0.00010711711307461103,0.0001395640062370829,0.001031575352023854,0.0028086644800664356,0.005622043004307747,0.009057793409282849,309.71186133410157,282.7082112178969,265.8490319299018,252.5856350436063,240.61396583496307,230.15000091760888,219.3710761056851,209.0010290783453,198.6241901195455,187.92297133714132
hm104/hotpool_ext_indpool_x60y3_ba_hot_f31_mean,hm104,2429,-0.018165145406353292,0.05161962877727672,0.1370623220742721,-0.02429580540010662,-0.02429580540010662,-0.45454545454545453,0.46972641146578886,0.5302735885342112,-0.0001461738981587111,1.3411985174315233,2.7547439982478275,2.622977991501171,2.1917241307213233,1.6819781250168688,1.7481907749557875,2.000346205206089,1.7474122059677337,0.14355054751707072,1.6601061694558092,-0.004132218409218142,-0.0025118769558085496,-0.0013152787937357384,-0.000450722736920645,-5.3889929165456956e-05,-4.169296026858749e-06,-0.0002334823733608458,-0.0009088345007608438,-0.0027715471391700753,-0.005636951374027424,187.58087754098054,206.11596615739288,214.67672099558942,221.41872919221967,228.5106340273508,234.8570759931652,245.0006918588757,254.64366067158784,268.7581861084327,321.2820315544328
hm104/hotpool_ext_indpool_x60y3_buy_hot_f09_mean,hm104,2429,0.026574685019637723,1.0,1.0,1.0000000000000002,1.0,1.0,0.47008827584763596,0.47008827584763596,0.00017847307434858017,-6.5507216289540855,-4.94467403027757,-2.519384550056717,0.21391314287281565,1.7262454381031256,3.164679256594406,4.806523716014381,7.0664146473878855,8.893472236874134,9.807298606382465,0.005270040869261734,0.004097578004272345,0.0022280117736000887,0.0007078169048556517,0.00010510221027991528,2.062007607566039e-05,0.0004399705358330922,0.0017934653596842483,0.004070874112728392,0.007662732098697997,248.73354340070037,255.7002308496555,253.82481102457308,250.00760946589756,246.54601856698886,242.1367663944754,238.1451875257139,232.56367494023957,224.74115584564652,219.09615841235808
hm104/hotpool_ext_indpool_x60y3_buy_hot_f12_p75,hm104,2428,0.04375288563911798,0.9634839556908258,1.0,0.840447360337775,0.840447360337775,0.9878787878787879,0.5028157763051166,0.5028157763051166,0.00043919718901388446,-11.409272658252206,-5.66949501022128,-1.945714158916323,0.7503160898666704,3.1888815899504603,4.5850694527040945,6.48530418530104,7.768000262111127,8.953336761191837,8.574641561948807,0.010963880339761976,0.006508345708531865,0.0031748558614503463,0.0010623014196415826,6.942255329132239e-05,0.00013277407692664222,0.0010170705996963023,0.0030617978315393367,0.006298388298859067,0.011024851760405732,299.5818549215354,281.33827719108723,263.88861235694105,250.5073589065007,238.99789211202258,230.7705485801859,222.97732220922842,211.36668676457955,199.05321334809236,185.21798751730304
hm104/x15y10_ba_cold_f00_corr_f28,hm104,2429,-0.023287420347693107,-0.9181316456617927,-1.0,-0.8282259390769975,-1.0,-0.9878787878787879,0.4859358363475744,0.5140641636524255,-0.00023838617077020884,8.793772775385177,6.3613449928547405,5.419123624298435,4.524626727046056,3.9041111340793386,3.8380679496486296,2.772792886140055,1.674029879564778,-0.28702846472628163,0.10055194732816759,-0.006214057273059491,-0.002930855213004192,-0.0014768239620441867,-0.0005008470390127377,-7.776821264624326e-05,1.425764730698837e-05,-0.0004622639095344355,-0.0014263691618493913,-0.0036813578570043266,-0.006292949196074869,223.51083135338487,224.98335878580335,228.5347857326159,232.58722985297493,236.9746902536603,241.64184724592553,246.827767951396,254.04181199988187,264.2456893370107,290.83662314124683
hm104/x15y10_ba_cold_f02_corr_f28,hm104,2429,0.028101527606197958,0.9361203037840878,0.9442137623581022,0.9066782042070326,0.9066782042070326,0.9757575757575757,0.5551303584863367,0.5551303584863367,0.0003131229925972166,-0.255880590738788,-0.38127822942044365,1.5150766229086219,3.064458257206996,3.988971946923764,4.885545869706916,5.251608595484766,5.103175698431107,6.177861373322823,7.769778248698522,0.009137892044400724,0.004434819154871347,0.0016404146448911535,0.00027311162083172347,-6.00504500833738e-05,0.00018252821234265894,0.0008970692287145669,0.0018790525289329404,0.003374512559108664,0.0060290550695903744,310.82727042400444,270.73831335145906,255.03153309184685,244.52294916030385,237.41668409926757,233.0189063845641,225.77777613369858,221.75010639897187,218.4388151708801,217.56306557484044
hm104/x15y10_ba_cold_f17_median,hm104,2428,0.02962307439640224,0.35206139152686344,-0.13735233519886164,1.0,-0.13735233519886164,0.8181818181818182,0.4452620442193882,0.4452620442193882,0.0001541161577864103,3.5773911936274327,-2.4016751383017616,-0.23166230226936654,1.3636017687861688,2.133267508145613,3.2076957247503772,4.690055914865796,6.166734890152331,7.952088432814019,10.074915450781447,0.004701002067012556,0.004778454435063073,0.0024566336121647097,0.0009882895099264197,0.00019702896217507833,-1.23550668010144e-05,0.00046729385228427514,0.001913910332396083,0.004504710536798402,0.009473989997596183,296.3686985993638,268.3625270050327,261.3762642321396,254.8530217744859,247.7494382102755,238.9889258220097,231.72732389652205,222.17691159153043,210.56559859963755,193.30912865172678
hm104/x15y10_ba_cold_f20_corr_f28,hm104,2429,0.0046651906428814205,1.0,1.0,1.0,1.0,1.0,0.46855169498728444,0.46855169498728444,0.0003067711501492246,-1.750213405712913,-0.15077086645514956,1.1391042035042902,1.562082370777432,2.170796643829851,2.246234937423821,2.584222496041861,2.9471460555487274,4.219516061944169,22.179484751091362,0.0013005588467853368,0.0006885643373644358,0.00015174215104939674,-7.178734696313045e-05,-2.6933147450742227e-05,4.408958653920072e-06,-2.8689702182963077e-05,-0.00016183465291216064,-0.0005754437109298132,0.0030778337593179283,249.96107193261335,248.8899596222467,245.5514677653771,241.6893509345247,239.82189744564155,236.6551545531519,233.9267156838939,231.51513148562267,231.0028022463221,284.0733708398656
hm104/x15y10_ba_cold_f34_mean,hm104,2429,0.04453341856229518,0.6125830754335033,0.3246287584792212,1.0,0.3246287584792212,0.9636363636363636,0.4989149301002468,0.4989149301002468,0.00036237003880585706,-0.8345941355567253,-4.961891673771537,-1.596880780690192,1.3889676643385571,3.1331184152116895,4.779349608604252,6.063611869595199,7.582350444449577,9.353462010251452,12.217559546256911,0.010218833278771346,0.007279077013751492,0.003386038289146733,0.001058930910970205,9.471609391150567e-05,0.00016403840416083057,0.0010728011780606259,0.0029369203024779034,0.0062382738474885055,0.011721419204750165,336.3029527400209,278.0929019908139,258.46204594887496,246.50130752260736,235.99865716290947,226.83625220000917,218.18840580930942,210.27118176307064,201.13579969221217,195.18968096125948
hm104/x15y10_ba_hot_f00_corr_f28,hm104,2429,0.02856470687254805,0.9999999999999999,1.0000000000000002,1.0,1.0,1.0,0.5426011200935027,0.5426011200935027,0.00030865544618495657,-5.8181404677889725,-3.5330906796533226,-0.6900197576633195,0.9163269551552392,2.3189637548111337,2.7782935720097046,4.470348501693373,4.743073295947418,4.991167074754373,7.492277686112506,0.008798449642351255,0.004472159985591637,0.001674723075491791,0.0004162543194217534,-2.9821869492218213e-05,0.00013877055432548065,0.0009491563031715562,0.002039175782398853,0.0034694112572780677,0.006327772375824892,271.6138279568544,260.4119062137783,252.94700973840835,247.04391577316403,242.97902438920934,238.3590918673877,233.1359018859326,228.70180724585754,222.97411146732546,223.7898152842689
hm104/x15y10_ba_hot_f05_mean,hm104,2429,0.017721082280758832,1.0000000000000002,1.0,1.0,1.0,1.0,0.49067024070180565,0.49067024070180565,0.00014132143025747193,-5.08653083191668,-3.01848631643737,-1.3766378129081502,0.5579627494814123,2.0988003154468324,2.5846848011048036,4.101253983659369,4.707774840695873,5.786598272791129,7.283748000774922,0.003867450990238804,0.002840780072829159,0.001456066648784186,0.0004269979245449408,3.4569851598598836e-05,3.327502702745022e-05,0.0004899272380752887,0.001107263486182127,0.002379947092346913,0.004943482518873906,241.4367146101774,249.40973941195745,247.9986915019796,246.89657729983844,245.58472432079338,243.01150187238443,241.72165476205333,240.17743621406,237.57591750366836,231.45787529021823
hm104/x15y10_ba_hot_f07_corr_f30,hm104,2429,0.028550955276480425,0.8428201200810921,1.0,-0.0685383056878593,-0.0685383056878593,0.8666666666666667,0.540849990165404,0.540849990165404,0.00017508733515642923,-6.597101478348728,-3.494787256305211,-0.3098404954070618,1.5499137297939964,3.03653977444325,4.491790559016294,4.425164154538523,4.8724233227996505,5.315863018889503,4.360712724225034,0.008266214179856103,0.00466724681926503,0.001969878859640944,0.0004552928097721093,-1.1544771534307821e-05,0.00018475005389183475,0.0008654390474803146,0.002181734711009187,0.003866777852591148,0.005930078379351617,297.1151383805089,271.04897501413546,257.3594343616357,247.3049995838566,239.13516856555913,234.04706899890147,226.22539771433117,218.96435491117805,212.32308464038368,210.45151185910038
hm104/x15y10_ba_hot_f08_corr_f25,hm104,2429,-0.025515482169342137,-0.7080853774585725,-0.2883573699253736,-1.0,-1.0,-0.9636363636363636,0.506061745174111,0.49393825482588904,-6.822499634023477e-05,4.277599002365301,5.901430423689342,5.107313156151789,4.1723840757484165,2.9616470397739674,1.4656073370760205,0.6439285597535356,-0.5020579230287496,-2.764961983601398,-3.600124113297713,-0.00632067213731388,-0.0038770153639279205,-0.0019517460767164076,-0.0006674185981277279,-6.1031198777806416e-05,-0.0001109188061368877,-0.000639689983695753,-0.0018743775177741276,-0.00397432502930766,-0.005970062461223705,224.39262949042563,221.09812673969864,227.53003509539133,233.18168475614428,237.60018890416555,242.27961374356792,246.6573104952961,252.4096901756126,259.41607636522696,279.4644722708807
hm104/x15y10_ba_hot_f13_std,hm104,2429,0.009370252593289448,-0.5638875890375538,-0.663172745154824,-0.18562452742020752,-0.663172745154824,0.296969696969697,0.4158789366906913,0.4158789366906913,-0.0001261320498193342,8.332428971040756,-0.6708896914257033,0.09937783780369733,1.1821523025519192,1.035591031972125,1.4367672257763227,1.3625770654109666,1.8631690856815193,1.7729810697227537,1.2085625208907793,0.00038480058793177404,0.002140328360477644,0.00103706451916913,0.00032933694587754996,5.781593432579536e-05,-5.612792311890738e-06,9.292439485780877e-05,0.0005751948303170701,0.0013934195056798124,0.0034911123567840964,284.80375987341716,251.39940379532933,245.775718580056,243.36451845332166,240.7356292605623,238.1364526876248,235.69928085275575,231.40725893830995,226.99662365389597,216.10667871074796
hm104/x15y10_ba_hot_f16_corr_f25,hm104,2429,-0.02858408566140061,-1.0,-1.0,-1.0,-1.0,-1.0,0.48672480255804385,0.513275197441956,-0.0003907250990835488,7.1201657461795085,5.694289277354259,5.222185060737663,4.315575682963731,3.421508120687357,2.4108523529654673,0.842869968004018,-0.7761389035333407,-2.986960712085172,-7.639223626162073,-0.007219301450145765,-0.00380337458832177,-0.001915391017015143,-0.000684534450850582,-9.980634680822947e-05,-2.9209317454854485e-05,-0.0005953158759476017,-0.0018325432499125625,-0.004068346396024056,-0.00794553786983645,213.72852376109165,221.42850312283926,228.72898345514906,234.59857991900657,239.58036663079136,243.00191041716994,248.2914402899531,253.55439399232017,258.7081155998656,277.7127864086128
hm104/x15y10_ba_hot_f22_corr_f28,hm104,2429,-0.029004740456510827,0.3718371212060321,0.6538457356055256,0.24918548908906418,0.24918548908906418,-0.2606060606060606,0.505430565871955,0.494569434128045,0.00025343596760637533,-3.6260289939767434,4.887738407093037,5.188771487020876,4.217515386858878,3.343810551068395,1.9140959415696421,-0.058782631136828994,-0.97267548134995,-1.2838139618915692,4.03678465303295,-0.004629307515490557,-0.0056221105071285376,-0.003173188362403657,-0.0012080151923961901,-0.00015535508900410973,-0.00015594191837659248,-0.0013124491170762333,-0.003349584607885478,-0.0055781883320618056,-0.0040740357822940405,209.8175369040688,206.45979025355123,215.47631663167675,224.8276904955928,236.64660163128133,250.73981200332423,260.993954345096,268.74409477408693,269.9748145301389,266.0723787082892
hm104/x15y10_ba_hot_f23_corr_f25,hm104,2429,-0.02162809102021657,-1.0,-1.0,-1.0,-1.0,-1.0,0.5020570529980822,0.49794294700191777,-0.00024799202547710946,6.94250449485496,5.718600589122509,4.972208256522166,3.7245624765327467,2.8465928817002384,1.7075415288156028,0.7067530296572221,-0.9114478599544312,-2.800122389792244,-5.3757309798606725,-0.005601511377483653,-0.0030578634067265588,-0.0015176794760506593,-0.0004948040398274213,-6.217119401785344e-05,-6.701193114079293e-05,-0.0005369331689026231,-0.0014953196560847707,-0.0030504261423890395,-0.005496378602116072,229.11234368701096,233.03413099185835,236.27302850124354,238.76316042241376,240.31227540263205,242.10469046888792,243.95501839370252,245.60443388566406,246.68320077717263,265.8238918934898
hm104/x15y10_ba_hot_f23_corr_f28,hm104,2429,0.005506111950488153,0.7289620543957034,1.0,0.17916279539179,0.17916279539179,0.7333333333333333,1.1038577389092148,1.1038577389092148,0.0002349149177991373,-5.949013229767732,-0.32802932268103524,1.5797165220607403,2.578671374323156,2.99687355255915,3.8264857034471396,3.615543721258731,2.784852208452346,1.848642240105847,4.689887025293269,0.0061767352771213155,0.0007822635452790794,-0.00038011096909944454,-0.0005502340191615976,-0.00021000219629030997,0.0002354248120977045,0.0006399026442676383,0.0005906900057622272,-0.000466732543580688,-0.0015467395237069238,283.9149392068399,254.42488642773267,243.61003508874327,238.04637718029997,233.95390574074142,233.9623315921014,230.46535081423323,229.23483454047957,230.76498298505192,243.90870451604866
hm104/x15y10_ba_hot_f23_corr_f31,hm104,2429,-0.02395039791039566,-1.0,-1.0,-1.0000000000000002,-1.0000000000000002,-1.0,0.48668921904886403,0.5133107809511359,-0.0002120144970449835,6.182740804125248,4.369782925080839,4.217685805479201,3.486391192139446,3.07206313167301,2.6740063728165753,1.1332770633178069,-0.0434753501405149,-2.6161562898466424,-4.922046507807621,-0.006299182690795716,-0.0030780984312530845,-0.0015498286097013682,-0.0005475001529520097,-7.86054002239876e-05,-7.5934078648417015e-06,-0.0004668283037730696,-0.0014606851046327588,-0.003723972136736393,-0.006526089175417484,217.34474477873312,219.86981494149305,228.80589049000665,234.91699031015958,240.01903533726517,244.84851975297795,249.64923043382277,254.13762997852763,260.17927944263664,268.35281178388846
hm104/x15y10_ba_hot_f28_autocorr1,hm104,2429,-0.06275629893474508,-1.0000000000000002,-1.0,-1.0,-1.0,-1.0,0.42165984857298927,0.5783401514270107,-0.0008325188740387943,8.680802285177057,8.248331250504751,7.96248857424698,7.114991543038205,6.213558355812122,4.630727651639954,1.692153834623917,-1.512011270237859,-6.91106739186265,-18.5078838753644,-0.011058736022578817,-0.007732674668175715,-0.004625261709822333,-0.002195859015104842,-0.0004982403077827538,0.000220909992864536,-0.0005622127218857348,-0.003240350586960249,-0.009327305814731544,-0.022904049206528727,196.3571783176661,197.5369853829095,206.06360545609138,213.60890575161295,224.00610004675835,234.56421247623757,247.00023502084917,263.13756798847203,285.44779009653433,326.0641739757274
hm104/x15y10_ba_hot_f28_autocorr1_abs,hm104,2429,-0.06275633577332619,-1.0,-1.0,-1.0000000000000002,-1.0000000000000002,-1.0,0.42171846507762073,0.5782815349223792,-0.0008332657155575476,8.685984568676124,8.262491405189479,7.944380689764351,7.139439680024875,6.1938411796591595,4.632687616169058,1.682802185530411,-1.4997953726889803,-6.918496655949459,-18.50957898735443,-0.011058608262190494,-0.0077380979017710756,-0.00462029259087559,-0.0022003124993276134,-0.0004967908034913755,0.00022132223391432577,-0.0005649955000358114,-0.003238631972271711,-0.009328933654709718,-0.022897729107009532,196.30067382058775,197.53553508157577,206.0690251797847,213.61393273141937,224.0095933030452,234.57432354997505,247.01170009965412,263.14465257073977,285.4642541571428,326.04421942822233
hm104/x15y10_ba_hot_f28_median,hm104,2429,-0.03865019588827029,-0.6921684309412408,-0.9218594433802384,-0.5026450231656824,-0.9218594433802384,-0.9757575757575757,0.45246104969922507,0.5475389503007748,-0.0004040153987372325,5.384375660118717,5.50807924948355,4.102526662648036,3.1331325953387483,2.4656014161389406,1.460574621978633,0.409016310435679,-0.8955060082904608,-2.648879444493629,-1.28870628282027,-0.008421761625133561,-0.004977849908068595,-0.00256283360631543,-0.0010870224819437785,-0.0002554393498187237,7.352937599696472e-05,-0.000483806436913958,-0.002383053995131322,-0.006248498551093583,-0.011899443911110934,203.0656578362831,211.7318019745154,216.0954283565611,219.45523987217618,223.99317673347977,228.74316768978474,237.52316565076904,251.66296304973343,272.0120176247677,326.2809903869903
hm104/x15y10_ba_hot_f28_p25,hm104,2429,-0.03779238907232409,-0.6780876869213898,-1.0,-0.4630719479864605,-1.0,-0.9878787878787879,0.45241121312038174,0.5475887868796183,-0.00026180816956277597,5.331036086247494,5.243936934956011,4.054911855710299,3.1851192581946774,2.2775993918463233,1.4733833098511322,0.7395862670664071,-0.7216381591913651,-2.7516113091090504,-1.2010941703941673,-0.008095099758535677,-0.0049424986062079615,-0.0025547969296114094,-0.0011409173026031975,-0.0002459430383726216,6.842081969069503e-05,-0.0004765300112714196,-0.002444431952264509,-0.006261441857873978,-0.011437342265711222,205.26620408442102,212.38675852809095,216.05410226229128,219.550985027241,222.73759032180186,228.8577933139168,238.1926806750108,252.08106279819893,272.5516139251303,323.9798651186506
hm104/x15y10_ba_hot_f28_p95,hm104,2429,-0.048371833529672476,-0.9445651393470156,-0.7928768342249378,-1.0,-1.0,-0.9878787878787879,0.43317207705924843,0.5668279229407516,-0.0005768645670877548,6.046818230457131,6.415894542149563,5.457148457595094,4.811789378940395,3.2211366461971283,2.2415114725485026,0.835987204884519,-0.9353383739840975,-3.9417622506053416,-6.530704782209698,-0.009521324500693042,-0.005964265813660414,-0.003307654227870531,-0.0015810804400469677,-0.00032912099623419385,0.00012307953226787017,-0.0004086023952182442,-0.002401406171941758,-0.007090075603681228,-0.017314518345506243,201.07516947692227,208.57642163087112,213.76325498131658,217.69770639277183,221.9510944864592,228.64838061050676,237.58592400741233,251.48147321749275,271.9782980788004,333.9890403052947
hm104/x15y10_ba_hot_f28_trend,hm104,2429,0.005096148547186026,0.5847077705211393,1.0,-0.22704786693547022,-0.22704786693547022,0.09090909090909091,1.740590486052707,1.740590486052707,0.0004069120276851388,-8.86150890867361,0.8248420378317839,3.1201228398394125,4.133003016143421,4.6623904424453055,4.380854004184891,3.7501000564847473,2.230503042101509,0.4732099698685918,2.9347453940123267,0.009376033866192625,0.0010878140377858197,-0.0009208779182215577,-0.0009730431422423283,-0.00040788637082037906,0.0004047335206624122,0.0011236060689047346,0.0009062042465763177,-0.0007659239601994235,-0.00514142382913732,293.0239312054225,257.5652732980033,243.07642891251993,235.04781988382032,230.20280232775897,226.60639426687018,223.31774289906738,223.27118500948748,227.86767915383072,255.9446943552993
hm104/x60y3_ba_cold_f14_mean,hm104,2429,0.01422638085495702,-0.26901402710536626,-0.7475012788285942,1.0,-0.7475012788285942,0.45454545454545453,0.32989189428604965,0.32989189428604965,-0.0002498163073674532,16.188771502967345,-1.814717336549319,-0.5185723646732147,0.3953384236105928,0.7866300636934265,1.4427292817829267,2.5213837473685996,4.3259424058435165,5.01298887504514,8.555773078651638,-0.0010962095968389165,0.00319361094861004,0.0017353309906975108,0.0007499914440498173,0.0001928563174191054,-0.00012098363918086593,2.395604444322802e-05,0.0008996260842039621,0.002188457648938197,0.0067095609199823965,300.48680508946984,246.29171386806968,245.6685277350692,244.96163379915407,242.50734220623775,240.838902324477,237.7031919965085,234.0191750145157,227.9408159541205,214.39948636875698
hm104/x60y3_ba_hot_f05_corr_f33,hm104,2429,-0.020103589925969428,-1.0,-1.0,-1.0000000000000002,-1.0000000000000002,-1.0,0.5209549631928825,0.47904503680711746,-0.00015334658510155461,7.416829688400088,5.764385547466579,4.414113012429232,3.9521782714960674,2.832928478346359,1.6768888992072675,0.3092435272654289,-1.0774411969436053,-3.2857789612221606,-4.263138139878858,-0.005709398702201004,-0.0029205053340470286,-0.001260187124443896,-0.0004499306955334574,-5.31564291055037e-05,-6.087179781630309e-05,-0.000606242333226656,-0.0016822405666027658,-0.003382456361993369,-0.0038252539958979212,235.2482023150094,231.19256377932635,234.9623345144573,239.064917306667,241.86093145822844,244.64001353922828,247.0498598201598,250.9514421299812,251.9376564897266,247.04025352401317
hm104/x60y3_ba_hot_f28_p95,hm104,2429,-0.04600466533987663,-0.8835163807006846,-0.5806727298064004,-1.0,-1.0,-0.9636363636363636,0.434455985929919,0.565544014070081,-0.0005432551951523489,5.230538967285832,5.9349616082124275,5.5134797871863865,4.397079637011547,3.2796092428468273,2.502756759004054,0.628208819584283,-0.6472181923707367,-3.502563042250751,-5.455408910000673,-0.009042813894198264,-0.005643064333677612,-0.00329774760001173,-0.0014462367017211103,-0.0003211192365819007,0.00012140591109789358,-0.0004933978911360581,-0.0022719646768831936,-0.006792922349071872,-0.016273549372540462,201.6269765676048,209.46476940859282,215.0300097788455,219.0908703951338,223.11764372246708,230.2263660469215,237.94394567755714,251.18473757333888,271.2315600170129,330.49579372330953
hm104/x60y3_buy_hot_f12_mean,hm104,2429,0.027496939351535122,0.9999999999999999,1.0,1.0000000000000002,1.0,1.0,0.46276908668056094,0.46276908668056094,0.00017546789803009032,-6.887102298775904,-4.777716461030694,-2.4108380102957643,-0.08200580590292283,1.5778919585263327,3.206540342591449,5.035595654320843,7.0746522146159,8.963095271147056,9.966714585683716,0.005372488665634374,0.004159307464798978,0.0021828536971659003,0.0008056502662608536,0.0001232322974474061,4.275854366223533e-06,0.00041958038325826233,0.0018056427465000292,0.004171426978683704,0.008277013099389236,253.35229749096965,259.3778674894698,255.6011280772867,251.87801554781893,246.00594985948527,242.1333578691716,236.44655551433672,229.52998371149408,220.02500971126472,209.57408526945932
hm104/x60y3_buy_hot_f28_curvature,hm104,2429,-0.03192892521586871,-0.9339028123884251,-0.49541266921021365,-1.0,-1.0,-0.9636363636363636,0.4055640248791766,0.5944359751208235,-0.00036707612497193117,5.931627585818965,5.707627716191357,6.2067647534162775,5.3307336207801805,4.951504634550126,2.8984202499631873,1.4500431197860701,0.1895604054301404,-2.845224546018469,-8.173223155211598,-0.004843489145039504,-0.0038021467490424762,-0.0026047643882325597,-0.0012277452337723974,-0.0003222050338463527,0.00011743778159058886,-0.000272263133884555,-0.0015932989000308842,-0.004808632281905097,-0.012204742006733575,221.40008795601875,218.9336824514284,222.1027734388889,225.43866142160013,230.95680210144687,234.15462662595445,240.54809857452102,250.61364433892066,265.4862855972969,297.4902519842996
hm105/x15y10_ba_cold_f04_corr_f09,hm105,2429,-0.00021092375780006279,-0.7811674598908864,-0.8598815652287964,-0.6895135000703674,-0.8598815652287964,-0.01818181818181818,-1.6565256204659855,2.656525620465988,-0.0007849233810838923,26.448166378884494,-0.9381418656418214,-0.05521692802569085,0.4088724081765618,1.1250683500649394,2.066033327555654,2.6544620785834425,3.153580572033504,2.1140201098933775,-2.76431199954717,-0.0049561686537755315,0.0021710305545787306,0.0011420350120961687,0.0005832921316382708,0.00010896587335489433,-2.3532434507389623e-05,0.00017943238566659316,0.0008943928497380794,0.0007550970036127961,-0.00028054509911879503,301.85251106361744,243.6520951831041,244.29838206490714,243.9165977924439,243.38873628267885,241.86571941402588,238.53873566646647,232.51343195793504,231.19199796157773,233.5804264349101
hm105/x15y10_ba_cold_f11_corr_f28,hm105,2429,-0.027776924625206107,-0.07435807572559149,1.0,-0.1499169089495916,-0.1499169089495916,-0.6606060606060606,0.32603862817246665,0.6739613718275334,-0.00023529422460371322,3.706179536398209,4.311013644237443,4.481165040917708,4.701939696689643,5.387593047196025,4.137010235639218,3.3487218442287774,2.1288406756559506,-0.8003452266773201,2.8496249236482547,-0.0013526381054537544,-0.0032365929605879585,-0.0024643848075802796,-0.001469701822988244,-0.00045631769683527034,0.00026707793535211814,0.0001724940935082743,-0.0011430177499513728,-0.005199270081653286,-0.012659279204412618,225.5499724060769,210.4398177029971,211.3251608536181,213.8072362627065,221.21299627834998,227.14144316684616,237.22029328011646,252.13461502511785,277.27408798378684,351.547349089932
hm105/x15y10_ba_cold_f12_corr_f35,hm105,2429,0.00194462658254493,0.8442599870089229,0.8042408306493922,0.886725269690059,0.8042408306493922,0.3212121212121212,0.04517327651555036,0.04517327651555036,0.0007136033201286894,-2.6113103879790303,-0.6987187144032079,2.9409121462018626,2.6060643964764134,2.3384989578528463,1.846634283787266,1.0331299109179262,0.563827056343855,0.30826663167423374,25.931608354701954,0.0008427246054925766,0.00029939191155992664,-0.0008580787499098817,-0.00019542607939076464,-3.3002333521653444e-05,-4.0630671476727244e-05,-0.00039753279883363696,-0.0009736744455906124,-0.0016780150525073161,0.004265266876594326,225.00674681182718,231.42750183789084,234.0334816773933,237.28862313078156,240.33921140398047,241.5173658283514,243.4017085098099,245.57047131947726,248.26868642460553,309.57836968430604
hm105/x15y10_ba_cold_f13_corr_f20,hm105,2429,0.03951340523900842,1.0,1.0000000000000002,1.0,1.0,1.0,0.48265650110323094,0.48265650110323094,0.0003557015727551987,-2.3411455610818717,-2.0501755212621706,-0.9146190158990976,0.4253996820065962,2.594349988706318,5.823043015351736,6.471244312430948,6.910219136857197,8.059833383028502,9.283874014850687,0.010142067892336468,0.005135493160097972,0.002374667907730902,0.0010281622236438534,0.00021932905898172338,3.590288731096519e-05,0.0008608375509987968,0.0026633153187292334,0.005947520774051614,0.010750406892371653,314.3532979974662,272.7889054247801,259.2546919942112,254.84620413255658,254.51926973291214,247.1800087164134,232.37301396867198,215.5881699324353,200.34501590636913,183.47245367219486
hm105/x15y10_ba_cold_f22_corr_f24,hm105,2429,0.02780570918917309,0.9827698990607786,1.0,0.9742902206041495,0.9742902206041495,0.9878787878787879,0.48914898545815705,0.48914898545815705,0.0012790716062611905,-13.445969235495042,-1.389979705521093,-0.06983775818612792,0.5946521754122122,1.653616891151057,2.3307034938720195,2.8701233367323984,4.306404695606682,3.894314569809032,33.5635953355644,0.008834294373767345,0.0024694803373230675,0.0011562323646303824,0.00045592084624227586,5.954993933451372e-05,2.5056821977908463e-05,0.00039291141623858675,0.001293589254718044,0.0015140862155493522,0.010325516013130441,261.4807024897862,243.9207721716095,242.0434707198153,240.38544741026405,239.0243854602798,237.2768991698909,232.10269982075351,229.67958317182774,228.3338035260716,294.7529395188457
hm105/x15y10_ba_cold_f22_std,hm105,2429,0.02230482974226602,0.7021967508703617,-0.6851810971848256,1.0,-0.6851810971848256,0.5878787878787879,0.3427897964412368,0.3427897964412368,0.000327663000974439,2.8642279113049587,-0.3428585497000569,0.16485615835932768,0.4222798620025954,-0.46631146698937753,0.5835220138608527,1.3869742783468357,2.3967514041148,5.084209562737548,22.178803189802583,0.0029786767640974463,0.002746865688902076,0.000881062946147164,0.0005310201984007989,0.0003959229160549764,-0.0002838606104872844,-0.0003050521548615335,0.000830081494204492,0.0036189479295569036,0.010583501569276546,266.5196901816911,245.90849155137252,235.6147746500969,245.05013337181566,258.9327371500092,250.6522104179565,237.82146962526855,223.43127807040625,212.43661659632147,272.8085852191836
hm105/x15y10_ba_hot_f28_mean,hm105,2429,-0.04341324085167536,-0.6739824615473885,-0.09261884137723675,-0.8737471931414406,-0.8737471931414406,-0.9151515151515152,0.45875906570872926,0.5412409342912707,-0.00041203410247747245,3.39796217567126,4.5849430499428045,4.367495638671037,4.024019501440933,3.1556454992288403,1.8723188518925908,0.8141989606157497,-0.5193658710533088,-3.2988518850438315,-2.9504191708159913,-0.009100838027158295,-0.00565557514220196,-0.003247835195353262,-0.001448826304249829,-0.00027411876364657816,3.2347691882957953e-06,-0.000756562755123611,-0.0028720097307627997,-0.006984097222184096,-0.012664578377705751,198.4534252559471,202.63100230630843,208.95416136153543,215.24356376248812,222.8295908588267,232.41744885473548,243.6043130490463,258.38423631264044,277.4077642411832,325.0454381214563
hm105/x15y10_ba_hot_f28_p75,hm105,2429,-0.04373081482311804,-0.6634536606374757,0.007975161583934595,-1.0,-1.0,-0.8787878787878788,0.44368408904353607,0.5563159109564639,-0.0004016590995998702,3.016297428225991,4.786953836394797,4.6026920729409,4.036068279329124,3.0443165134236563,2.4194945438213855,1.2610083867759616,-0.8903511510390592,-2.8714046772155086,-3.964901523193129,-0.00865768334290777,-0.005591287933021761,-0.0032592604050817172,-0.0014385174848758685,-0.00027770782032755694,7.892135271882508e-05,-0.0005136756158388073,-0.0026896526190559994,-0.006650452288914597,-0.014329839566212909,199.2977226689569,204.14160767740296,210.55193917800457,216.57959364005808,223.6567005300344,231.86283702853834,241.3490679092096,255.49721684262664,275.02169638640004,328.06363954410824
hm105/x15y10_ba_hot_f28_p95,hm105,2429,-0.04706710079350697,-0.8056894450074159,-0.131619921453499,-1.0000000000000002,-1.0000000000000002,-0.9272727272727272,0.4302778563776654,0.5697221436223345,-0.0005977744292566065,4.022944021838404,5.359687066308961,4.88455585834629,4.2786168523463814,3.617725111678192,2.405114774119476,1.2849251823177938,-0.40169719997640785,-2.9545179267534483,-7.062400895817878,-0.00898564177215112,-0.005839579879938801,-0.0033314572352677596,-0.0015019356200054966,-0.00033610762796060467,0.00012383556258713872,-0.0003810281599744635,-0.0023635093960875956,-0.006670549094779129,-0.017183353140672535,200.78787272950305,207.04798318959539,212.49439009183988,218.21008881686595,223.9178906391067,230.80151152479334,239.96796638279693,253.8878641921066,272.4264320906859,328.3306151096088
hm105/x15y10_ba_hot_f28_trend,hm105,2428,0.0005950112560033261,0.5795865012258185,1.0,-0.03171234255025127,-0.03171234255025127,0.4303030303030303,10.293356597188824,10.293356597188824,0.00018601640177563154,-6.749492532135657,0.08237735307427169,1.7335938219103977,3.024246901330511,4.438307949579625,3.6414063625362716,2.7834774168633873,1.9041715399979997,0.7345075809942267,3.462704284219942,0.005199502101619746,0.0005601401425025034,-0.0004740644410152209,-0.0007227643152579698,-0.00035288360686807794,0.00032197641689495543,0.0005963869162820981,0.00018914513065771367,-0.0013812702777194828,-0.003527173212868566,267.5947557809985,252.34744869399725,242.225975741639,236.14650731137817,236.28337959630764,231.50645654133777,230.70998734726138,233.71020391521378,238.02300877041765,255.51476591051875
hm105/x15y10_buy_cold_f22_corr_f28,hm105,2429,-0.01359422746385883,0.709715631187667,0.9739105047866928,0.5719702816919,0.5719702816919,0.2727272727272727,0.21409470856723115,0.785905291432769,0.00042890916884176034,-9.603571142180183,1.1315583971829204,3.394564622191206,4.4141387099399525,4.228864365838959,3.332385332024816,2.573536441213953,1.6192937138995838,-0.11625451394582886,12.54912622539382,0.0030807171244771835,-0.0020530982168385256,-0.0021398632115483592,-0.0014939999980225589,-0.0003960350486442441,0.0002493831447587442,4.8825604147391004e-05,-0.001411207340776384,-0.00494002159841185,-0.004967837091842027,238.90325012703806,228.75854108460103,225.41405143490712,224.38335330948883,224.7586867807889,227.08870391512588,233.7953389221498,243.03471625480404,256.342179029415,300.1311933824135
hm105/x15y10_buy_cold_f23_corr_f28,hm105,2429,-0.008339975222940287,-0.7603201023930273,0.5879928731767754,-1.0,-1.0,-0.6727272727272727,0.017000328345746652,0.9829996716542531,-0.00022129810403921882,3.326453484955786,3.1533565633316925,3.9930603619335554,3.8784526497639704,4.147644494708391,3.719078758362335,2.913673818323794,1.8459510728118889,0.22345437710873575,-3.7088937232346475,0.0020914869707179466,-0.00021256701728466912,-0.0009848723640816324,-0.0007362397159268179,-0.00029582805017924595,0.0002593577596607053,0.0005814732507062267,0.0003654952301682752,-0.0013213483858227396,-0.007865634796859134,268.8320358989349,244.45480564767786,237.09962239549392,232.05383992827734,230.68183260667575,230.93654451026484,231.0606442781396,233.57874599845277,239.68721436779322,263.39545549011007
hm105/x15y10_buy_cold_f28_autocorr1_abs,hm105,2429,-0.06463748967635208,-1.0,-1.0,-0.9999999999999999,-1.0,-1.0,0.444381133718406,0.5556188662815941,-0.000736795878930998,9.776712433481999,8.803500130948757,8.252856234631619,7.4189797313172186,6.066558082780223,4.225083705593404,2.134359964981668,-1.8646375116765823,-7.587948676149092,-13.749247041140855,-0.012823518208109643,-0.008287897469361212,-0.004753866054840582,-0.002107609881705019,-0.0004233711410743101,0.00011928634991503092,-0.0007909552585359142,-0.0039733429295711106,-0.010110408524643939,-0.020749010679494553,175.92926276221297,184.76667970326966,194.8532001902139,205.16277955089575,216.51676369987004,229.40736463070283,246.08625053917908,266.9713890469841,294.3004224058753,348.8440826949881
hm105/x15y10_buy_cold_f28_corr_f31,hm105,2429,-0.019528582347591993,-0.6285357947729776,1.0,-1.0000000000000002,-1.0000000000000002,-0.5393939393939394,0.21716912499607963,0.7828308750039203,-0.00024571919753952736,2.3505222942523387,3.4619291163936268,4.085795866819836,4.242106342397188,4.275469531404803,4.089261338900411,3.4272589699322116,2.0045148761890297,-0.28023650021032814,-4.16368943637853,0.0015049881774550627,-0.001867758635874221,-0.0020397485316922277,-0.001364140359657829,-0.00042098316794683357,0.0003401373680223559,0.0005653072159680293,-0.00031084869850868017,-0.003380558654733901,-0.012309257863084256,236.55142174844963,217.3388464483642,214.31598683867685,214.6797681226904,217.862284641843,224.85438783228327,232.7882975396577,245.24640448884742,266.9341593630902,321.6457907464512
hm105/x15y10_buy_hot_f38_std,hm105,2428,0.02668150224861339,0.7642848282720031,0.5440824894729572,1.0,0.5440824894729572,0.9878787878787879,0.46698480391261143,0.46698480391261143,0.00023253197308578406,-2.14561229924192,-3.7123248018772435,-1.8044256931215081,0.12144674987905456,1.5937520332963555,2.300080519554461,3.936319960435799,5.279803475467152,6.477473142104766,8.014230932317155,0.005581056934608623,0.0038689329824319637,0.0020573676683858164,0.0007342313213102921,0.00010967829107103173,3.6390076707808474e-06,0.0004552742989672311,0.0016541500787660478,0.003848381675302616,0.008136258017013162,282.81055223324825,255.37119200836855,251.56918551159788,247.32976122425111,243.32043681843427,239.03696913195793,234.08636428792255,227.7190811502514,218.05496013100895,204.3002421101383
hm105/x60y3_ba_cold_f00_corr_f09,hm105,2429,0.02717751756491591,-0.0369692772912855,-0.3162775750063922,1.0,-0.3162775750063922,0.45454545454545453,0.470611306873572,0.470611306873572,-0.000173537959222795,9.415625642240693,-5.624162793345862,-1.708174586377488,0.09500485580792681,2.1880500831973864,3.3021545394980234,4.34617607674227,5.606391739752692,6.693010845970209,8.34325036313918,0.004029106955831502,0.005408110609133681,0.00243551773249941,0.0008969627953792506,0.00010201789174270635,5.5773185644657276e-05,0.0006765856318574593,0.0019410069148817185,0.004057516397740017,0.007748457409428313,345.2481622149534,264.41962764958026,250.7406203361724,241.73527154217098,235.3550769575937,229.0824353744385,222.82977948208338,217.45120859948287,210.9571635273765,200.2147123384163
hm105/x60y3_ba_cold_f00_corr_f12,hm105,2429,0.02835795060034126,-0.19030085368724373,-0.44404739132940546,1.0,-0.44404739132940546,0.45454545454545453,0.47918080756154674,0.47918080756154674,-0.0003366860416852286,14.330198931051958,-6.382188817317376,-2.2570293736505898,0.4595501420841401,1.591999612815698,2.7452297422884357,3.97952626089605,4.6920592893525095,5.784116686534983,7.707360581896983,0.003926977161991233,0.00635705939125364,0.002580401697621366,0.0007895248231529387,9.595608479219296e-05,7.114759466231314e-05,0.0008118676227545775,0.0020583303968598745,0.0042307224974086274,0.00777264937152966,346.2846887638555,268.08738008866686,252.04561153575358,242.931264035875,234.91914199740307,228.58739545866635,221.89551293293567,215.56587403973194,209.16275766594592,200.93127427637546
hm105/x60y3_ba_cold_f02_corr_f08,hm105,2429,-0.0319180221870445,-0.05698412423573265,-1.0,0.23928052481547996,-1.0,-0.5636363636363636,0.5054549193539725,0.49454508064602754,2.630462429963091e-05,8.3880142162261,6.821864014659622,5.753064040373121,5.278978989739165,3.583939570820271,2.142365732629707,0.8738557455406976,-1.658845552038467,-5.419191565558079,6.899266161118998,-0.008228334570707407,-0.004571145050385531,-0.002311103107818814,-0.0009386562911678141,-9.717811216532817e-05,-9.426998754976057e-05,-0.0007923602834661467,-0.0026308588342363382,-0.006059932973758722,-0.00622048760008828,196.39099967580654,206.0913267838791,212.9286257887131,220.0078773888816,226.46693367061226,232.98760191633474,242.13896471617116,252.8625234594867,269.65057974709396,353.2228218101595
hm105/x60y3_ba_cold_f02_corr_f12,hm105,2429,-0.029344381637185755,0.17857705541083324,-1.0,0.4011494824692681,-1.0,-0.45454545454545453,0.5041171336832466,0.4958828663167532,0.00026482719311047523,6.845975128458399,6.165082745819199,5.411800088567193,4.410632927154115,3.2609846333673977,1.8693382073434461,0.295584145456935,-2.006310256652234,-6.0212796520220815,12.440648335617011,-0.007248830085018051,-0.004311440333378456,-0.0023621388139797744,-0.0008812207130306301,-0.00012287954075067061,-7.30905646782609e-05,-0.000834356000917603,-0.0025942210634204476,-0.006295521565186036,-0.00488551014993624,199.24499703686104,207.99367730634344,214.3568423575626,221.06312155497292,227.6582707940895,234.89407819881006,242.4945035969475,253.1273063936934,270.4631150078923,348.03007471445505
hm105/x60y3_ba_cold_f08_p25,hm105,2429,0.014054936973642084,-0.5130213504741553,-0.6332082542343275,-0.3560627274089119,-0.6332082542343275,0.01818181818181818,0.5068806076476128,0.5068806076476128,-0.0004910993417779493,15.342884660827192,-1.5613210446706784,-0.1147962786856441,0.8678110539575563,2.235085877365367,2.6134021310639204,3.632441744688192,4.813922775681658,6.542746204943185,-1.7320303432632673,0.001785366158023058,0.0035768789190692633,0.0014906753588546887,0.0005077113866998452,1.2471903777483204e-05,6.932139466645384e-05,0.0004874812950098483,0.0013951643828669523,0.003124701425522194,0.0020962640909302247,310.1763263349288,256.83571674858166,248.30486740575034,242.37102144256693,237.5929936075895,233.1003383422885,230.4613045887521,227.76304413435335,223.7849980747815,230.77436221590577
hm105/x60y3_ba_cold_f09_p25,hm105,2428,0.015913868080455425,-0.5047372911808696,-0.6464557664068608,-0.3375686146639297,-0.6464557664068608,0.2,0.46992802642486564,0.46992802642486564,-0.0007048056539408063,18.571444012985378,-3.2824010165799993,-1.7709560562387383,-0.045627726626120364,1.4102855709876714,2.859335570384375,3.8311982909698936,5.007415037081718,5.993188283231938,-0.33462637723696753,0.0008746082863595131,0.0041133295057610405,0.002013644557464751,0.0007175926907524759,9.04055094657803e-05,7.581868524902335e-05,0.0006007908603210259,0.0015656713853958659,0.0031425126423808556,0.003424299611245874,317.5786832518934,255.1690135247575,247.55504138638656,242.5545567592579,238.58647796032201,234.0300376133118,229.34225318363633,226.25802225286705,220.00738739070957,227.806824502754
hm105/x60y3_ba_cold_f10_corr_f12,hm105,2429,0.02819871178789064,-0.1943311695022622,-0.4455624568520275,1.0,-0.4455624568520275,0.45454545454545453,0.47702415128057657,0.47702415128057657,-0.00037112404906886325,14.481346847315796,-6.464407844251871,-2.288900293268927,0.41319861230559324,1.5692213604402188,2.5519240852245253,4.087907570398725,4.5455801874002875,6.089851298318483,7.665125167333709,0.0037702339145617055,0.006355845399937975,0.002592184552017368,0.0008220953481301133,8.814247770383792e-05,5.424791045047733e-05,0.0008315055766781672,0.002007693169795237,0.004334747327528304,0.007713140160156297,345.4027496719358,267.89585088242126,251.93461388757652,243.07930084967498,234.6680777718119,229.0904116128012,221.98153246035216,215.85781175663217,209.73433681827913,201.2049690508702
hm105/x60y3_ba_cold_f12_corr_f15,hm105,2429,0.02639767154024368,0.27344458063910665,-0.3792784676150662,1.0,-0.3792784676150662,0.6606060606060606,0.48960383306763255,0.48960383306763255,0.00024103848782574568,4.661665851931742,-0.6312423625880217,0.05159853050220844,1.260901028068955,1.75074370826712,2.787949935840402,4.02968925050867,4.647386132287653,5.460265865955357,8.6457172498382,0.006036898788544902,0.00407354539910305,0.0020282241049474595,0.0005807542253346801,8.696528467728437e-05,5.1279459907283645e-05,0.0006535692526051175,0.0017211167011831868,0.003564076104447437,0.007360203731667586,303.4041592110407,265.2866552535283,254.41901260305562,248.00780056686872,242.23835689550975,237.7696414827721,232.29352088255783,227.07039966006428,219.70647251027026,215.12161438080415
hm105/x60y3_ba_cold_f21_corr_f28,hm105,2429,-0.0061856501345260665,0.8870486634133742,1.0000000000000002,0.8434293725055616,0.8434293725055616,0.4303030303030303,0.059602964557092054,0.940397035442908,0.0006940990310975319,-9.522868944688279,0.6048063897492817,2.9780992889443887,3.4652016763987166,3.9713501154802087,3.6185928220510633,2.9516112652616027,2.333299067368895,2.0777722738914344,20.219066727977175,0.0041296414687743786,-0.0014390088118676257,-0.0017493893710033568,-0.001039011019411047,-0.00031228571217269596,0.00018218993379326342,2.0026878026682384e-05,-0.001087606598031575,-0.0033742688230030357,-0.002210037110728583,247.1745488093683,229.34057701160074,227.15862170805846,226.89927813434988,229.14769586210593,232.34548904825698,237.2008330418674,243.55514968202147,255.11600646252435,316.76224384783353
hm105/x60y3_ba_cold_f22_corr_f28,hm105,2429,-0.01063007420495884,0.8091962340799582,0.9897661895040055,0.7909748110645417,0.7909748110645417,0.2727272727272727,0.23285519149189998,0.7671448085081001,0.0006897222529428509,-9.835182349571006,1.4386262390704245,3.3758391139909603,4.316260720397254,4.243476698140342,3.0599979291467374,2.4013850093976625,1.4804659126469575,0.6090035087198891,21.609674726386572,0.0031095562283691563,-0.001997008486248239,-0.0021036763926121473,-0.001301775428517457,-0.0003429692928453421,0.00016898195987680915,-0.00011241275600236346,-0.0016893808371879141,-0.004693876933370696,-0.002357234519363495,242.54568322050918,230.06166191809527,226.61253134053712,227.2098095293778,228.20791211047097,230.6406806627456,236.30587401569838,244.38517225278176,256.07244696723734,318.4095144859001
hm105/x60y3_ba_cold_f25_p95,hm105,2429,0.00031007084002316444,-0.831347480332615,-0.8502418604709057,-0.7790640945148684,-0.8502418604709057,-0.006060606060606061,-0.5489356187579214,-0.5489356187579214,-0.0007748281262136599,24.966344430328718,-0.2367361962061725,0.36299082642630626,0.11242126297270919,1.5729066796517546,1.7211528231224533,1.857536487142015,2.245920170981406,2.004403798885975,-1.9797159676972131,-0.003938917616363163,0.0019623789389633774,0.0008555453731402232,0.0004588685297846852,6.658508915383118e-05,-2.0545763719959138e-05,1.945957816053814e-05,0.0003910989893977255,0.0008222399993315545,0.0004681858483880211,309.3443048612905,246.5529707231966,241.6061967939486,238.67811513854022,239.55042230972978,238.36869898497116,237.17843102507993,234.38083305072487,232.2490400415245,232.87905622034634
hm105/x60y3_ba_cold_f27_corr_f28,hm105,2429,0.013827677923269055,0.9627252217530221,0.9999999999999998,0.9287608583146937,0.9287608583146937,0.9878787878787879,0.6339544212289359,0.6339544212289359,0.0002544250961142199,0.002745125381614449,1.0778329235257889,2.087144410996553,2.818203729539992,2.9074360103507577,3.7802494938638564,4.135673251033821,3.9880056406910174,4.243222716253228,7.6306017940951865,0.006292670158869189,0.0019628934243231017,0.0005313008756854977,-0.00010757441761243591,-7.446640103240016e-05,0.00015908353882336117,0.0006677207923561628,0.0010625407184733826,0.0012584223436827708,0.0018206617935861936,282.75042423204724,255.3284121526872,246.50587520643893,240.52642100700305,237.89137160869365,236.49031341757026,233.9444470659678,234.2742592404453,236.71611106306327,252.26734648363657
hm105/x60y3_ba_cold_f28_autocorr1,hm105,2429,-0.06614260618487841,-0.9999999999999998,-1.0,-1.0,-1.0,-1.0,0.43909702309637105,0.560902976903629,-0.0005599821246256285,10.8580160770208,9.252745854575387,8.619152956952979,7.872696489957308,6.451213444077596,4.947446731928947,2.7668469142129903,-0.7979784596558518,-7.262251673676027,-10.06790697316861,-0.012583928892580296,-0.008513386887320297,-0.004941631838495347,-0.002294657874169103,-0.00046352949914048606,0.0001400840979721676,-0.0008109115430760185,-0.0039037931902784332,-0.010856926446919827,-0.021353941986245357,187.32838794915594,184.31178671850623,193.52993956885763,203.2554823660464,213.73431976518347,227.41734503493035,244.85320588993432,266.437542348915,298.5792522948861,373.50990312070303
hm105/x60y3_ba_cold_f28_autocorr1_abs,hm105,2429,-0.06614260618487841,-0.9999999999999998,-1.0,-1.0,-1.0,-1.0,0.43909702309637105,0.560902976903629,-0.0005599821246256285,10.8580160770208,9.252745854575387,8.619152956952979,7.872696489957308,6.451213444077596,4.947446731928947,2.7668469142129903,-0.7979784596558518,-7.262251673676027,-10.06790697316861,-0.012583928892580296,-0.008513386887320297,-0.004941631838495347,-0.002294657874169103,-0.00046352949914048606,0.0001400840979721676,-0.0008109115430760185,-0.0039037931902784332,-0.010856926446919827,-0.021353941986245357,187.32838794915594,184.31178671850623,193.52993956885763,203.2554823660464,213.73431976518347,227.41734503493035,244.85320588993432,266.437542348915,298.5792522948861,373.50990312070303
hm105/x60y3_buy_cold_f01_corr_f28,hm105,2429,-0.03579899011816015,-1.0,-1.0,-1.0,-1.0,-1.0,0.44145139018628515,0.5585486098137149,-0.0004898164723972973,8.841086970350865,5.548607491492358,5.045660887030138,4.275943071899304,3.9381599183653178,3.261793029237811,1.7575927168301335,0.5392018018958566,-2.1284112094069014,-7.597044714502684,-0.007665222387817267,-0.004181651163671714,-0.002451661911705055,-0.0010726493961355707,-0.00021609893292135835,8.731724655223158e-05,-0.0003975147308195709,-0.0017334182358595745,-0.004992501440226177,-0.012685772693158827,212.72767464926596,209.03469710183177,214.41984616623682,220.13178320950993,226.43787895357562,233.21758128578946,242.52400477028382,253.75477361709434,271.56385595850367,316.5609331253176
hm105/x60y3_buy_cold_f04_corr_f28,hm105,2429,-0.027947349988724737,-1.0000000000000002,-1.0,-1.0,-1.0,-1.0,0.4723493513661609,0.5276506486338391,-0.00035815928693127777,8.61861197143319,5.3505837338235285,4.754656673021032,3.601342642916003,3.0115802806552696,2.382499242926685,1.274805849603173,0.7065012853482452,-1.4135543028317594,-4.798971070399976,-0.006840300286415085,-0.003502829014019206,-0.0018684880124564159,-0.0007015728365756622,-0.0001185461832430689,-1.4955377097626656e-05,-0.0004983239480781142,-0.0014060415169091965,-0.0038220780412712503,-0.008816055485727791,225.58780069991977,221.28242066805612,225.38814805557118,228.8479200810478,233.62079568436587,238.12177526930785,243.3978496738922,250.57368931489785,260.66783566504716,286.17730477960185
hm105/x60y3_buy_cold_f05_corr_f20,hm105,2429,0.00235090628810037,0.6290688223863122,-0.20616377732585625,1.0,-0.20616377732585625,0.8181818181818182,0.1940745179405492,0.1940745179405492,9.426662504606092e-05,1.883746557979679,0.28461088201176526,0.43150113438917376,1.2097714606453875,1.3370814075056494,1.6038864395912094,2.2089607412778256,3.185412188608983,4.054276916193725,7.307752180741081,-0.0005430079841218887,0.0004075387240416066,0.00041558291504746977,0.00012740901692349745,3.043358288210441e-05,-4.980451164245036e-05,-7.9796091487087e-05,3.5268668296879535e-05,0.00033855259278321715,0.001574462750330966,234.0964962619012,230.5482087215558,233.7797321200283,237.24136299059833,239.38163902712196,242.0676024657401,244.94311727971845,247.55599941170277,249.26100584231716,261.10069273004495
hm105/x60y3_buy_cold_f08_lz_complexity,hm105,2429,0.019926466060596115,1.0,0.9999999999999998,1.0000000000000002,0.9999999999999998,1.0,0.43027914417139723,0.43027914417139723,0.00039173375861957077,-1.6030261483475703,-0.3367048401269747,0.025772423761076208,0.7773853014477252,1.2323233755346121,1.4029941446952712,1.908060233130696,3.007110267791222,3.6832814012455386,13.418655388726435,0.004214832020670367,0.0022523273719049896,0.001287650519348773,0.0005238424898654706,0.0001267354947222246,-6.581337867851571e-05,4.2251601612750495e-05,0.0009007759290349905,0.0025822845229674504,0.007669845730528062,254.14065402211025,249.17213101367523,247.34746419041275,244.5974304815268,242.96933008020594,240.1516886736048,236.73574927581993,230.63485629968324,222.160657012188,253.13335669719393
hm105/x60y3_buy_cold_f13_corr_f22,hm105,2429,0.04149890194660868,1.0,0.9999999999999998,1.0,0.9999999999999998,1.0,0.4997544287546475,0.4997544287546475,0.00039840318533151535,-3.9209975111100497,-3.466313257888741,-1.85736890561938,0.0019774600117096843,2.132208123373418,4.217141464025992,5.331710032340631,6.1902215666944995,6.66848079074664,8.215280264565598,0.010162681889986227,0.006020760377594601,0.003049170477098,0.0011742869593670303,0.00013325657592727673,0.00014268600126684467,0.0011384625243833545,0.0030872132352557902,0.005904094811179222,0.010287885909218754,312.5161670246391,279.5095774075121,264.29172759233967,253.38950741905987,241.46422458169667,229.7080725260461,218.43625248873474,207.10961885469058,194.6200539107631,184.9377723836095
hm105/x60y3_buy_cold_f20_corr_f36,hm105,2429,0.02210872300863394,0.8423134030893499,0.6437008330547411,1.0,0.6437008330547411,0.9878787878787879,0.4918115245675805,0.4918115245675805,0.00023566605692736505,-0.8706835687707761,-1.6831254997355634,-0.05078735732276164,1.1823105019590459,2.0648806777265163,2.403352830670522,3.4309233537788306,4.27357669554868,4.949479697186497,7.808947307798826,0.00546271236027381,0.0032402992406166567,0.0015487490912731309,0.000450889586867288,5.477120734142958e-05,3.928516314827726e-05,0.00046530083861535726,0.001390304049900473,0.0027958903902448044,0.006424855023425326,279.8533982815012,255.2615903446872,249.58717202567377,245.69008511999246,241.0582196749772,236.62296532610873,233.2062477705407,229.5472301020159,225.6054596880937,225.41986636058527
hm105/x60y3_buy_cold_f21_corr_f36,hm105,2429,0.02110210172732722,0.6652604876414309,0.32348786915565664,1.0,0.32348786915565664,0.9636363636363636,0.4719915767178913,0.4719915767178913,0.0001505543778573404,0.09487436967943262,-1.8249996980195096,-0.18679906077249636,0.62178409478634,1.9309270962787448,2.730991904271002,3.3743391961357805,3.909912616816811,5.132064154074151,7.725980416816147,0.004314411255645623,0.003186822486979989,0.0016194081041069198,0.0006769147938535945,9.139722756970724e-05,3.561694750648658e-05,0.0004609693065261638,0.0013201475500788538,0.0030267719784188908,0.00621908769878363,279.0052293337582,254.97847781026297,250.49926822399098,246.48546438008745,242.6249792832577,237.11511877493714,232.74820097430492,228.29408578696086,224.29517404138608,224.9170632212592
hm105/x60y3_buy_cold_f22_corr_f28,hm105,2429,-0.016453877092354262,0.727552111240629,0.9679767089882932,0.5802873556775863,0.5802873556775863,0.3090909090909091,0.2834773251904404,0.7165226748095597,0.00029971681884652086,-6.9863672749598456,0.9044367475253854,3.083801795504035,4.024810356626153,3.8456343815917986,3.4056317843799127,1.964246338704501,1.6128753931408577,0.654888647724813,11.011890411611908,0.0013984703732647277,-0.0021012593602813554,-0.002258951745327736,-0.0014015489475016885,-0.00038597430942801514,0.00023671126415621547,-0.00015330239115285603,-0.0015285539266636314,-0.004970953682339584,-0.00558823118592693,233.84253633560098,228.9715225718429,225.76133601078755,225.35936100925147,225.7080613359395,228.763899312512,236.08794061147654,246.6457960348554,260.75474803619056,292.24263325301484
hm105/x60y3_buy_cold_f22_period_ratio,hm105,2429,-0.007753334356711942,-0.13732069075581363,1.0,-1.0,-1.0,-0.04242424242424243,0.10279816529514596,0.897201834704854,-0.00013820435880102647,0.8053669967677256,1.1936777987258207,2.0710213355897684,3.2970454140135717,3.9595361718698046,5.027331498759558,3.7901023658021895,2.94186734266713,0.9524947567253625,-0.5387317327311588,0.0006327316035816113,-4.501806715292614e-05,-0.0004375169582055991,-0.000646711386724583,-0.00028630658376777496,0.0002918529373777986,0.0003504517067750076,-0.00030821854602302266,-0.0024141337602549364,-0.0047522609435165005,245.3340060699636,240.01388995452274,235.16733535612997,231.78584121090768,229.9973929227628,232.50867852418432,235.43713538015348,242.91189780152004,253.3118733888538,264.3587258438352
hm105/x60y3_buy_cold_f23_corr_f28,hm105,2429,-0.0024571363546657733,-0.2280464108914978,0.9404219370277573,-1.0,-1.0,-0.34545454545454546,-1.5081919464259226,2.5081919464259235,-4.69070704292686e-05,0.5314194899572688,2.7504369974718976,3.6975944581402507,4.445528571586173,4.325351081888901,3.6406343803382244,2.979496276923305,2.3705923363922627,0.5397906937769389,-1.7811509559787728,0.005236473844058689,0.0004304915403978435,-0.0007805771798433418,-0.000914166384096125,-0.0003371334249916579,0.00032975850546496354,0.0008144534089612208,0.0007602498587993177,-0.0007785921108203761,-0.007171187342167037,279.07408873496667,247.77603754658335,239.00309602781198,232.89490211829252,229.0491801589725,227.29342973761538,227.2710825375093,229.97309169978934,235.5953004797407,263.11102495505156
hm105/x60y3_buy_cold_f23_period_diff,hm105,2428,0.008622091702495463,-0.5531891527875701,-0.867151428983456,0.420740801303658,-0.867151428983456,0.40606060606060607,0.17049088293614845,0.17049088293614845,-0.0002207443292143576,12.453008804379662,-0.19114124413550132,0.4807696366560465,0.14667295160921054,0.39816951709668524,0.8399473537774877,1.0418869812229612,1.950720606940144,3.522941236687165,2.429040867742052,-0.0023797896152128336,0.0017104092092871134,0.0012004780918242486,0.0007539324695263397,0.00022259276728092686,-0.00017024046243301123,-0.0003150413357380106,0.0002446373293994605,0.002492853450940578,0.0050830041268350125,283.33100912675405,242.60764096775827,244.4650482029424,244.14669687457348,243.41908786763406,242.1005662398926,239.39674845627277,233.41167105876298,221.81631672374982,215.27287155212017
hm105/x60y3_buy_cold_f28_corr_f33,hm105,2429,0.028002779257366942,0.7041298378976449,0.6439858661984618,0.8635031411140213,0.6439858661984618,0.9636363636363636,0.5136597639192224,0.5136597639192224,0.00010233314534734994,-3.5845921324962013,-5.690422657685325,-2.9935896313939154,1.0445487191351315,4.033785713070219,4.318696878029554,4.151212043452538,6.69807234261989,7.818092153552548,7.716987359329202,0.004785394986589668,0.005706714232663585,0.0031407613128260617,0.0007910119244445068,-9.254589338282838e-05,0.00015549238787519683,0.0005659159742751925,0.002521406305361368,0.004792759145546272,0.005533535735820617,242.43136246103012,254.46007563822755,255.88203750690582,249.1160948007033,240.5033328031221,244.75176435368212,244.92556460403324,230.25919104439836,224.05671890766038,234.86566826991546
hm105/x60y3_buy_cold_f28_lz_complexity,hm105,2429,0.0418803912668479,1.0,1.0,1.0,1.0,1.0,0.5454033537943239,0.5454033537943239,0.0008184227863244298,-12.120236560095085,-2.775454991728226,-0.0830595977937719,1.6761053842224125,3.025676628579434,3.4846637014720065,4.5708087387916,4.905870345312777,5.986754089021512,14.15777927206071,0.015226378595923146,0.0049452204150703255,0.001866871009847198,0.0004114354814622382,-5.4570179628581406e-05,0.00017305695486178474,0.0010492135006014496,0.002549879660640258,0.005305412137660752,0.009589070904084913,300.3371467016999,265.8663024603527,251.55512609872457,241.70880239286183,234.16504120739842,227.28180559812756,219.5060427561711,211.67193213110264,202.24024336604086,244.71276001712405
hm105/x60y3_buy_cold_f28_p25,hm105,2429,-0.042540454154397264,-1.0,-1.0,-0.9999999999999999,-1.0,-1.0,0.45142492522752053,0.5485750747724796,-0.0005107660358723179,7.931696721738903,7.237100223607717,6.082743773677187,5.001220769100104,3.6326794088395653,2.7180961412866558,1.1704012011117813,-0.6893705570331463,-3.5171452624639037,-6.080042204541314,-0.008963679435431558,-0.005403031294691696,-0.002983452422317056,-0.001359884602756504,-0.0002632010610442945,6.921122873157713e-05,-0.0006121195516874508,-0.0026543800591010947,-0.006644434989302224,-0.013214715930924601,198.1890661270732,207.6185239028406,212.05787908756977,216.96807484061372,222.44998837137473,231.14654563752106,241.50982988060767,256.0982601531271,275.3001042815645,322.42882463537086
hm105/x60y3_buy_cold_f28_p95,hm105,2429,-0.044176178540123595,-1.0,-1.0,-1.0,-1.0,-1.0,0.4443626707918434,0.5556373292081567,-0.0005366696713662713,8.011365437070026,7.487380986237055,6.0635188683727685,4.891402334777887,3.803629238752793,2.689169333475946,0.8119255499318696,-0.39915329936118593,-3.576918638378949,-6.295771282203849,-0.009580561464703354,-0.005438992802928626,-0.002837231109471743,-0.0012594767383868153,-0.0002755065974747737,0.00010723127332786357,-0.0004542347012124351,-0.0022163996917784466,-0.0066027934725203805,-0.01508154356360855,199.07924081811115,210.25639183531905,214.6906024237624,219.1960969044208,223.5966023414063,228.81641130902557,236.59094900609134,250.3825092195278,270.056680247091,330.1628896020267
hm105/x60y3_buy_cold_f28_trend,hm105,2429,0.012945011884878878,0.5100004443982116,0.9999999999999999,-1.0,-1.0,0.2727272727272727,1.00870735419879,1.00870735419879,7.859355771151096e-05,-4.6895758191405905,0.6303569318466336,3.1651685084611887,3.904296586606773,4.269435476305857,4.399807284297967,4.388562770691189,3.7453529321452543,2.245141483447157,1.4502759130311917,0.011688570090075364,0.0027786394064643937,-0.00023366047722048986,-0.0008345031834959368,-0.0004205950470115249,0.00047906709476857185,0.0014237321658081429,0.0021412418968339915,0.0009686806952808903,-0.00512475431433605,317.0519662529451,262.34465427656033,243.16052273034728,231.28242030973158,223.8334480156527,218.4354289094686,216.27975506692223,216.18156363276069,221.02736495035268,250.21092258562499
